forces,time,time_sim,timesteps,cps_paths_x,displacement,velocity,acceleration
-0.0,0.0,0.0,0.25,0.0,0.0,-0.0
-0.0,0.25,0.0078125,0.1,0.0,0.0,-0.0
-0.0,0.35,0.0109375,0.1,0.0,0.0,-0.0
-0.0,0.45,0.0140625,0.1,0.0,0.0,-0.0
-0.0,0.55,0.0171875,0.1,0.0,0.0,-0.0
-0.0,0.65000004,0.020312501,0.1,0.0,0.0,-0.0
-0.0,0.75000006,0.023437502,0.1,0.0,0.0,-0.0
-0.0,0.8500001,0.026562503,0.1,0.0,0.0,-0.0
-0.0,0.9500001,0.029687503,0.1,0.0,0.0,-0.0
-484.51229417378545,1.0500001,0.032812502,0.1,-0.0038080819754192407,-0.07616163837348797,-0.7616163723859114
-485.6648470996897,1.1500001,0.035937503,0.1,-0.01524138652841488,-0.15250444927903462,-0.7634280976795014
7.4263177385636965,1.2500001,0.039062504,0.1,-0.03043346365645253,-0.15133708875412658,0.011673605075130095
1.7664912158672337,1.3500001,0.042187504,0.1,-0.045553288809661474,-0.15105940980399335,0.002776789459954993
-5.572033460708358,1.4500002,0.045312505,0.1,-0.060703024074550846,-0.15193529097882114,-0.00875881161776147
-3.7983030592170177,1.5500002,0.048437506,0.1,-0.0759264066132746,-0.15253235525873235,-0.0059706427101425905
-3.1914588219989914,1.6500002,0.051562507,0.1,-0.09120472601645443,-0.15303402825157034,-0.0050167298536248316
-3.599748983945858,1.7500002,0.054687507,0.1,-0.10653642172473143,-0.15359988134476818,-0.005658530847659656
-3.6626295719763355,1.8500003,0.05781251,0.1,-0.12192519696062834,-0.1541756187869575,-0.005757374336101845
-0.6027344340048839,1.9500003,0.06093751,0.1,-0.13734749633200147,-0.15427036404430172,-0.0009474525593239575
-129.63537890267128,2.0500002,0.064062506,0.1,-0.15379341763799595,-0.17464805717432164,-0.20377692826368643
-128.36404551458872,2.15,0.0671875,0.1,-0.1722671160914564,-0.19482590638929623,-0.20177848914301216
12.43449041472463,2.25,0.0703125,0.1,-0.19165197666505868,-0.1928712993056106,0.019546070545597212
2.2907899648311467,2.35,0.0734375,0.1,-0.2109211021469601,-0.19251120458977145,0.0036009471047332296
-3.417671700728431,2.4499998,0.076562494,0.1,-0.23019908448982979,-0.19304843652233583,-0.005372319245589969
-3.5826173442519966,2.5499997,0.07968749,0.1,-0.24953208643665065,-0.19361159665239774,-0.005631601216701765
-2.5662002742487147,2.6499996,0.08281249,0.1,-0.2689134157465224,-0.19401498376895082,-0.004033871105421339
-1.888689476201904,2.7499995,0.085937485,0.1,-0.28832975879199,-0.19431187135388114,-0.00296887580506346
-1.6558024668446478,2.8499994,0.08906248,0.1,-0.3077739601932572,-0.19457215087663876,-0.002602795188791507
-1.8339378739611796,2.9499993,0.09218748,0.1,-0.3272455896235971,-0.1948604319271625,-0.002882810462279939
-118.16299966904285,3.0499992,0.095312476,0.1,-0.3476603492499257,-0.21343475451533664,-0.18574322311395175
-111.85915497672309,3.1499991,0.09843747,0.1,-0.36988299534598224,-0.2310181607829295,-0.17583406005579685
-111.85915497672309,3.1499991,0.09843747,0.1,-0.3938639820949994,-0.24860156705052236,-0.17583406005579685
4.327709229779816,3.249999,0.10156247,0.1,-0.4186901250253225,-0.24792128415717254,0.0068028288321280396
1.7656790811622614,3.349999,0.10468747,0.1,-0.44346837624582697,-0.24764373286842262,0.0027755128461407976
-2.4790634142289605,3.4499989,0.107812464,0.1,-0.4682522343953051,-0.24803342273497475,-0.003896898607453021
-2.6923836951233007,3.5499988,0.110937506,0.1,-0.4930767381481266,-0.24845664492317604,-0.00423222181894787
-2.770827254795506,3.6499987,0.1140625,0.1,-0.5179441806568815,-0.24889219784084762,-0.004355529111813289
-1.8244936976146797,3.7499986,0.1171875,0.1,-0.5428477406369588,-0.24917899433885887,-0.0028679649373764696
-1.5839644638376988,3.8499985,0.1203125,0.1,-0.5677780897991573,-0.24942798147528847,-0.002489871327193939
-1.4509440659748272,3.9499984,0.123437494,0.1,-0.5927322921857392,-0.24965605881941733,-0.0022807734073023275
-115.394163270239,4.0499983,0.12656249,0.1,-0.6186048525841064,-0.2677951414373021,-0.18139082347591354
-113.86939467482625,4.149998,0.12968749,0.1,-0.6462793371712495,-0.2856945420579217,-0.17899400353897776
0.98051193316428,4.249998,0.13281249,0.1,-0.6748410853526566,-0.28554041305815736,0.0015412899746767258
0.25770614284907367,4.349998,0.13593748,0.1,-0.7033931016118946,-0.2854999036174387,0.00040509440115027803
-1.4440062655192207,4.449998,0.13906248,0.1,-0.7319544417379754,-0.2857268903922347,-0.002269867714136488
-2.42670288127664,4.549998,0.14218748,0.1,-0.7605462041627497,-0.28610834958224113,-0.0038145918432225226
1.2394530572718168,4.6499977,0.14531247,0.1,-0.7891472979186572,-0.28591351701212064,0.001948325672172516
-0.0005337729388621426,4.7499976,0.14843747,0.1,-0.8177386542411655,-0.2859136009171568,-8.390503486958726e-7
-1.8276544480635124,4.8499975,0.15156247,0.1,-0.8463443794263339,-0.28620089426103873,-0.0028729333960096242
-2.416365349578939,4.9499974,0.15468746,0.1,-0.8749834609896355,-0.2865807284698831,-0.003798342031843736
-107.40452693109728,5.0499973,0.15781246,0.1,-0.904485692911447,-0.3034639011739956,-0.16883172452533626
-106.14825220710736,5.149997,0.16093746,0.1,-0.935666368288287,-0.32014959707024,-0.16685695647608192
-6.305718710478452,5.249997,0.16406246,0.1,-0.9677308890182069,-0.32114080797218697,-0.009912108871767834
-0.9538090886930976,5.349997,0.16718745,0.1,-0.9998524668698852,-0.3212907394884022,-0.0014993151398106522
-1.2237127588571752,5.449997,0.17031245,0.1,-1.0319911592133904,-0.32148309780362727,-0.0019235831235870902
-1.9005529992008547,5.549997,0.17343745,0.1,-1.0641544070950373,-0.321781850243917,-0.002987524358379502
-2.6954880067921057,5.6499968,0.17656244,0.1,-1.0963537781073533,-0.3222055604062431,-0.004237101560123442
-2.5976630611725113,5.7499967,0.17968744,0.1,-1.1285947512697436,-0.32261389323300566,-0.004083328206779139
-2.2004430680975346,5.8499966,0.18281244,0.1,-1.160873435717661,-0.3229597861055481,-0.0034589286738822313
-1.984255854056812,5.9499965,0.18593743,0.1,-1.193185010304239,-0.3232716959964103,-0.0031190988621440504
-96.35418820167703,6.0499964,0.18906243,0.1,-1.2262694875824565,-0.3384178397079978,-0.15146143485892405
-96.92941372932887,6.1499963,0.19218743,0.1,-1.2608731003078202,-0.3536544044865986,-0.15236564551558246
0.5075569474766791,6.249996,0.19531243,0.1,-1.2962345520792986,-0.3535746204044349,0.0007978408097479603
0.9751999995372209,6.349996,0.19843742,0.1,-1.33158434994628,-0.3534213264001347,0.0015329400201594843
0.9752004811857726,6.3499975,0.19843742,0.1,-1.3669188184088175,-0.353268032320123,0.0015329407772742719
-0.1119901886359862,6.4499974,0.20156242,0.1,-1.4022465023674413,-0.3532856363238827,-0.00017604003497413944
4.366934196334316,6.5499973,0.20468742,0.1,-1.437540744087804,-0.3525991875648699,0.0068644874878390156
2.6294133512335964,6.649997,0.20781241,0.1,-1.4727799971828832,-0.3521858638345968,0.004133237241140712
-1.0524636423797347,6.749997,0.2109375,0.1,-1.508006856054256,-0.35235130309443824,-0.0016543925737616213
-2.6671576660476433,6.849997,0.2140625,0.1,-1.5432629497314954,-0.35277055994321027,-0.004192568425245929
-2.6427942910310662,6.949997,0.2171875,0.1,-1.5785607776073942,-0.3531859870551936,-0.0041542710579296985
-89.61249901473866,7.049997,0.22031249,0.1,-1.6145836969284415,-0.36727238863008754,-0.14086401364990173
-90.45688823731507,7.1499968,0.22343749,0.1,-1.6520218930054453,-0.381491521752539,-0.14219132910569848
-2.029581654462099,7.2499967,0.22656249,0.1,-1.6901869974874582,-0.3818105565136284,-0.003190347563354056
0.426385269064923,7.3499966,0.22968748,0.1,-1.7283647024820517,-0.38174353200039973,0.000670245122299288
-1.2422920003514162,7.4499965,0.23281248,0.1,-1.7665488201925956,-0.38193881083072617,-0.0019527882741656845
-2.1234949756044443,7.5499964,0.23593748,0.1,-1.8047593917060056,-0.38227260804983637,-0.0033379721413621657
-3.0226710670717694,7.6499963,0.23906247,0.1,-1.84301041012321,-0.3827477488945592,-0.0047514083764267235
-3.038228930893638,7.749996,0.24218747,0.1,-1.881309064904475,-0.3832253353168505,-0.00477586415174671
-2.0811110862853752,7.849996,0.24531247,0.1,-1.9196479557471977,-0.383552470111725,-0.0032713478999982985
-7.654097819676354,7.949996,0.24843746,0.1,-1.9580633616216494,-0.3847556359286246,-0.012031657989710145
-83.50619174968892,8.049996,0.25156248,0.1,-1.997195252629208,-0.3978821725603365,-0.13126536436111236
-83.28548675433407,8.149997,0.2546875,0.1,-2.0376380626623494,-0.4109740160495924,-0.13091843294172237
6.853853264641657,8.249997,0.2578125,0.1,-2.0786815962051803,-0.4098966425751035,0.010773734584347609
6.936565108585,8.3499975,0.2609375,0.1,-2.1196167423153867,-0.4088062674294014,0.01090375129454255
-3.0306146275345327,8.449998,0.26406252,0.1,-2.1605211891434437,-0.40928265694126154,-0.004763895047613869
-3.545478487494762,8.549998,0.26718754,0.1,-2.2014773215571113,-0.4098399791262146,-0.005573221766483192
-3.295318388720716,8.649999,0.27031255,0.1,-2.242487220027069,-0.41035797805104113,-0.005179989171077363
-2.7502939571847094,8.749999,0.27343756,0.1,-2.2835446347059687,-0.41079030329088895,-0.0043232523340565494
-3.2083858283046993,8.849999,0.27656257,0.1,-2.324648882337017,-0.41129463708005454,-0.005043337816504062
-0.19591649255107768,8.95,0.27968758,0.1,-2.3657798864868633,-0.41132543365887514,-0.0003079657836170474
-72.60783930826437,9.05,0.2828126,0.1,-2.4074831004104174,-0.42273883238368204,-0.11413398554734025
-74.91728643909983,9.150001,0.2859376,0.1,-2.450345805597734,-0.4345152585885683,-0.11776426029403854
5.4198995823751375,9.250001,0.28906262,0.1,-2.4937547337589776,-0.4336632916994363,0.008519668764367563
7.133623179037301,9.350001,0.29218763,0.1,-2.537064996015701,-0.4325419405275717,0.011213511551551458
-3.0928832011247778,9.450002,0.29531264,0.1,-2.5803434995962005,-0.43302811818441983,-0.0048617764960347375
-3.7289236622950455,9.550002,0.29843765,0.1,-2.623675619978727,-0.4336142765521334,-0.005861583589791185
-3.728922733785282,9.550005,0.29843765,0.1,-2.667066356191601,-0.4342004347738923,-0.005861582130244655
-11.130868444682974,9.650005,0.30156267,0.1,-2.71057388469979,-0.43595012242364006,-0.017496876236753563
-4.544891680959083,9.750006,0.30468768,0.1,-2.7542046187082385,-0.43666454474235983,-0.007144223080740654
-2.3403989772991736,9.850006,0.3078127,0.1,-2.7978894684771465,-0.43703243761670413,-0.0036789286886226035
-1.3383561880220896,9.9500065,0.31406254,0.1,-2.841603231859611,-0.4372428170048699,-0.0021037938503083923
-67.50385333482745,10.050007,0.31718755,0.1,-2.885858068771859,-0.447853908051117,-0.1061109088812953
-71.48394879866373,10.150007,0.32031256,0.1,-2.931205296838,-0.4590906397571653,-0.11236731538607914
-0.30445854819806106,10.250008,0.32343757,0.1,-2.9771167544259685,-0.4591384983195308,-0.000478585616523731
-0.2006398709598991,10.350008,0.32656258,0.1,-3.0230321818950094,-0.45917003737742285,-0.00031539057422069343
0.530697945871907,10.450008,0.3296876,0.1,-3.068945015233373,-0.4590866157067551,0.0008342166942468582
-0.5234603365622306,10.550009,0.3328126,0.1,-3.1148577916868856,-0.4591688996804241,-0.000822839724429029
-1.4659058649678856,10.650009,0.33593762,0.1,-3.160786203800557,-0.45939932890527513,-0.0023042922141736618
-1.6543351304586622,10.75001,0.33906263,0.1,-3.20673913981927,-0.4596593777739409,-0.0026004886479074
-2.2798178946431733,10.85001,0.34218764,0.1,-3.2527229967813804,-0.46001774776400545,-0.003583699847244381
-1.2583739609976874,10.95001,0.34531265,0.1,-3.298734662583004,-0.46021555455592505,-0.0019780678897204406
-56.202670624182645,11.050011,0.34843767,0.1,-3.345197950295578,-0.46905018584841385,-0.08834631160842517
-63.89953472268016,11.150011,0.35156268,0.1,-3.3926051955689593,-0.479094705490752,-0.10044519492663138
2.0696099045983942,11.250011,0.3546877,0.1,-3.4404984004868586,-0.47876937859394536,0.003253268919588675
12.870143020645173,11.350012,0.3578127,0.1,-3.4882741846405874,-0.4767462902423382,0.020230883214607965
-1.1779546956522609,11.450012,0.3609377,0.1,-3.5359580726501956,-0.47693145573891993,-0.0018516549382250236
-1.2783052594743651,11.550013,0.36406273,0.1,-3.583661265926924,-0.4771323955789895,-0.002009398370753195
-2.509718340758525,11.650013,0.36718774,0.1,-3.6313942316254626,-0.47752690416625687,-0.003945085813887104
-12.21504961325138,11.750013,0.37031275,0.1,-3.679242928388233,-0.4794470168291256,-0.019201126342568244
-4.304537718634947,11.850014,0.37343776,0.1,-3.727221462811505,-0.4801236573375997,-0.006766404983913932
-2.4130601798483045,11.950014,0.37656277,0.1,-3.7752527949940555,-0.4805029719989634,-0.003793146557114538
-43.89813075683503,12.0500145,0.3796878,0.1,-3.823648115487299,-0.48740342344297766,-0.06900451341189522
-53.76825195273614,12.150015,0.3828128,0.1,-3.8728110565261367,-0.495855382682076,-0.08451959113154375
-0.7448310667523272,12.250015,0.3859378,0.1,-3.9224024496215417,-0.49597246444664106,-0.001170817628204012
9.512415298640448,12.350016,0.38906282,0.1,-3.971924932846376,-0.49447718529119894,0.014952791331606968
-0.6831918396848664,12.450016,0.39218783,0.1,-4.021378021739807,-0.49458457783925086,-0.001073925464516309
-2.295112803790289,12.550016,0.39531285,0.1,-4.070854518972647,-0.49494535207241397,-0.003607742277871374
-3.150755822443678,12.650017,0.39843786,0.1,-4.120373818657366,-0.49544062686407087,-0.004952747842767075
-3.096782438026594,12.750017,0.40156287,0.1,-4.169942221611757,-0.4959274174512293,-0.004867905799047158
-3.075996239116762,12.850012,0.40156287,0.1,-4.219559140253989,-0.4964109406064081,-0.004835231479737276
-0.8056252599053861,12.950012,0.40468788,0.1,-4.269206566961844,-0.49653757875459814,-0.0012663814630295399
-33.59176080118823,13.050013,0.4078129,0.1,-4.319124344014646,-0.5018179474247709,-0.05280368591489182
-1.2746119818034458,13.150013,0.4140625,0.1,-4.369316157469288,-0.5020183067097508,-0.002003592819943104
14.807790328380307,13.250013,0.4171875,0.1,-4.419401605299876,-0.49969063497538607,0.023276716996797273
2.0721334563701816,13.350014,0.42031252,0.1,-4.469354383362774,-0.4993649113954823,0.003257235750501055
-3.104250079630873,13.450014,0.42343754,0.1,-4.519315273468971,-0.49985287583896226,-0.0048796443620873955
-2.7619102013427437,13.5500145,0.42656255,0.1,-4.569322269359272,-0.5002870270638211,-0.004341512183894783
-1.1931403774344744,13.650015,0.42968756,0.1,-4.619360350439779,-0.5004745796337924,-0.0018755256717652297
-0.45134802387235595,13.750015,0.43281257,0.1,-4.669411356572374,-0.5005455281017428,-0.0007094846689316729
-0.3620657552547897,13.850016,0.43593758,0.1,-4.719468755827265,-0.5006024420778188,-0.0005691397522792475
-0.7297689278966573,13.950016,0.4390626,0.1,-4.769534736486647,-0.5007171561890004,-0.0011471410947216365
-21.333662391252005,14.050016,0.4421876,0.1,-4.819774127307407,-0.5040706452537006,-0.033534890147293606
-29.182325541122903,14.150017,0.44531262,0.1,-4.870410554540719,-0.5086578843217008,-0.045872389996450325
-2.827270534879389,14.250017,0.44843763,0.1,-4.921298564999726,-0.5091023096926374,-0.00444425364314093
6.269191635015382,14.350018,0.45156264,0.1,-4.972159523270668,-0.5081168405684444,0.009854691095082746
-0.8532081044321558,14.450018,0.45468765,0.1,-5.022977913975192,-0.5082509583769882,-0.0013411780654523518
-1.0390737173002549,14.550018,0.45781267,0.1,-5.073811177293652,-0.5084142928427016,-0.0016333446327946276
-2.7136454344660876,14.650019,0.46093768,0.1,-5.124673935554411,-0.5088408572142127,-0.004265643651548592
-2.696238434361476,14.750019,0.4640627,0.1,-5.175579213440571,-0.5092646853380309,-0.004238281175026912
-2.07850172626609,14.850019,0.4671877,0.1,-5.2265220189646495,-0.5095914099614061,-0.003267246185065501
-1.575490729281455,14.95002,0.4703127,0.1,-5.277493543476823,-0.5098390650913732,-0.0024765512627685504
-11.482088324888537,15.05002,0.47343773,0.1,-5.328567695583873,-0.5116439618283359,-0.018048967100677087
-18.500091612985614,15.150021,0.47656274,0.1,-5.379877496198459,-0.5145520351718768,-0.02908073300207181
-4.3758529797444226,15.250021,0.47968775,0.1,-5.431367093019089,-0.5152398858956384,-0.006878507135118523
2.9945586371174215,15.350021,0.48281276,0.1,-5.4828675462868155,-0.514769164110555,0.004707217780691078
0.9619639981955004,15.450022,0.48593777,0.1,-5.534336902794534,-0.5146179507047448,0.0015121340355683886
-2.606336843173267,15.550022,0.4890628,0.1,-5.585819183446112,-0.5150276469839027,-0.004096962730529556
-2.7666677876223815,15.6500225,0.4921878,0.1,-5.637343693866335,-0.5154625460650494,-0.004348990746662296
-2.3383627766535255,15.750023,0.4953128,0.1,-5.688908327881169,-0.5158301188641776,-0.0036757279365099396
-1.8194865871630554,15.850023,0.49843782,0.1,-5.740505641007368,-0.5161161282826037,-0.002860094141641958
-2.174778654732407,15.950024,0.50156283,0.1,-5.792134347536078,-0.5164579869050491,-0.0034185861735130866
-2.1746276592353277,16.05001,0.50156283,0.1,-5.843797238740775,-0.5167998217921537,-0.003418348820108199
-2.902456447511895,16.150011,0.50468785,0.1,-5.895500033891579,-0.5172560658152845,-0.004562440163322715
-7.226041209222785,16.250011,0.50781286,0.1,-5.947282435173802,-0.5183919443968327,-0.011358785646222159
0.14694356958489152,16.350012,0.5140625,0.1,-5.999120475465496,-0.5183688459880975,0.00023098408390962347
-0.6288154868090032,16.450012,0.51718754,0.1,-6.050962303086808,-0.5184676909880818,-0.0009884499851138468
-2.605590295919569,16.550013,0.52031255,0.1,-6.10282955190488,-0.5188772699157036,-0.004095789215186369
-3.7544531151628284,16.650013,0.52343756,0.1,-6.15474678824023,-0.519467441318753,-0.0059017139425520245
-3.433801137487876,16.750013,0.5265626,0.1,-6.206720521514426,-0.5200072086757935,-0.0053976734899736
-2.809461106710259,16.850014,0.5296876,0.1,-6.258743324450436,-0.5204488345404138,-0.004416258580395266
-1.7569525629336875,16.950014,0.5328126,0.1,-6.310802017657544,-0.5207250140870354,-0.0027617954250624753
7.673629829596393,17.050014,0.5359376,0.1,-6.362814208036292,-0.5195187779871026,0.012062360819585853
8.912587862134345,17.150015,0.5390626,0.1,-6.414696037065305,-0.5181177871311629,0.014009908350632578
-1.7520114803852422,17.250015,0.54218763,0.1,-6.466521586692988,-0.5183931899772822,-0.0027540284201557712
-12.296075930866834,17.350016,0.54531264,0.1,-6.518457548933732,-0.5203260393594771,-0.019328493533931887
-4.777822085266976,17.450016,0.54843765,0.1,-6.570527705505698,-0.521077076561725,-0.007510371910565249
-2.023404175593271,17.550016,0.55156267,0.1,-6.6226513171239985,-0.5213951402702377,-0.0031806370377324296
-1.2411984231052884,17.650017,0.5546877,0.1,-6.674800587274523,-0.5215902471985593,-0.0019510692541425912
-0.8417123166642231,17.750017,0.5578127,0.1,-6.726966228309625,-0.5217225579569181,-0.0013231075638720743
-1.6654675847753992,17.850018,0.5609377,0.1,-6.77915157482322,-0.5219843567625206,-0.002617988017014067
-2.6213101798312786,17.950018,0.5640627,0.1,-6.831370613776272,-0.5223964067360337,-0.004120499673730212
13.497475816996939,18.050018,0.5671877,0.1,-6.883504170212528,-0.5202747064520771,0.021217002523408763
21.029704389743245,18.150019,0.57031274,0.1,-6.935366356171319,-0.5169689972676194,0.03305709135198845
-0.3217693024429842,18.25002,0.57343775,0.1,-6.98706578565251,-0.5170195769485625,-0.0005057968018947124
-7.5487986465957135,18.35002,0.57656276,0.1,-7.038827074798157,-0.5182061905383305,-0.011866135720861076
-5.3072796480083895,18.45002,0.5796878,0.1,-7.090689407819506,-0.5190404544324756,-0.008342638817135766
-11.787030544556501,18.55002,0.5828128,0.1,-7.142686095604005,-0.5208932857612711,-0.018528313011861582
-5.773872436690311,18.65002,0.5859378,0.1,-7.194820805393144,-0.5218008944841576,-0.009076087093620344
-2.019754438966629,18.750021,0.5890628,0.1,-7.247016770119227,-0.5221183844819008,-0.003174899930123041
13.833519557696114,18.850021,0.5921878,0.1,-7.299119883153927,-0.5199438606841458,0.021745237653521887
-9.905633242171007,18.950022,0.59531283,0.1,-7.351192124499178,-0.5215009507021341,-0.015570899947858867
16.61375968647021,19.050022,0.59843785,0.1,-7.403211642527171,-0.5188893943546885,0.02611556308530374
34.949206944047546,19.150023,0.60156286,0.1,-7.454825895289067,-0.5133956455010051,0.054937487718201554
34.913645910861305,19.250011,0.60156286,0.1,-7.505891052653578,-0.5079074865705957,0.05488158848629499
4.834242325339119,19.350012,0.60468787,0.1,-7.556643806765222,-0.5071475805367971,0.00759906022475171
-10.561275242523557,19.450012,0.6078129,0.1,-7.607441573172915,-0.5088077324781541,-0.01660151916618823
-0.3894729503884662,19.550013,0.61406255,0.1,-7.658325408287868,-0.508868954656333,-0.0006122217726654969
0.39895755433738955,19.650013,0.61718756,0.1,-7.7092091688574484,-0.5088062415707308,0.0006271308466765376
-0.3232084477431414,19.750013,0.6203126,0.1,-7.76009233406792,-0.5088570474743421,-0.0005080590285420487
-0.9652193006084531,19.850014,0.6234376,0.1,-7.81098562582945,-0.5090087725888708,-0.001517251122677602
-1.4867853043566583,19.950014,0.6265626,0.1,-7.86189818941267,-0.5092424839023938,-0.00233711310040493
34.489273270717604,20.050014,0.6296876,0.1,-7.912551366018345,-0.5038210331152924,0.0542145070631554
48.1422519767645,20.150015,0.6328126,0.1,-7.96255509032801,-0.4962534381757416,0.07567594826784822
4.1950906748870525,20.250015,0.63593763,0.1,-8.012147463071184,-0.49559400190804154,0.006594362578736624
-7.798512017680537,20.350016,0.63906264,0.1,-8.061768157332779,-0.49681986853574955,-0.012258666094411645
-5.295649024076397,20.450016,0.64218765,0.1,-8.11149176670973,-0.4976523041844928,-0.008324356363389625
-0.6658672048094445,20.550016,0.64531267,0.1,-8.161262231332193,-0.4977569734320378,-0.001046692459852868
0.32119256529432,20.650017,0.6484377,0.1,-8.211035404965962,-0.49770648440977694,0.0005048902150851149
0.03041245971637352,20.750017,0.6515627,0.1,-8.260805815118237,-0.497701703802996,4.780606709684247e-5
-0.4519210481152598,20.850018,0.6546877,0.1,-8.310579538167373,-0.49777274234598823,-0.0007103854193366008
-0.9236781982666784,20.950018,0.6578127,0.1,-8.360364072902318,-0.497917937515968,-0.0014519516781621525
43.31008495813481,21.050018,0.6609377,0.1,-8.40981546663439,-0.4911099223878248,0.0680801502669588
53.26116217664094,21.150019,0.66406274,0.1,-8.458507847169109,-0.48273767379511096,0.08372248467957602
3.8353920094482064,21.25002,0.66718775,0.1,-8.506751470548501,-0.48213477941501626,0.006028943711108621
-10.070351043954329,21.35002,0.67031276,0.1,-8.555044098329644,-0.4837177618155178,-0.015829823769132632
-5.112704946329458,21.45002,0.6734378,0.1,-8.603456059144321,-0.4845214400501366,-0.008036782226430506
-0.4156663185385838,21.55002,0.6765628,0.1,-8.651911470850173,-0.4845867796260715,-0.000653395749612934
0.32993546337014834,21.65002,0.6796878,0.1,-8.700367556367873,-0.48453491628689527,0.0005186333840340204
0.7818374045552616,21.750021,0.6828128,0.1,-8.748814903774548,-0.48441201740819056,0.0012289887687337285
1.175016049827974,21.850021,0.6859378,0.1,-8.797246871058867,-0.4842273138443261,0.0018470356111215972
0.9392156642981995,21.950022,0.68906283,0.1,-8.845662221287686,-0.48407967630315496,0.0014763753897114654
52.852127215573944,22.050022,0.69218785,0.1,-8.893654792062366,-0.47577172488754377,0.08307951291813065
64.10561725736682,22.150023,0.69531286,0.1,-8.940728119540294,-0.4656948106420745,0.10076914095311518
7.184957201105108,22.250023,0.69843787,0.1,-8.987241130273164,-0.4645653901533484,0.011294204718964128
-8.541718715154424,22.350023,0.7015629,0.1,-9.033764804634446,-0.46590808320715627,-0.01342693033800161
-8.536747477083306,22.450012,0.7015629,0.1,-9.080422709231073,-0.46724999482024365,-0.013419115930913245
-3.571964583655146,22.550013,0.7046879,0.1,-9.127175783689639,-0.46781148041756404,-0.005614855889536219
0.45693285511463366,22.650013,0.7078129,0.1,-9.173953341110392,-0.46773965405672513,0.0007182635976859666
-0.39862903031999736,22.750013,0.7140626,0.1,-9.220730440285305,-0.46780231550085666,-0.0006266144319779291
-0.5849234458731134,22.850014,0.7171876,0.1,-9.267515269807829,-0.46789426100667036,-0.000919455044436003
-2.262356683701192,22.950014,0.7203126,0.1,-9.31432247786702,-0.4682498862275117,-0.003556252155421051
59.82846415276239,23.050014,0.7234376,0.1,-9.360677238261035,-0.458845307837991,0.09404578249381562
74.13060765636645,23.150015,0.7265626,0.1,-9.405979131404962,-0.44719254153954485,0.11652766124806375
6.312979015294047,23.250015,0.72968763,0.1,-9.45064876861622,-0.4462001893730387,0.009923521517189967
-13.382327906851032,23.350016,0.73281264,0.1,-9.495373968215505,-0.448303789283491,-0.021035998791062417
-7.128542083681481,23.450016,0.73593765,0.1,-9.540260375435835,-0.4494243417459076,-0.011205524457190426
0.58017505786421,23.550016,0.73906267,0.1,-9.58519825032528,-0.4493331426504838,0.0009119909406485258
1.1596288883184513,23.650017,0.7421877,0.1,-9.630122451018782,-0.4491508578310858,0.0018228481668170458
0.26310318615679407,23.750017,0.7453127,0.1,-9.675035469580408,-0.4491095000163101,0.0004135781415941507
-0.8628669302299841,23.850018,0.7484377,0.1,-9.71995320205648,-0.44924513611862343,-0.0013563610029218617
-1.058543064599462,23.950018,0.7515627,0.1,-9.764886036082826,-0.44941153101728387,-0.001663948961809703
71.09428257301292,24.050018,0.7546877,0.1,-9.80926841588858,-0.438236051870812,0.11175478979944245
86.68690516838797,24.150019,0.75781274,0.1,-9.852410695692077,-0.4246095313417302,0.13626520326030828
7.131053637857349,24.25002,0.76093775,0.1,-9.894815602095154,-0.42348858408214707,0.011209472428797084
-6.437883862033495,24.35002,0.76406276,0.1,-9.937215060447972,-0.4245005703381962,-0.010119862409693708
-5.276896317481487,24.45002,0.7671878,0.1,-9.979706592508277,-0.42533005820444686,-0.008294878538903072
-0.2235225776071985,24.55002,0.7703128,0.1,-10.022241355764784,-0.4253651942493496,-0.0003513604437919207
0.5343441500137942,24.65002,0.7734378,0.1,-10.064773676082192,-0.42528119942319204,0.0008399482490596377
0.46759868532046767,24.750021,0.7765628,0.1,-10.107298121510773,-0.42520769647516876,0.0007350294692800065
-0.3011631819144469,24.850021,0.7796878,0.1,-10.14982125881973,-0.42525503703108075,-0.0004734055520655341
-0.8484985164845966,24.950022,0.78281283,0.1,-10.192353432031478,-0.42538841452830845,-0.0013337749524020028
79.4661543371949,25.050022,0.78593785,0.1,-10.234267700431149,-0.4128969409736861,0.1249147336848484
89.71194740779083,25.150023,0.78906286,0.1,-10.274852293428074,-0.39879490686967056,0.14102033893878868
5.746886904339927,25.250023,0.79218787,0.1,-10.314686616368471,-0.39789154006671246,0.009033667894968947
-7.049671509611674,25.350023,0.7953129,0.1,-10.35453117869935,-0.3989996946762513,-0.011081545930260632
-4.089882947379922,25.450024,0.7984379,0.1,-10.394463293682765,-0.3996425930913667,-0.0064289840553545
-0.41082225052821286,25.550024,0.8015629,0.1,-10.434430782493733,-0.39970717121674504,-0.0006457812441607233
-0.40384827186568373,25.650013,0.8015629,0.1,-10.47440467430452,-0.3997706530858523,-0.0006348186816129357
1.3077601866262398,25.750013,0.8046879,0.1,-10.514371461712155,-0.39956508315582007,0.0020556992696902517
1.1927794389394535,25.850014,0.8078129,0.1,-10.554318595831337,-0.3993775873226282,0.001874958303980061
0.5921988630916317,25.950014,0.8140626,0.1,-10.594251700701353,-0.39928449817670075,0.0009308914454028986
90.92256432598151,26.050014,0.8171876,0.1,-10.633465534410707,-0.38499216432376077,0.142923336399676
101.89194299565622,26.150015,0.8203126,0.1,-10.671163919577765,-0.36897552778239,0.16016636302704257
7.258372488289524,26.250015,0.82343763,0.1,-10.708004424864365,-0.36783456697028954,0.011409607950988224
-5.867795105486721,26.350016,0.82656264,0.1,-10.744834000742712,-0.36875693962057676,-0.009223726365427691
-3.1488890634532822,26.450016,0.82968765,0.1,-10.781734444322197,-0.36925192097195386,-0.004949813440013048
1.3591053965768651,26.550016,0.83281267,0.1,-10.818648954919185,-0.3690382799664102,0.0021364100236014043
2.2415029313246295,26.650017,0.8359377,0.1,-10.855535166106975,-0.3686859327964384,0.0035234716472138123
1.96514696442566,26.750017,0.8390627,0.1,-10.892388314629818,-0.36837702667732625,0.0030890611450908262
1.2348770997496725,26.850018,0.8421877,0.1,-10.929216312183106,-0.3681829134128379,0.0019411326159588433
0.4649816375923983,26.950018,0.8453127,0.1,-10.966030949494566,-0.3681098218447632,0.0007309156698553462
98.34757810058623,27.050018,0.8484377,0.1,-11.002068957745818,-0.3526503324401072,0.15459489174291674
110.13325881447236,27.150019,0.85156274,0.1,-11.036468386074903,-0.335338223889745,0.1731210829239169
7.71058156993945,27.25002,0.85468775,0.1,-11.06994160673108,-0.33412617925797683,0.012120446137072824
-7.201250417610424,27.35002,0.85781276,0.1,-11.103410824238514,-0.33525816091610633,-0.011319816412616687
-4.50849115395954,27.45002,0.8609378,0.1,-11.136972075851897,-0.33596686134952564,-0.0070870042285883
1.7130089734738911,27.55002,0.8640628,0.1,-11.170555298889807,-0.3356975894001095,0.002692719454036688
1.9926902306339405,27.65002,0.8671878,0.1,-11.204109396544286,-0.33538435368955916,0.003132357058828127
1.3032339109588609,27.750021,0.8703128,0.1,-11.23763758949115,-0.33517949525555024,0.002048584309563004
0.4304886639914347,27.850021,0.8734378,0.1,-11.27115215603933,-0.33511182571992637,0.0006766953461552705
-0.49847660939428806,27.950022,0.87656283,0.1,-11.304667256946848,-0.3351901824421785,-0.0007835672108454982
106.73184480174677,28.050022,0.87968785,0.1,-11.337347404067918,-0.31841275023978693,0.16777431952388341
118.60810527249123,28.150023,0.88281286,0.1,-11.368256465062716,-0.29976846044455635,0.18644289517409024
7.330590820430189,28.250023,0.88593787,0.1,-11.39817569590384,-0.29861614746128795,0.011523129660976053
-7.684307016847015,28.350023,0.8890629,0.1,-11.42809770681946,-0.2998240619336461,-0.01207914454358809
-4.7357839962454875,28.450024,0.8921879,0.1,-11.45811733491691,-0.30056849106882844,-0.007444291240894773
2.1256082260288167,28.550024,0.8953129,0.1,-11.488157478001128,-0.3002343616628645,0.0033412940098503496
2.448527164177648,28.650024,0.8984379,0.1,-11.518161670124467,-0.29984947186199007,0.00384889795139122
1.5885609689084887,28.750025,0.9015629,0.1,-11.548134132273692,-0.2995997621900104,0.002497096682586908
1.5983660879883672,28.850014,0.9015629,0.1,-11.578081546390846,-0.29934851122807266,0.002512509581937921
0.8049293499338503,28.950014,0.90468794,0.1,-11.6080100715218,-0.29922198247162407,0.0012652875456317738
114.63628471759512,29.050014,0.90781295,0.1,-11.637031272707011,-0.2812020325836031,0.1801994961950279
7.816592054210105,29.150015,0.9140626,0.1,-11.6650900409499,-0.27997332391200785,0.01228708653286045
-7.629008079428331,29.250015,0.91718763,0.1,-11.69314733485424,-0.2811725458130427,-0.011992218831650412
-4.744428457077902,29.350016,0.92031264,0.1,-11.721301879254005,-0.2819183337915563,-0.007457879674004902
1.9968301499477832,29.450016,0.92343765,0.1,-11.749478018729302,-0.2816044473172555,0.003138864696235256
2.478519801465552,29.550016,0.92656267,0.1,-11.777618983659622,-0.2812148429024849,0.0038960440896506276
1.4548788607897336,29.650017,0.9296877,0.1,-11.805729033575549,-0.28098614703861285,0.0022869586046421024
-0.2800047001537962,29.750017,0.9328127,0.1,-11.83382984942834,-0.28103016164251954,-0.00044014603250840963
7.904679635107994,29.850018,0.9359377,0.1,-11.86187073824205,-0.27978760627485033,0.01242555349153712
5.986395994207573,29.950018,0.9390627,0.1,-11.889802448495466,-0.2788465904691548,0.009410157916733016
123.99407729355863,30.050018,0.9421877,0.1,-11.916712561766852,-0.25935566693874157,0.19490923239975835
135.89636121720557,30.150019,0.94531274,0.1,-11.9415800352407,-0.2379937951271146,0.2136187149331029
9.10713262465481,30.25002,0.94843775,0.1,-11.96530783651652,-0.2365622233178561,0.014315717879264209
-6.498090238396287,30.35002,0.95156276,0.1,-11.98901513171354,-0.2375836735572127,-0.010214502241358092
-3.4427189120431194,30.45002,0.9546878,0.1,-12.012800557881851,-0.23812484272041776,-0.005411691551410208
0.5109953804951297,30.55002,0.9578128,0.1,-12.036609026279786,-0.23804451814280067,0.0008032457642015308
12.697623538159533,30.65002,0.9609378,0.1,-12.060313679967074,-0.2360485485384275,0.019959695746309215
4.96758443702649,30.750021,0.9640628,0.1,-12.08387949185222,-0.23526768214136787,0.00780866385423812
1.4314632575735238,30.850021,0.9671878,0.1,-12.107395009661287,-0.235042667031784,0.002250151062308902
0.6902920079540849,30.950022,0.97031283,0.1,-12.130893851282607,-0.234934158391417,0.001085086387501252
130.2646430999522,31.050022,0.97343785,0.1,-12.153363437023378,-0.21445754972754788,0.2047660835874387
143.0214749106891,31.150023,0.97656286,0.1,-12.173685098031086,-0.19197566437030292,0.22481885022238762
8.675067013305759,31.250023,0.97968787,0.1,-12.19281448203369,-0.19061200998076913,0.013636543692137525
-6.914892818471088,31.350023,0.9828129,0.1,-12.211930031737957,-0.19169897840771047,-0.010869684107442582
-3.376392710395597,31.450024,0.9859379,0.1,-12.231126467024279,-0.19222972159773527,-0.0053074318211611266
-0.38251186119452685,31.550024,0.9890629,0.1,-12.250352445867943,-0.19228984954576916,-0.0006012794713792447
2.7640386094776024,31.650024,0.9921879,0.1,-12.269559706819011,-0.19185536375138004,0.004344857879147763
2.843495472666385,31.750025,0.9953129,0.1,-12.28872289468933,-0.191408387943934,0.004469758007855948
2.4678024248681076,31.850025,0.99843794,0.1,-12.307844337782411,-0.1910204682190475,0.0038791971910604518
1.7822897032780993,31.950026,1.001563,0.1,-12.326932376771156,-0.19074030586715232,0.002801623477204372
1.8064387229321426,32.050014,1.001563,0.1,-12.345992209722201,-0.19045634747349705,0.0028395838942397167
268.280214738179,32.150013,1.0046879,0.1,-12.362929264512168,-0.14828474327820274,0.42171603566888455
15.500504233685206,32.25001,1.0078129,0.1,-12.377635911005209,-0.14584818219967371,0.02436561042221438
-4.066551793162233,32.35001,1.0140626,0.1,-12.39225269098976,-0.1464874131352396,-0.006392309260405997
1.912628384365636,32.45001,1.0171876,0.1,-12.406886399991405,-0.14618676253647342,0.0030065059428613697
2.100583421739308,32.550007,1.0203125,0.1,-12.421488566677764,-0.14585656683893666,0.003301956926164694
1.3546094736546337,32.650005,1.0234375,0.1,-12.436063576864806,-0.14564363255819623,0.0021293427756745057
-0.1648923754409708,32.750004,1.0265625,0.1,-12.45062923632888,-0.14566955238235735,-0.0002591982377487475
3.426169516560682,32.850002,1.0296874,0.1,-12.465169263397557,-0.1451309846579376,0.005385677163944546
3.3816938028554127,32.95,1.0328124,0.1,-12.47965578325515,-0.14459940817659747,0.005315764734190325
147.68660389918023,33.05,1.0359373,0.1,-12.492954963867787,-0.12138420011266451,0.2321520771799941
155.42604771633796,33.149998,1.0390623,0.1,-12.503871794560682,-0.09695241049176724,0.24431789256835243
7.8661606717328425,33.249996,1.0421872,0.1,-12.513505210729392,-0.09571591001144428,0.012365004618976775
-5.413831776037554,33.349995,1.0453122,0.1,-12.52311935252761,-0.09656692308768539,-0.008510130635600263
-1.2106627731051773,33.449993,1.0484371,0.1,-12.532785560328264,-0.09675723004465273,-0.0019030695413155133
0.8680658098426572,33.54999,1.0515621,0.1,-12.54245446081048,-0.09662077671810429,0.001364533245151189
2.9076802128680495,33.64999,1.054687,0.1,-12.552093685367966,-0.09616371155888921,0.0045706515240427435
3.7823188179163134,33.74999,1.057812,0.1,-12.561680329082755,-0.09556915987983511,0.005945516701945951
3.7471322488973735,33.849987,1.0609369,0.1,-12.571207794181774,-0.09498013926114304,0.005890206099149772
3.4112147902957815,33.949986,1.0640619,0.1,-12.580678997401247,-0.09444392230566655,0.005362169474862434
149.30130546118016,34.049984,1.0671868,0.1,-12.588949938413169,-0.07097489546783466,0.2346902648811614
160.1831391994487,34.149982,1.0703118,0.1,-12.594788449640426,-0.045795327337283455,0.25179567755346405
8.41835096409741,34.24998,1.0734367,0.1,-12.59930181741221,-0.0444720267532972,0.013233005642675407
-1.277243887244997,34.34998,1.0765617,0.1,-12.60375905880398,-0.04467279975374497,-0.0020077299745601507
1.6046630211921955,34.449978,1.0796866,0.1,-12.608213726806143,-0.04442055896191996,0.002522407880663311
9.943414361356005,34.549976,1.0828116,0.1,-12.61257763132127,-0.0428575300400662,0.01563028898562813
5.540689684601616,34.649975,1.0859365,0.1,-12.61681983667988,-0.04198657586785486,0.008709541592331052
3.42600831767557,34.749973,1.0890615,0.1,-12.62099156720957,-0.04144803348267077,0.005385423771591889
2.813835301940274,34.84997,1.0921865,0.1,-12.625114254946531,-0.041005720027912355,0.004423134481674248
2.7699337106214976,34.94997,1.0953114,0.1,-12.629193056387134,-0.04057030756857191,0.00435412452852292
155.38219933869732,35.04997,1.0984364,0.1,-12.632028842336734,-0.01614541057830814,0.2442489662630445
165.20787155625985,35.149967,1.1015613,0.1,-12.632344912512032,0.009824007166555945,0.2596941735788961
165.34942706384254,35.24996,1.1015613,0.1,-12.630062928301806,0.0358156763578909,0.2599166880402891
7.2880391840540995,35.34996,1.1046863,0.1,-12.62642407940227,0.03696130054836531,0.011456241734032722
3.783073067726363,35.44996,1.1078112,0.1,-12.622698215779845,0.03755597078973861,0.005946702325120245
3.9311801232314885,35.549957,1.1109376,0.1,-12.618911721067388,0.03817392233096247,0.006179515320156678
6.615206359002062,35.649956,1.1140625,0.1,-12.615042335776605,0.03921378233150066,0.010398599850430706
6.512170153224744,35.749954,1.1171875,0.1,-12.611069774309529,0.04023744582611289,0.010236634793584528
5.462915083772685,35.849953,1.1203125,0.1,-12.60700309323642,0.041096174424083476,0.008587285851745351
3.9233219139569897,35.94995,1.1234374,0.1,-12.602862639917783,0.04171289071472603,0.006167162814527695
163.6269074391039,36.04995,1.1265624,0.1,-12.597405305652988,0.06743379295478209,0.25720901856784756
169.4536013365605,36.14995,1.1296873,0.1,-12.589330085532488,0.09407060704860822,0.2663681369690667
5.991019692969786,36.249947,1.1328123,0.1,-12.579875937555956,0.09501234966449476,0.009417426018534823
-2.9105319748332477,36.349945,1.1359372,0.1,-12.57039757811999,0.09455483623004264,-0.004575134276346368
1.231419008311775,36.449944,1.1390622,0.1,-12.560932415872001,0.09474840590892399,0.0019356967599692624
4.575403078714443,36.549942,1.1421871,0.1,-12.551421614215496,0.09546762438673005,0.007192184670888717
5.008765710761935,36.64994,1.1453121,0.1,-12.541835484645013,0.0962549641660252,0.007873397675628772
4.433078686085107,36.74994,1.148437,0.1,-12.532175145776037,0.0969518103344936,0.006968461580845716
3.4316521924551466,36.849937,1.151562,0.1,-12.522452993119753,0.09749123989376007,0.005394295512283529
5.187577993758055,36.949936,1.1546869,0.1,-12.512663096599157,0.09830668760054861,0.00815447694637417
164.8801265777248,37.049934,1.1578119,0.1,-12.501536532736644,0.12422458633375072,0.2591789834699532
173.6370014571694,37.149933,1.1609368,0.1,-12.487749353263048,0.15151899902928156,0.272944122888124
8.890308888250217,37.24993,1.1640618,0.1,-12.472527578694741,0.15291648780039757,0.013974887502917982
-1.6429563857557241,37.34993,1.1671867,0.1,-12.457248842697869,0.15265822758363937,-0.0025826021290983464
0.6711702261724728,37.44993,1.1703117,0.1,-12.441977744569844,0.15276373042570857,0.0010550284049707969
4.914803338016265,37.549927,1.1734366,0.1,-12.426662742818525,0.1535363000364449,0.007725695992241432
5.747701279174623,37.649925,1.1765616,0.1,-12.411263937844597,0.15443979485291764,0.009034948030096211
5.7146593525814104,37.749924,1.1796865,0.1,-12.395775043084624,0.15533809573046536,0.008983008641620058
4.632490314178881,37.849922,1.1828115,0.1,-12.380204823671766,0.15606628788641225,0.007281921450959712
3.827239311895333,37.94992,1.1859365,0.1,-12.36456811400821,0.15666790072461367,0.006016128292366839
164.96305314957135,38.04992,1.1890614,0.1,-12.347604776975075,0.18259883488261816,0.2593093377160346
171.9871317759289,38.149918,1.1921864,0.1,-12.327993139906505,0.20963390064405252,0.2703506535858049
11.99441300115318,38.249916,1.1953113,0.1,-12.306935478014829,0.21151933091379183,0.01885430241644208
-1.353760418055744,38.349915,1.1984363,0.1,-12.285794184649204,0.21130653009811773,-0.002128008125031052
-1.353743257577138,38.34996,1.1984363,0.1,-12.264674171230588,0.21109373197994002,-0.0021279811500675237
1.6559138454723623,38.44996,1.2015612,0.1,-12.243551782866314,0.21135402901056868,0.0026029702674993565
4.619072147622855,38.549957,1.2046862,0.1,-12.22238007550365,0.21208011193304271,0.007260829116545583
4.724634077231727,38.649956,1.2078111,0.1,-12.201134930171122,0.2128227883859711,0.007426764418616429
2.7972145877814683,38.749954,1.2109377,0.1,-12.179830665974805,0.21326248919119203,0.004397007986688854
13.142683359464819,38.849953,1.2140627,0.1,-12.15840112025562,0.21532841880601783,0.02065929584041059
5.848117444001911,38.94995,1.2171876,0.1,-12.136822314079872,0.21624769827795626,0.009192794582401102
165.70941348998826,39.04995,1.2203126,0.1,-12.113895131094798,0.2422959545906856,0.26048255924580066
172.9011315410212,39.14995,1.2234375,0.1,-12.088306598276656,0.26947469414620007,0.2717873915051971
6.952426997327813,39.249947,1.2265625,0.1,-12.06130448503399,0.2705675626598701,0.01092868497385009
-0.29996812090205216,39.349945,1.2296875,0.1,-12.034250085999933,0.27052040995843724,-0.00047152700730209937
3.1825097055325773,39.449944,1.2328124,0.1,-12.00717303128761,0.2710206762184012,0.005002662525094331
4.849648336660163,39.549942,1.2359374,0.1,-11.980032846874284,0.271783003959713,0.007623277299522286
5.395336521784407,39.64994,1.2390623,0.1,-11.952812140784529,0.27263110972300664,0.008481057506558908
4.9614501393115455,39.74994,1.2421873,0.1,-11.925510034298783,0.27341101185523775,0.007799021206096945
4.1930140882979225,39.849937,1.2453122,0.1,-11.898135977213148,0.27407012169935935,0.006591098343001068
1.0420323493736712,39.949936,1.2484372,0.1,-11.870720774657688,0.2742339212394759,0.001637995376757322
164.8903578482848,40.049934,1.2515621,0.1,-11.842001406755243,0.3001534282503994,0.2591950662469281
174.73342109662678,40.149933,1.2546871,0.1,-11.810612725387326,0.3276201897533601,0.2746676109367403
6.324340899623046,40.24993,1.257812,0.1,-11.777800999014653,0.3286143279214516,0.00994138153277714
1.55318251135769,40.34993,1.260937,0.1,-11.744927358310242,0.32885847636965515,0.0024414844456541055
4.538681114138438,40.44993,1.2640619,0.1,-11.71200583787946,0.3295719224346246,0.007134460543382411
5.577586000628692,40.549927,1.2671869,0.1,-11.679004807444656,0.3304486764263913,0.008767539787020547
6.8639639830226145,40.649925,1.2703118,0.1,-11.64590599116869,0.33152763922871825,0.010789627862491668
5.981351091539592,40.749924,1.2734368,0.1,-11.61270621561183,0.3324678620141803,0.009402227714516827
5.0914842719795494,40.849922,1.2765617,0.1,-11.579419411789079,0.333268204520593,0.008003424944866536
4.480399913522177,40.94992,1.2796867,0.1,-11.546057376604656,0.3339724892252034,0.007042846941157219
163.47728231752205,41.04992,1.2828116,0.1,-11.511375258049743,0.3596698715369965,0.25697381928872237
172.9141528791679,41.149918,1.2859366,0.1,-11.474049231019313,0.38685065794758355,0.2718078600556181
4.467777941911837,41.249916,1.2890615,0.1,-11.435329049616234,0.3875529585744958,0.007023006164471423
-2.6135823142533665,41.349915,1.2921865,0.1,-11.39659429494219,0.3871421233625288,-0.004108352058450868
3.197148736819912,41.449913,1.2953115,0.1,-11.357854953658473,0.38764469076659264,0.005025673965749961
4.8634249582437405,41.54991,1.2984364,0.1,-11.31905225933755,0.3884091840877745,0.007644933097900137
4.863470540221897,41.549965,1.2984364,0.1,-11.280173115325113,0.38917368457409574,0.007645004749293233
7.297501944977661,41.649963,1.3015614,0.1,-11.241198390703717,0.3903207962384364,0.011471116472473876
8.450253413969136,41.74996,1.3046863,0.1,-11.202099894726967,0.3916491116442952,0.013283153860653983
8.084384863316451,41.84996,1.3078113,0.1,-11.162871442795021,0.39291991530363674,0.012708036404050825
6.39462996961398,41.94996,1.3109376,0.1,-11.123529191324714,0.39392510237759637,0.01005187058981162
163.4239140864156,42.049957,1.3140626,0.1,-11.082852230819181,0.4196140956103773,0.25688992849985137
165.81440044406918,42.149956,1.3171875,0.1,-11.03958758264038,0.44567885507179206,0.26064759073019533
3.1143251262096783,42.249954,1.3203125,0.1,-10.994995219060524,0.44616840323577484,0.004895481566879183
-0.976112691039986,42.349953,1.3234375,0.1,-10.95038604994584,0.4460149657633294,-0.00153437470159028
2.5832890261124106,42.44995,1.3265624,0.1,-10.905764249037688,0.4464210391013785,0.004060733319981292
13.529523737973513,42.54995,1.3296874,0.1,-10.861015807562108,0.4485477770741562,0.021267379410868988
7.578029119770861,42.64995,1.3328123,0.1,-10.816101468765552,0.4497389854714332,0.011912083795265961
3.5925267621707633,42.749947,1.3359373,0.1,-10.771099333657075,0.45030370328643543,0.005647178065872572
10.508221301051265,42.849945,1.3390622,0.1,-10.725986372042883,0.45195551555271446,0.016518122416651036
6.549990076616069,42.949944,1.3421872,0.1,-10.680739339388468,0.45298512405091745,0.010296084828606514
149.98858859270422,43.049942,1.3453121,0.1,-10.634261973165522,0.4765621865566834,0.2357706215444035
156.70812487141575,43.14994,1.3484371,0.1,-10.585374087662657,0.5011955089308795,0.24633322007130937
12.478986252131605,43.24994,1.351562,0.1,-10.535156455946765,0.5031571104209372,0.019616014608275667
-0.8221383802936852,43.349937,1.354687,0.1,-10.484847205849245,0.5030278765361301,-0.0012923388288139407
4.293274797169431,43.449936,1.3578119,0.1,-10.434510673942405,0.5037027465992265,0.006748700530400196
6.04791745337541,43.549934,1.3609369,0.1,-10.3840928642057,0.5046534331092194,0.009506864958264742
7.081843154790706,43.649933,1.3640618,0.1,-10.333571859554613,0.5057666448560806,0.0111321173027306
6.167943420967411,43.74993,1.3671868,0.1,-10.282946716630786,0.5067361985330144,0.009695536624863858
5.418826581414308,43.84993,1.3703117,0.1,-10.232230506110676,0.5075879967545768,0.008517982088695593
5.136342302098413,43.94993,1.3734367,0.1,-10.181431335985916,0.5083953906012942,0.008073938346863416
130.63487153041262,44.049927,1.3765616,0.1,-10.129565055865406,0.5289301963515436,0.20534805444256887
131.68378723309343,44.149925,1.3796866,0.1,-10.07563705106161,0.5496298836525657,0.20699686992572733
6.120373382018379,44.249924,1.3828115,0.1,-10.020625958075149,0.550591959682085,0.00962076015183256
4.865910298610586,44.349922,1.3859365,0.1,-9.965528517086037,0.5513568436798224,0.007648839863398357
5.176268502606838,44.44992,1.3890615,0.1,-9.910352148398813,0.5521705136208337,0.00813669928886641
1.6466753667816079,44.54992,1.3921864,0.1,-9.855122153973127,0.552429358433053,0.00258844808362203
0.3808313456124157,44.649918,1.3953114,0.1,-9.799876224117403,0.5524892222168508,0.000598637829058139
1.0412816773539952,44.749916,1.3984363,0.1,-9.744619116995313,0.5526529037570496,0.001636815377596615
1.0412957488698606,44.74996,1.3984363,0.1,-9.689345641608362,0.5528165875091833,0.0016368374969463122
-2.1742680145171605,44.84996,1.4015613,0.1,-9.634081070951623,0.5524748091554862,-0.0034177834860415674
-2.1827899886127398,44.94996,1.4046862,0.1,-9.57885074511023,0.552131691212439,-0.0034311793793435313
107.76160400760503,45.049957,1.4078112,0.1,-9.522790610028729,0.5690709937103657,0.1693930224551148
109.86909520040749,45.149956,1.4109378,0.1,-9.465019980594622,0.5863415777547706,0.17270583787053076
2.538756202008427,45.249954,1.4140627,0.1,-9.406365868289248,0.5867406508724209,0.003990731117036137
1.16434609300876,45.349953,1.4171877,0.1,-9.347682651011157,0.5869236772004288,0.0018302632528060631
10.056143007840081,45.44995,1.4203126,0.1,-9.288911244965075,0.5885044262059855,0.015807489820016823
2.596307288594062,45.54995,1.4234376,0.1,-9.23004039548175,0.5889125459156361,0.004081197035691438
5.130605455573922,45.64995,1.4265625,0.1,-9.171108815409127,0.5897190379738217,0.008064920461679783
8.661903028590814,45.749947,1.4296875,0.1,-9.112068831476405,0.59108062308533,0.013615850912190967
10.707152129689044,45.849945,1.4328125,0.1,-9.052876614152051,0.5927637057610791,0.01683082650669108
8.703202167143786,45.949944,1.4359374,0.1,-8.993531838840578,0.5941317827822735,0.013680770008085149
69.90269795805216,46.049942,1.4390624,0.1,-8.933569251112313,0.6051199539127727,0.10988170966762692
84.0960888711561,46.14994,1.4421873,0.1,-8.872396291611418,0.6183392178741788,0.1321926376442369
5.3795458163483545,46.24994,1.4453123,0.1,-8.810520087722733,0.6191848414589776,0.008456235721980399
2.0286509458251203,46.349937,1.4484372,0.1,-8.748585658230901,0.6195037299197657,0.0031888845603624547
5.1074963619809495,46.449936,1.4515622,0.1,-8.68659514134095,0.6203065894046389,0.008028594729096632
7.555985860562068,46.549934,1.4546871,0.1,-8.624505094307022,0.6214943327696419,0.011877433473042886
6.265159780373665,46.649933,1.4578121,0.1,-8.562306418335856,0.622479168117027,0.00984835332709804
6.950857762362858,46.74993,1.460937,0.1,-8.500003869503677,0.6235717899589255,0.010926218256171712
6.946030081156142,46.84993,1.464062,0.1,-8.437592096429416,0.624663652926148,0.010918629509525013
1.3470674668833453,46.94993,1.4671869,0.1,-8.375115142769083,0.6248754016609297,0.0021174873162636072
28.950124870225864,47.049927,1.4703119,0.1,-8.312400064723812,0.62942614055393,0.04550738825189037
18.696026712052912,47.149925,1.4734368,0.1,-8.249310506085953,0.632365013401094,0.029388728033713226
-0.685520216136581,47.249924,1.4765618,0.1,-8.18607939173118,0.632257254850017,-0.0010775854947116781
1.9694775981943646,47.349922,1.4796867,0.1,-8.122838185960726,0.6325668417117377,0.0030958685710750873
6.581796254561905,47.44992,1.4828117,0.1,-8.05952977043684,0.6336014498986006,0.01034608171446031
4.9449425487450895,47.54992,1.4859366,0.1,-7.996130759139017,0.6343787571634604,0.007773072532770719
2.917587051593621,47.649918,1.4890616,0.1,-7.932669951355095,0.6348373796021862,0.004586224318918565
6.36875508200842,47.749916,1.4921865,0.1,-7.869136156461203,0.635838499341103,0.010011197239989517
8.256565227289002,47.849915,1.4953115,0.1,-7.805487412123666,0.637136368440834,0.012978690803911778
5.7324630400873104,47.949913,1.4984365,0.1,-7.7417287193554305,0.6380374679223095,0.009010994680480968
5.732478178056709,47.949966,1.4984365,0.1,-7.677879916518726,0.6389385697833584,0.00901101847621428
-52.425593249607005,48.049965,1.5015614,0.1,-7.6143981037708555,0.6306976662549951,-0.0824090340556426
-56.51593322879853,48.149963,1.5046864,0.1,-7.551772529901432,0.6218137924696004,-0.08883873653014684
7.954800860717164,48.24996,1.5078113,0.1,-7.489528628024857,0.6230642265117751,0.012504340235417554
8.852334086916244,48.34996,1.5109377,0.1,-7.4271526284731095,0.6244557459336686,0.01391519401158279
5.7670250365653715,48.44996,1.5140626,0.1,-7.3646617263303655,0.6253622782974649,0.009065323502879422
5.029864221320651,48.549957,1.5171876,0.1,-7.302085964752953,0.6261529346017497,0.007906562925030496
-8.149618284449048,48.649956,1.5203125,0.1,-7.23953472325348,0.6248718767459926,-0.012810578366677495
2.5399677792645416,48.749954,1.5234375,0.1,-7.177027571469034,0.6252711403143496,0.003992635624074995
3.441242589963281,48.849953,1.5265625,0.1,-7.114473409650637,0.6258120774109802,0.005409370885700709
7.605476670506221,48.94995,1.5296874,0.1,-7.051832424828967,0.6270076003539529,0.01195522925158011
-148.38727090819157,49.04995,1.5328124,0.1,-6.990297931255404,0.6036822527785931,-0.23325347227784954
-147.163184784084,49.14995,1.5359373,0.1,-6.931086351623722,0.580549322208629,-0.23132930225256562
6.04496580728528,49.249947,1.5390623,0.1,-6.8729839074103785,0.5814995447423619,0.009502225195734949
6.596334550746974,49.349945,1.5421872,0.1,-6.814782107394059,0.5825364382385346,0.01036893480721831
15.970833125258594,49.449944,1.5453122,0.1,-6.75640293804058,0.5850469314326928,0.025104931567489445
0.35146168327108995,49.549942,1.5484371,0.1,-6.697895481670641,0.5851021785295061,0.0005524709599000645
-4.62747530096118,49.64994,1.5515621,0.1,-6.639421633138068,0.584374774695399,-0.007274038232679676
-1.020930810164458,49.74994,1.554687,0.1,-6.580992178924814,0.5842142921563528,-0.0016048253665480133
0.8415397229396894,49.849937,1.557812,0.1,-6.522564134657136,0.584346575784294,0.0013228362597009385
-0.27420769797530653,49.949936,1.5609369,0.1,-6.464131631375963,0.5843034724249293,-0.00043103358722480057
-294.8045883293437,50.049934,1.5640619,0.1,-6.408018334971462,0.5379624389420286,-0.46341032792365583
-291.18257868098715,50.149933,1.5671868,0.1,-6.356510674368885,0.49219075775903964,-0.4577168050093774
11.829896028907095,50.24993,1.5703118,0.1,-6.307198619385369,0.49405032721513775,0.018595694283883454
11.064966629238953,50.34993,1.5734367,0.1,-6.257706619507025,0.4957896556019806,0.017393283609248182
5.240172621172601,50.44993,1.5765617,0.1,-6.20808646744837,0.49661337078317935,0.008237151689244755
3.2429472319527406,50.549927,1.5796866,0.1,-6.158399641300745,0.49712313736147734,0.005097665707018941
-0.19958566228790886,50.649925,1.5828116,0.1,-6.108688895491066,0.4970917640171505,-0.00031373343859347855
-0.8648502148494293,50.749924,1.5859365,0.1,-6.058986515741704,0.49695581615761697,-0.001359478575077273
1.7895433980126123,50.849922,1.5890615,0.1,-6.009276868256341,0.497237118735017,0.0028130257320831986
1.866774631178238,50.94992,1.5921865,0.1,-5.959538483504761,0.4975305614734042,0.002934427340145174
-458.80893640183785,51.04992,1.5953114,0.1,-5.913391489995409,0.4254092949607576,-0.7212126543795601
-473.68170277578065,51.149918,1.5984364,0.1,-5.874573517520198,0.350950142974808,-0.744591508764218
-473.6819637661065,51.149963,1.5984364,0.1,-5.843201462405819,0.27649094996316914,-0.7445919190211043
-3.97520086237796,51.24996,1.6015613,0.1,-5.815583610561252,0.27586607869739727,-0.0062487125646056635
0.876079989396203,51.34996,1.6046863,0.1,-5.787990116625614,0.2760037917918656,0.0013771309241628832
1.705244766873946,51.44996,1.6078112,0.1,-5.760376334461183,0.27627184326720416,0.002680514713442461
-0.1598262396420138,51.549957,1.6109378,0.1,-5.732750405896116,0.27624671980096277,-0.00025123465867012856
0.23230734342555337,51.649956,1.6140628,0.1,-5.705123907657198,0.2762832367440708,0.000365169425638799
-0.4371630153451065,51.749954,1.6171877,0.1,-5.677499019505786,0.27621451805130415,-0.0006871869174262964
-0.9538240948848227,51.849953,1.6203127,0.1,-5.6498850639829294,0.27606458417623003,-0.0014993387283995124
-1.101997102912307,51.94995,1.6234376,0.1,-5.622287266431175,0.27589135863407166,-0.0017322553957708538
-258.53420555738415,52.04995,1.6265626,0.1,-5.5967301104800695,0.23525175277140614,-0.4063960525708822
-261.6035882172964,52.14995,1.6296875,0.1,-5.575261039353696,0.1941296633577861,-0.4112208880085318
3.111814385480649,52.249947,1.6328125,0.1,-5.5558236150535425,0.19461881685246993,0.004891534873948913
14.238578697955809,52.349945,1.6359375,0.1,-5.536249823276316,0.1968570128586113,0.022381959727896517
1.228130045911925,52.449944,1.6390624,0.1,-5.516554469063018,0.19705006553768079,0.0019305267619279145
-1.4702712433722809,52.549942,1.6421874,0.1,-5.496861017987247,0.19681895010862938,-0.002311154256075234
1.1720305133487363,52.64994,1.6453123,0.1,-5.477169910969949,0.19700318436892317,0.0018423425754849675
0.463224646281148,52.74994,1.6484373,0.1,-5.457465951470323,0.19707599975136028,0.0007281538135208854
-0.36593544630475705,52.849937,1.6515622,0.1,-5.437761227314664,0.19701847748935652,-0.000575222611466043
-1.1313496272835266,52.949936,1.6546872,0.1,-5.41806827124904,0.1968406379541718,-0.0017783953253470452
-194.3485958836245,53.049934,1.6578121,0.1,-5.399911713054032,0.1662905205349127,-0.3055011696402691
-199.75865053962116,53.149933,1.6609371,0.1,-5.384852687614195,0.13488998377388342,-0.3140053629312483
1.8966070681893399,53.24993,1.664062,0.1,-5.3713487824270825,0.13518811594390473,0.002981321655788023
5.264709122190425,53.34993,1.667187,0.1,-5.357788592024026,0.13601568807597958,0.008275721197430518
1.7774901635274318,53.44993,1.6703119,0.1,-5.3441730526184985,0.1362950959768211,0.0027940789667802173
0.42082395189817134,53.549927,1.6734369,0.1,-5.330540235301843,0.13636124629339463,0.000661503155878288
-1.095199902150938,53.649925,1.6765618,0.1,-5.316912718323139,0.13618908921936923,-0.001721570714600729
-1.5149801203355366,53.749924,1.6796868,0.1,-5.303305716364623,0.13595094589575188,-0.002381433200687503
-1.2154180289721523,53.849922,1.6828117,0.1,-5.289720174294954,0.13575989144881975,-0.001910544440852063
-0.8766252041628055,53.94992,1.6859367,0.1,-5.27615107488778,0.13562209265074718,-0.0013779879601921116
-151.05455461150802,54.04992,1.6890616,0.1,-5.2637760966501155,0.1118774684145178,-0.2374462388240691
-153.32383766046763,54.149918,1.6921866,0.1,-5.253793416571354,0.08777613018564007,-0.24101337869739817
0.9147068422311303,54.249916,1.6953115,0.1,-5.245008614174826,0.08791991512685515,0.0014378493907251987
3.123619201414158,54.349915,1.6984365,0.1,-5.236192072074677,0.08841092424859533,0.004910091144235704
3.1236214049834246,54.349968,1.6984365,0.1,-5.227326429044303,0.0889019337167198,0.0049100946080785236
0.28649279866090965,54.449966,1.7015615,0.1,-5.218433983815947,0.0889469682002419,0.0004503448285102667
-1.6971895624944011,54.549965,1.7046864,0.1,-5.209552626126512,0.08868018294161316,-0.0026678525465332853
-1.9522697386484218,54.649963,1.7078114,0.1,-5.200699951796306,0.08837330102420796,-0.00306881912832306
-1.4140988959922822,54.74996,1.7109377,0.1,-5.1918737358405815,0.08815101545986626,-0.0022228556102938933
-0.8721681741135349,54.84996,1.7140627,0.1,-5.183065489072688,0.08801391727293383,-0.0013709818488951235
-0.6521287165469123,54.94996,1.7171876,0.1,-5.174269222697418,0.08791140761099159,-0.0010250966041472473
-115.64720039483745,55.049957,1.7203126,0.1,-5.166387024725092,0.06973254948645721,-0.18178857853648278
-117.72501001741693,55.149956,1.7234375,0.1,-5.160339043384048,0.05122707553197016,-0.1850547367873401
-0.24579753559278572,55.249954,1.7265625,0.1,-5.155218267629468,0.05118843803351238,-0.00038637497882030637
2.1965885594712784,55.349953,1.7296875,0.1,-5.150082159400925,0.05153372500668831,0.0034528696803075368
0.2130104377633928,55.44995,1.7328124,0.1,-5.144927112642606,0.05156720862335975,0.0003348361617249293
-1.5811402440262299,55.54995,1.7359374,0.1,-5.139782818863145,0.05131866543275063,-0.0024854318690553183
-1.7621150692658034,55.64995,1.7390623,0.1,-5.134664801796268,0.05104167437949625,-0.002769910491268979
-1.4247491120378175,55.749947,1.7421873,0.1,-5.129571832267283,0.050817714682397104,-0.0022395969376188454
-1.0715621011081566,55.849945,1.7453122,0.1,-5.124498482793041,0.050649273290464,-0.0016844138942313253
-0.9069703287370885,55.949944,1.7484372,0.1,-5.119440683829642,0.050506704470181435,-0.0014256881815812809
-92.92748411969114,56.049942,1.7515621,0.1,-5.115120387916124,0.035899212512622576,-0.14607491739890271
-96.43035793624347,56.14994,1.7546871,0.1,-5.112288372473316,0.02074109549953411,-0.15158116787214923
6.577861373402698,56.24994,1.757812,0.1,-5.110162563409008,0.021775085153081145,0.01033989638139388
8.796136755320958,56.349937,1.760937,0.1,-5.10791592057873,0.023157770782936824,0.013826856092520582
0.848178853256627,56.449936,1.7640619,0.1,-5.105593477103398,0.02329109803154241,0.0013332724661885486
-2.2539921276184813,56.549934,1.7671869,0.1,-5.103282082784622,0.02293678765513988,-0.0035431037112289457
-2.172160873875608,56.649933,1.7703118,0.1,-5.101005476341546,0.022595340527885324,-0.00341447122166598
-1.492595797382151,56.74993,1.7734368,0.1,-5.0987576734891995,0.022360715849162036,-0.002346246752271073
-0.6432385770726228,56.84993,1.7765617,0.1,-5.096526657481029,0.022259603649360332,-0.0010111219829501542
-0.5517469354892697,56.94993,1.7796867,0.1,-5.094305033603555,0.022172873238017372,-0.0008673041005057679
-71.53688581167894,57.049927,1.7828116,0.1,-5.092649998905134,0.010927820237153028,-0.112450528333
-75.19782907934399,57.149925,1.7859366,0.1,-5.092148243142386,-0.0008927051317205222,-0.11820525192733998
4.829940679085946,57.249924,1.7890615,0.1,-5.092199552163932,-0.00013347528391401912,0.007592298364930969
6.5795617006629925,57.349922,1.7921865,0.1,-5.092161186845151,0.0009007816481138142,0.010342569166162042
0.5308989988620425,57.44992,1.7953115,0.1,-5.092066936015202,0.0009842349227786563,0.000834532734212914
-1.8774360138098505,57.54992,1.7984364,0.1,-5.091983268453,0.0006891162963318704,-0.002951186220491757
-1.8774353059858049,57.549965,1.7984364,0.1,-5.0919291127483195,0.0003939977811496276,-0.0029511851078463432
-1.882528655160252,57.649963,1.8015614,0.1,-5.09190450892738,9.807863031252356e-5,-0.0029591914642756517
-1.3984873476450304,57.74996,1.8046863,0.1,-5.091905692641765,-0.00012175291766267733,-0.002198315446994556
-0.9463716338149197,57.84996,1.8078113,0.1,-5.091925306054074,-0.0002705153226795584,-0.0014876240280014854
-0.750172484900304,57.94996,1.8109379,0.1,-5.091958253656572,-0.0003884367174506574,-0.0011792139301393333
-57.84970108373818,58.049957,1.8140628,0.1,-5.092451773931801,-0.009481968640035306,-0.09093531787080467
-59.12889415695224,58.149956,1.8171878,0.1,-5.093864701382869,-0.018776579960240063,-0.09294611181704256
3.37935334877443,58.249954,1.8203127,0.1,-5.095715798977486,-0.018245371380436148,0.0053120857188829135
8.005917357168471,58.349953,1.8234377,0.1,-5.097477412683497,-0.016986902214768305,0.0125846914691519
0.8627763234583199,58.44995,1.8265626,0.1,-5.099169321837204,-0.01685128035514864,0.0013562185759874409
-2.393061205263142,58.54995,1.8296876,0.1,-5.100873258446861,-0.01722745133019412,-0.0037617096944009445
-0.8360189087431849,58.64995,1.8328125,0.1,-5.102602574395552,-0.017358867128238364,-0.0013141579608599802
-0.5368119170652221,58.749947,1.8359375,0.1,-5.104342680271321,-0.0174432498685604,-0.0008438273906463482
-0.24738064727442577,58.849945,1.8390625,0.1,-5.106088949601776,-0.017482136220103747,-0.00038886350963892783
-0.36806168700917397,58.949944,1.8421874,0.1,-5.107840056074421,-0.017539992710934243,-0.0005785648996836799
-46.30646647880894,59.049942,1.8453124,0.1,-5.109958006549905,-0.024819016167557,-0.07279023348156856
-47.104161223167466,59.14994,1.8484373,0.1,-5.112810128958572,-0.03222343115579376,-0.07404414877902381
2.7625482462831314,59.24994,1.8515623,0.1,-5.116010759545812,-0.03178917963513521,0.004342515141876986
4.12589823734595,59.349937,1.8546872,0.1,-5.119157249569008,-0.03114061989104367,0.006485597344272437
0.3524241656202858,59.449936,1.8578122,0.1,-5.122268541684889,-0.031085221499343785,0.0005539839087438705
-1.043857389351956,59.549934,1.8609371,0.1,-5.125385268202391,-0.031249307921829488,-0.0016408642004062466
-1.6926882718504146,59.649933,1.8640621,0.1,-5.12852350292584,-0.03151538561189007,-0.002660776860957187
-1.41093314470986,59.74993,1.867187,0.1,-5.131686130930775,-0.031737173544268145,-0.002217879290731753
-0.8943380902673006,59.84993,1.870312,0.1,-5.134866877489034,-0.031877756672980546,-0.001405831266175492
-0.6084275726542359,59.94993,1.8734369,0.1,-5.138059435212671,-0.031973396848311846,-0.0009564017390614983
-35.84489639945298,60.049927,1.8765619,0.1,-5.141538502169679,-0.03760794125500357,-0.056345443227304726
-37.79116966379473,60.149925,1.8796868,0.1,-5.1455963205418485,-0.04354842497906093,-0.059404836355372546
1.0886237516165544,60.249924,1.8828118,0.1,-5.149942606936854,-0.043377301625758216,0.0017112335075277867
3.181432316969134,60.349922,1.8859367,0.1,-5.154255332318559,-0.04287720472306162,0.005000968952445697
1.0230621920246339,60.44992,1.8890617,0.1,-5.158535011975837,-0.04271638714703821,0.0016081757362703842
-1.484439536249198,60.54992,1.8921866,0.1,-5.1628183178832,-0.042949729723700605,-0.002333425731853201
-1.7187442681887077,60.649918,1.8953116,0.1,-5.167126799594473,-0.04321990321771589,-0.0027017348998938703
-1.325009407171889,60.749916,1.8984365,0.1,-5.171459204049602,-0.04342818459369745,-0.0020828137287791882
-1.3250092201719805,60.74997,1.8984365,0.1,-5.175812436641169,-0.04363646594028404,-0.002082813434829595
-0.8336402341895199,60.849968,1.9015615,0.1,-5.180182635394746,-0.04376750782882517,-0.0013104188658846128
-0.5872947881038364,60.949966,1.9046865,0.1,-5.184564002156052,-0.04385982609155672,-0.0009231826135589465
-29.45568876716276,61.049965,1.9078114,0.1,-5.189181495318155,-0.04849003577437232,-0.046302096138201
-30.92080679493256,61.149963,1.9109378,0.1,-5.1942735247247525,-0.053350550840038445,-0.04860514993238811
0.7873512192452923,61.24996,1.9140627,0.1,-5.199602391607746,-0.05322678523170576,0.0012376560648843665
4.358667679900066,61.34996,1.9171877,0.1,-5.204890812743437,-0.05254163590604656,0.006851493154496746
0.6361831326385641,61.44996,1.9203126,0.1,-5.210139976255373,-0.0524416327683141,0.0010000313624229675
-0.9135743589133831,61.549957,1.9234376,0.1,-5.2153913199566295,-0.0525852396917865,-0.00143606921332491
-1.4198488880331297,61.649956,1.9265625,0.1,-5.220661003475295,-0.05280842911103494,-0.0022318941592266214
-1.2309068737924918,61.749954,1.9296875,0.1,-5.225951520923996,-0.053001918286274735,-0.0019348917235657685
-0.7828981666789332,61.849953,1.9328125,0.1,-5.231257866112815,-0.05312498390869727,-0.0012306562058871503
-0.5416970389173059,61.94995,1.9359374,0.1,-5.236574622115121,-0.053210134552926766,-0.0008515064296065292
-23.235774882970873,62.04995,1.9390624,0.1,-5.242078259984691,-0.056862621198249856,-0.03652486590896796
-25.28447527266112,62.14995,1.9421873,0.1,-5.2479632485284995,-0.060837147924065194,-0.039745266665902786
-0.08220041545382628,62.249947,1.9453123,0.1,-5.2540476094754975,-0.06085006920261937,-0.0001292127836163899
1.9770241734854697,62.349945,1.9484372,0.1,-5.260117077829911,-0.060539296076803424,0.003107731211850694
0.8065592634788459,62.449944,1.9515622,0.1,-5.2661646682793855,-0.060412511110373185,0.0012678496454099828
-0.784460110947407,62.549942,1.9546871,0.1,-5.2722120850379435,-0.060535822258525336,-0.0012331114631467263
-1.1515438175163073,62.64994,1.9578121,0.1,-5.278274718049532,-0.0607168361664396,-0.001810139052169475
-1.0350968099798479,62.74994,1.960937,0.1,-5.284354537223083,-0.060879545492644974,-0.0016270932378081528
-0.7741497017124175,62.849937,1.964062,0.1,-5.290448576384678,-0.06100123592307937,-0.0012169042862106745
-0.5900912900868605,62.949936,1.9671869,0.1,-5.29655333796053,-0.0610939937746001,-0.0009275785013853075
-20.30995736883416,63.049934,1.9703119,0.1,-5.302822365953438,-0.06428656421524052,-0.03192570393067417
-21.61991269605369,63.149933,1.9734368,0.1,-5.30942094674479,-0.06768504964527713,-0.03398485379395233
0.1994089221412878,63.24993,1.9765618,0.1,-5.316187884532047,-0.06765370408315374,0.0003134556165630716
1.8475741144423523,63.34993,1.9796867,0.1,-5.32293873381278,-0.0673632795195989,0.002904245592271765
0.6122601589596215,63.44993,1.9828117,0.1,-5.3296702497336135,-0.0672670368909228,0.0009624262724198133
-0.8327797130991605,63.549927,1.9859366,0.1,-5.336403498854098,-0.06739794351210976,-0.0013090661923630487
-1.094633977236665,63.649925,1.9890616,0.1,-5.343151896711616,-0.06757001162705367,-0.0017206811237989385
-0.9627916238643479,63.749924,1.9921865,0.1,-5.349916465150234,-0.06772135512930849,-0.0015134349999962901
-0.7155951362450139,63.849922,1.9953115,0.1,-5.356694225069122,-0.06783384122851359,-0.0011248609752891948
-0.5417948420383141,63.94992,1.9984365,0.1,-5.3634818675940235,-0.06791900724664798,-0.0008516601686532489
-0.5417948764537499,63.949966,1.9984365,0.1,-5.370278026721136,-0.06800417327019223,-0.0008516602227516891
-17.40515664397026,64.049965,2.0015614,0.1,-5.377215242047277,-0.07074013118517654,-0.0273595787421536
-18.578941626146843,64.14996,2.0046864,0.1,-5.384435278671601,-0.07366059914957705,-0.029204679208821513
0.12247775823584561,64.24996,2.0078113,0.1,-5.39180037606782,-0.073641346579841,0.00019252569449163502
1.539323829678466,64.34996,2.0109377,0.1,-5.399152412336902,-0.0733993766107289,0.002419699655064672
0.6540100496753827,64.44996,2.0140626,0.1,-5.406487209837614,-0.0732965712175635,0.0010280539163347502
-0.8734400864443579,64.54996,2.0171876,0.1,-5.4138237319747855,-0.07343386933941637,-0.0013729811980696294
-1.13687676368788,64.649956,2.0203125,0.1,-5.42117605443623,-0.07361257769830098,-0.0017870835622165434
-0.9688887689242387,64.749954,2.0234375,0.1,-5.428544927412213,-0.0737648796252702,-0.0015230192469973768
-0.6901064701302317,64.84995,2.0265625,0.1,-5.435926839458501,-0.07387335910050599,-0.0010847947361932407
-0.5115855741861688,64.94995,2.0296874,0.1,-5.44331819634627,-0.07395377645207124,-0.0008041735036694028
-15.320219538527454,65.04995,2.0328124,0.1,-5.450833985188424,-0.07636199815114181,-0.024082216631852692
-16.08608576333677,65.14995,2.0359373,0.1,-5.458596615620715,-0.0788906081812368,-0.025286099924157646
0.17857485743392182,65.24995,2.0390623,0.1,-5.466484273026074,-0.0788625375752315,0.0002807060558702195
1.093560634070613,65.349945,2.0421872,0.1,-5.474361931931305,-0.07869063818164936,0.0017189939102064584
0.5223240234340558,65.44994,2.0453122,0.1,-5.482226890598971,-0.07860853282774001,0.0008210535268588504
-0.7221762627780425,65.54994,2.048437,0.1,-5.490093420029072,-0.07872205342985684,-0.0011352060042524846
-1.0410656062810901,65.64994,2.051562,0.1,-5.4979738078682585,-0.07888570100533038,-0.001636475730349884
-0.9449613170164124,65.74994,2.054687,0.1,-5.50586980512215,-0.0790342417192998,-0.0014854071175599748
-0.6983054656072127,65.84994,2.057812,0.1,-5.513778717826672,-0.07914401001410953,-0.001097682931740549
-0.507881961969332,65.949936,2.060937,0.1,-5.521697110704674,-0.07922384518607331,-0.0007983517077413523
-13.701443520693488,66.049934,2.0640619,0.1,-5.529727183465528,-0.08137760763785443,-0.021537624196875587
-14.293577756527156,66.14993,2.0671868,0.1,-5.53797728642419,-0.08362444907665079,-0.02246841405315813
0.006506782038968595,66.24993,2.0703118,0.1,-5.546339680315638,-0.08362342626012666,1.02281650889287e-5
0.9809027376403805,66.34993,2.0734367,0.1,-5.554694313544582,-0.08346923582887841,0.0015419042895062544
0.532956682868857,66.44993,2.0765617,0.1,-5.563037048415441,-0.08338545910197696,0.0008377672565307821
-0.6557877508731593,66.54993,2.0796866,0.1,-5.5713807486916815,-0.08348854393621617,-0.0010308483270312745
-1.0067237719504503,66.649925,2.0828116,0.1,-5.579737515674877,-0.0836467932371798,-0.0015824929860552707
-0.9459126351749347,66.74992,2.0859365,0.1,-5.588109629636046,-0.08379548349111021,-0.0014869025171475418
-0.6900051248909094,66.84992,2.0890615,0.1,-5.596494601287329,-0.08390394703564712,-0.0010846354292066906
-0.48193215251529864,66.94992,2.0921865,0.1,-5.604888783918966,-0.08397970309542475,-0.0007575605864877859
-12.568637152398594,67.04992,2.0953114,0.1,-5.613385539051521,-0.0859553970234414,-0.01975693898576522
-12.866251447722561,67.14992,2.0984364,0.1,-5.622082202714756,-0.08797787364945729,-0.020224765958786316
-12.866251704268024,67.14996,2.0984364,0.1,-5.630981114045623,-0.09000035031580017,-0.020224766362056217
0.18240574608572047,67.24996,2.1015613,0.1,-5.639979715571668,-0.08997167752330826,0.0002867279206465769
0.7991602983529198,67.34996,2.1046863,0.1,-5.648970602362697,-0.08984605561778078,0.0012562190365557181
0.5061004586602849,67.44996,2.1078112,0.1,-5.657951230301635,-0.08976650048455373,0.0007955513204159001
0.9764138477203517,67.54996,2.1109376,0.1,-5.66692020624314,-0.08961301567257439,0.0015348480969224068
0.05761007137143537,67.649956,2.1140625,0.1,-5.675881055150727,-0.08960395980861546,9.055863823977246e-5
-0.5776952520623126,67.749954,2.1171875,0.1,-5.6848459917296195,-0.08969476909747505,-0.0009080928750642805
-0.703315078060541,67.84995,2.1203125,0.1,-5.69382099656149,-0.08980532486516556,-0.0011055576604309105
-0.6169005100504137,67.94995,2.1234374,0.1,-5.702806377784723,-0.08990229692165176,-0.0009697205504120628
-11.856712116407039,68.04995,2.1265624,0.1,-5.711889796849271,-0.09176608166223968,-0.018637847128153622
-11.732061316517274,68.14995,2.1296873,0.1,-5.721158614682875,-0.0936102722475124,-0.01844190557792127
0.46421463890840187,68.24995,2.1328123,0.1,-5.730515993496976,-0.09353730124578269,0.0007297100064235725
0.8023252802401544,68.349945,2.1359372,0.1,-5.739863417790014,-0.09341118182923464,0.0012611941466873055
0.32962551830719633,68.44994,2.1390622,0.1,-5.749201945381183,-0.09335936721105906,0.0005181461740347633
-0.30117967464775575,68.54994,2.142187,0.1,-5.758540249398863,-0.09340671035950296,-0.00047343147738438453
-0.6206569876289905,68.64994,2.145312,0.1,-5.767885798701379,-0.09350427290562242,-0.0009756254466566945
-0.7338659474886526,68.74994,2.148437,0.1,-5.777241994037931,-0.0936196310370452,-0.0011535812970380102
-0.6411920285144106,68.84994,2.151562,0.1,-5.786608996806113,-0.0937204215350179,-0.0010079049647081814
-0.5163274617726188,68.949936,2.154687,0.1,-5.795985097236337,-0.09380158427515618,-0.0008116273892885745
-10.690205494708575,69.049934,2.1578119,0.1,-5.805449276744577,-0.0954820030690996,-0.01680418768903222
-10.85170852103056,69.14993,2.1609368,0.1,-5.815082767486951,-0.09718780890736545,-0.017058058128473694
0.3397866364956599,69.24993,2.1640618,0.1,-5.8247988779290445,-0.09713439703888632,0.0005341186768321977
0.717970857547698,69.34993,2.1671867,0.1,-5.834506674800367,-0.09702153749440666,0.0011285954279792664
0.553057888129274,69.44993,2.1703117,0.1,-5.844204481870161,-0.09693460101130434,0.0008693648180686782
-0.5251799526611691,69.54993,2.1734366,0.1,-5.853902069830007,-0.09701715529551254,-0.0008255428297803667
-0.8574245722327305,69.649925,2.1765616,0.1,-5.863610524534482,-0.09715193590064515,-0.0013478060312422226
-0.7971142912479081,69.74992,2.1796865,0.1,-5.873331983283848,-0.09727723618945595,-0.0012530028694368795
-0.5220152649742431,69.84992,2.1828115,0.1,-5.883063809888781,-0.09735929300888962,-0.0008205681821092253
-0.28897193278453415,69.94992,2.1859365,0.1,-5.892802010544005,-0.09740471719339325,-0.00045424183826749646
-9.72061821447096,70.04992,2.1890614,0.1,-5.902618882762943,-0.09893272425971494,-0.015280070435526108
-10.130014526075684,70.14992,2.1921864,0.1,-5.912591773389771,-0.10052508530468861,-0.01592361021245636
0.22644665660183705,70.249916,2.1953113,0.1,-5.9226425022856155,-0.10048948961686317,0.0003559568729501613
0.6453159017478356,70.349915,2.1984363,0.1,-5.932686379459997,-0.10038805087746154,0.0010143873789007385
0.6453157712016946,70.34996,2.1984363,0.1,-5.942720112761314,-0.10028661215858077,0.0010143871736921616
0.5393735943083584,70.44996,2.2015612,0.1,-5.952744534855724,-0.10020182674212819,0.0008478541518918351
-0.4630684369900564,70.54996,2.2046862,0.1,-5.96276835722068,-0.1002746175696558,-0.0007279082644294695
-0.7787882357567355,70.649956,2.207811,0.1,-5.972801940105788,-0.10039703714227445,-0.001224195707944454
-0.7517268877177727,70.749954,2.2109375,0.1,-5.982847552256459,-0.10051520287731656,-0.0011816573328131206
-0.5053919672484302,70.84995,2.2140625,0.1,-5.992903044882218,-0.10059464664109573,-0.0007944376259535471
-0.276602260089021,70.94995,2.2171874,0.1,-6.002964683684572,-0.10063812640736691,-0.00043479765623281175
-9.208255887933774,71.04995,2.2203124,0.1,-6.01310086985711,-0.10208559402257629,-0.014474675936404294
-9.583907407155493,71.14995,2.2234373,0.1,-6.023384755271099,-0.10359211119236963,-0.015065171473444851
1.349406315719615,71.24995,2.2265623,0.1,-6.033733360725343,-0.10337999480838397,0.0021211638082487615
1.1182513378596362,71.349945,2.2296872,0.1,-6.0440625713309,-0.1032042142244259,0.0017578058133874044
0.11054182096310683,71.44994,2.2328122,0.1,-6.054382124090546,-0.10318683789302094,0.00017376331146028005
-0.6960879886885181,71.54994,2.235937,0.1,-6.064706279019908,-0.10329625761736669,-0.0010941972271527106
-0.8139709964110438,71.64994,2.239062,0.1,-6.07504230243738,-0.10342420765170149,-0.001279500324281898
-0.6472108310280476,71.74994,2.242187,0.1,-6.085389810187132,-0.10352594425953766,-0.001017366063201792
-0.42194416439599536,71.84994,2.245312,0.1,-6.095745721087672,-0.10359227066497456,-0.0006632640444855605
0.14470161825272498,71.949936,2.248437,0.1,-6.106103811008963,-0.10356952467389458,0.00022745990741048598
-8.61537207556512,72.049934,2.2515619,0.1,-6.116528477171716,-0.10492379547437272,-0.013542707802979424
-9.101901514369047,72.14993,2.2546868,0.1,-6.127092394352498,-0.10635454499298005,-0.014307494972875038
0.0462650698208904,72.24993,2.2578118,0.1,-6.137727485384461,-0.10634727247676241,7.272516109266958e-5
0.5456166265626052,72.34993,2.2609367,0.1,-6.148357924451867,-0.10626150570324083,0.000857667722435542
0.5072467505014728,72.44993,2.2640617,0.1,-6.1589800884143955,-0.1061817703816765,0.000797353203761853
-0.383911568565793,72.54993,2.2671866,0.1,-6.169601283009399,-0.10624211835303679,-0.0006034797046103197
-0.6938617163195602,72.649925,2.2703116,0.1,-6.180230948491662,-0.10635118812434084,-0.0010906976967878929
-0.6898983432469805,72.74992,2.2734365,0.1,-6.1908714898006165,-0.1064596348836175,-0.0010844675766067372
-0.47634771079962146,72.84992,2.2765615,0.1,-6.201521197359077,-0.10653451311173723,-0.0007487822700395988
-0.26554566039111727,72.94992,2.2796865,0.1,-6.212176735916686,-0.10657625486483938,-0.0004174175248014715
-8.44639253284339,73.04992,2.2828114,0.1,-6.222900746988209,-0.10790396336962339,-0.013277084849996125
-8.79724625036124,73.14992,2.2859364,0.1,-6.2337602864886925,-0.10928682340363982,-0.013828600134102025
0.17727440982022813,73.249916,2.2890613,0.1,-6.244687575682608,-0.10925895721808383,0.0002786618514074447
0.5422197794459045,73.349915,2.2921863,0.1,-6.2556092099264085,-0.10917372440302898,0.0008523281378477396
0.4481723621267293,73.44991,2.2953112,0.1,-6.266523060065434,-0.10910327512489149,0.0007044927708772525
-0.05417885812516943,73.54991,2.2984362,0.1,-6.2774338135656755,-0.10911179162829013,-8.516503271741966e-5
-0.05417898540781607,73.54996,2.2984362,0.1,-6.28834541871727,-0.10912030815169664,-8.516523279603226e-5
-0.7781679077711487,73.649956,2.301561,0.1,-6.299263565798222,-0.10924263021348578,-0.0012232205996639146
-0.8443837738586808,73.749954,2.304686,0.1,-6.310194465517007,-0.10937536090454643,-0.0013273068908280531
-0.604290640082354,73.84995,2.307811,0.1,-6.321136751264568,-0.10947035078562038,-0.000949898796584931
-0.28665806567983054,73.94995,2.3109374,0.1,-6.332086039529399,-0.10951541124785774,-0.00045060461565899157
-7.899408449451585,74.04995,2.3140624,0.1,-6.343099667157174,-0.1107571380253331,-0.012417267589721866
-8.108351907041792,74.14995,2.3171873,0.1,-6.354239109680492,-0.11203170912120626,-0.012745710768805665
0.2967254371201662,74.24995,2.3203123,0.1,-6.365439948610705,-0.11198506614493937,0.0004664297557184919
0.5420030101028885,74.349945,2.3234372,0.1,-6.376634195454978,-0.11189986740437245,0.0008519873929736517
0.4105312289334506,74.44994,2.3265622,0.1,-6.387820955743161,-0.11183533502536983,0.0006453237804101558
-0.07854063260418798,74.54994,2.329687,0.1,-6.399005106711784,-0.11184768101396486,-0.00012345988411068212
-0.7628219347408276,74.64994,2.332812,0.1,-6.410195870469527,-0.11196759080580237,-0.001199097900507197
-0.8154521384325073,74.74994,2.335937,0.1,-6.421399038859977,-0.11209577366436965,-0.0012818285665720116
-0.574453932384408,74.84994,2.339062,0.1,-6.432613131382422,-0.11218607344249003,-0.0009029977677480906
-0.26388325946440006,74.949936,2.342187,0.1,-6.44383381291569,-0.11222755387884184,-0.00041480435733702895
-7.6301061430225445,75.049934,2.3453119,0.1,-6.455116538197113,-0.11342694838710127,-0.01199394490387052
-8.141213287831647,75.14993,2.3484368,0.1,-6.466523220038515,-0.11470668504147576,-0.012797366353049282
0.09638508879811525,75.24993,2.3515618,0.1,-6.477993131163525,-0.11469153404042602,0.00015151000823971711
0.4862887832313163,75.34993,2.3546867,0.1,-6.489458462693969,-0.11461509315151792,0.00076440887769042
0.42761990406592076,75.44993,2.3578117,0.1,-6.500916611250439,-0.11454787456308084,0.0006721858743544739
-0.0216050439216815,75.54993,2.3609366,0.1,-6.512371568684848,-0.11455127071125291,-3.396148121468996e-5
-0.6787132936819376,75.649925,2.3640616,0.1,-6.523832030354486,-0.11465795926602082,-0.0010668855317812055
-0.760522330103754,75.74992,2.3671865,0.1,-6.535303803867607,-0.11477750757754322,-0.0011954830974099991
-0.5399046387134092,75.84992,2.3703115,0.1,-6.5467857982410855,-0.11486237647012722,-0.0008486889131934865
-0.2611046479771346,75.94992,2.3734365,0.1,-6.558274088242277,-0.11490342012993936,-0.0004104365920054812
-5.772424487366493,76.04992,2.3765614,0.1,-6.569809799482981,-0.11581080124623232,-0.009073811027719302
-8.296253943452768,76.14992,2.3796864,0.1,-6.581456085174312,-0.11711490910952885,-0.01304107843863805
-0.35643765318460874,76.249916,2.3828113,0.1,-6.593170377723889,-0.11717093839087213,-0.000560292805083783
0.3048569577747804,76.349915,2.3859363,0.1,-6.604885075678073,-0.1171230172015589,0.00047921188599138654
0.40890715049287785,76.44991,2.3890612,0.1,-6.616594163718395,-0.117058740115304,0.0006427708529710525
0.09923079962418768,76.54991,2.3921862,0.1,-6.628299257988091,-0.11704314179021015,0.000155983248614161
-0.2737114614270606,76.64991,2.395311,0.1,-6.640005723609289,-0.1170861671449732,-0.0004302535412192294
-0.4468127457207318,76.74991,2.398436,0.1,-6.6517178522761515,-0.11715640270177838,-0.0007023555575858169
-0.4468128620890104,76.749954,2.398436,0.1,-6.6634370044997135,-0.11722663827687575,-0.0007023557405078753
-0.4642680383423198,76.84995,2.401561,0.1,-6.675163317471922,-0.11729961767258931,-0.0007297939462608832
-0.39786974760838967,76.94995,2.404686,0.1,-6.686896406518551,-0.11736215976326789,-0.0006254208974662485
-6.0603001288442115,77.04995,2.407811,0.1,-6.698680254319079,-0.11831479273542996,-0.009526329579667306
-8.073879463442154,77.14995,2.4109373,0.1,-6.710575191384399,-0.11958394502601198,-0.012691522716701839
-2.4651078032638907,77.24995,2.4140623,0.1,-6.7225529608730294,-0.11997144117692804,-0.0038749614514190954
1.003973369556519,77.349945,2.4171872,0.1,-6.734542214321442,-0.11981362421824969,0.001578169563266919
0.8336571323379047,77.44994,2.4203122,0.1,-6.746517024694465,-0.11968257967344847,0.0013104454284850412
0.06592225682749131,77.54994,2.423437,0.1,-6.758484764716337,-0.11967221719731395,0.00010362475980111628
-0.41538934491541113,77.64994,2.426562,0.1,-6.770455251416331,-0.11973751323510717,-0.0006529603682022577
-0.583505731432183,77.74994,2.429687,0.1,-6.782433589050929,-0.11982923588702044,-0.0009172265054648262
-0.5326715639272379,77.84994,2.432812,0.1,-6.7944206994136715,-0.11991296779539821,-0.0008373190713007566
-0.4141080923533309,77.949936,2.435937,0.1,-6.806415251103677,-0.11997806243005786,-0.0006509463368966007
-5.8262701629137155,78.049934,2.4390619,0.1,-6.818458849788443,-0.12089390767598863,-0.009158452322836231
-7.402497378212502,78.14993,2.4421868,0.1,-6.830606421544349,-0.12205752382187304,-0.011636161285451778
-2.322205618001121,78.24993,2.4453118,0.1,-6.842830425759537,-0.12242255683885496,-0.0036503301154249407
0.8800476853292594,78.34993,2.4484367,0.1,-6.855065764786443,-0.12228422005283848,0.001383367839551001
0.7739707297160578,78.44993,2.4515617,0.1,-6.867288103858984,-0.1221625577554373,0.0012166229558827032
0.09382213349056645,78.54993,2.4546866,0.1,-6.879503622410352,-0.12214780963142009,0.0001474812379744524
-0.3658218285366477,78.649925,2.4578116,0.1,-6.891721278775659,-0.122205314033577,-0.0005750440130002732
-0.5419362730778818,78.74992,2.4609365,0.1,-6.903946069773681,-0.12229050228359244,-0.0008518824874604157
-0.504796237319205,78.84992,2.4640615,0.1,-6.916179087690305,-0.122369852403169,-0.0007935011839414988
-0.4038372534784713,78.94992,2.4671865,0.1,-6.92841924711987,-0.1224333325402698,-0.000634801361548617
-5.368938865614382,79.04992,2.4703114,0.1,-6.940704778369617,-0.12327728879328825,-0.00843956240442535
-7.728632371595154,79.14992,2.4734364,0.1,-6.953093251537556,-0.12449217087344437,-0.012148820620529674
-2.3834621655697927,79.249916,2.4765613,0.1,-6.965561201914647,-0.12486683295264005,-0.003746620736127752
0.868771175073789,79.349915,2.4796863,0.1,-6.978041057185646,-0.1247302687480555,0.0013656420254958813
0.7576275617601027,79.44991,2.4828112,0.1,-6.990508129582425,-0.12461117547204491,0.0011909327423595688
0.08469918071358506,79.54991,2.4859362,0.1,-7.002968581612035,-0.12459786140664428,0.00013314065202234374
-0.36354324049471953,79.64991,2.489061,0.1,-7.0154312252496815,-0.12465500763213459,-0.0005714622463876952
-0.5196614447122272,79.74991,2.492186,0.1,-7.027900810539548,-0.12473669444897029,-0.0008168681561846778
-0.46982855335582485,79.84991,2.495311,0.1,-7.0403781728436865,-0.12481054791524661,-0.0007385346517581602
-0.3650037877211787,79.949905,2.498436,0.1,-7.052862096611855,-0.12486792372762466,-0.0005737581152308399
-0.3650038831833058,79.94995,2.498436,0.1,-7.065351757962097,-0.12492529955500863,-0.0005737582652900228
-5.531409097902269,80.04995,2.501561,0.1,-7.0778877628711365,-0.1257947948897527,-0.008694953217875823
-7.133206333142425,80.14995,2.5046859,0.1,-7.09052330683074,-0.12691608053662093,-0.011212856301597811
-2.482099779402084,80.24995,2.5078108,0.1,-7.103234423431813,-0.12730624769662685,-0.003901671541919703
0.47783572659534457,80.349945,2.5109372,0.1,-7.115961292784478,-0.12723113556376975,0.0007511213173785814
0.6512717557594825,80.44994,2.5140622,0.1,-7.1286792877826555,-0.1271287606095292,0.0010237495271503423
0.27672919241761207,80.54994,2.517187,0.1,-7.14138998904706,-0.1270852608904638,0.00043499718417214895
-0.17457046898438122,80.64994,2.520312,0.1,-7.154099887382832,-0.12711270203713718,-0.00027441146264474967
-0.4042115904864758,80.74994,2.523437,0.1,-7.166814334725006,-0.1271762410171614,-0.0006353897907742827
-0.4277738391217003,80.84994,2.526562,0.1,-7.179535321155573,-0.12724348380301553,-0.0006724278485214365
-0.34230813304135665,80.949936,2.529687,0.1,-7.192262360136947,-0.12729729203152593,-0.0005380822770859167
-5.442550519724534,81.049934,2.5328119,0.1,-7.205034865902614,-0.12815281947530224,-0.008555274310279677
-7.00045738375772,81.14993,2.5359368,0.1,-7.217905168968136,-0.12925323799950078,-0.011004185078010332
-2.3976249755203867,81.24993,2.5390618,0.1,-7.230849337379216,-0.12963012636443322,-0.0037688835931637254
0.47619365904654387,81.34993,2.5421867,0.1,-7.24380860750815,-0.12955527235207448,0.0007485401124333842
0.625305519395269,81.44993,2.5453117,0.1,-7.256759220273343,-0.1294569790922051,0.0009829325840468633
0.27513251205087386,81.54993,2.5484366,0.1,-7.269702755938783,-0.1294137303591191,0.00043248732441544525
-0.18155494865548238,81.649925,2.5515616,0.1,-7.282645556120239,-0.12944226941274206,-0.000285390531977094
-0.3950782263883639,81.74992,2.5546865,0.1,-7.295592888418685,-0.12950437269756943,-0.0006210328390194349
-0.419127964752704,81.84992,2.5578115,0.1,-7.308546620067484,-0.12957025641789513,-0.0006588371934396121
-0.33905321385171305,81.94992,2.5609365,0.1,-7.321506310731389,-0.12962355299792677,-0.0005329657923745164
-5.2969339614191995,82.04992,2.5640614,0.1,-7.334510298106512,-0.130456190629023,-0.008326376186889538
-6.826363149779354,82.14992,2.5671864,0.1,-7.347609569976511,-0.13152924286705994,-0.010730522220472298
-2.3499701082672573,82.249916,2.5703113,0.1,-7.360780964328644,-0.13189864025021522,-0.0036939737765082944
0.46623736894571266,82.349915,2.5734363,0.1,-7.373967164102181,-0.1318253512907464,0.0007328895837673418
0.6154808083375656,82.44991,2.5765612,0.1,-7.387144861983109,-0.13172860240054463,0.0009674888876010019
0.2978988995481586,82.54991,2.5796862,0.1,-7.400315381047639,-0.1316817749649314,0.00046827434915458374
-0.18332259079312507,82.64991,2.582811,0.1,-7.413484999586049,-0.13171059187842063,-0.00028816913059829846
-0.38349525207217994,82.74991,2.585936,0.1,-7.426659073096679,-0.13177087440800242,-0.0006028252868350789
-0.40630663186266247,82.84991,2.589061,0.1,-7.439839354149108,-0.13183474271255688,-0.000638683036027534
-0.32946038284775625,82.949905,2.592186,0.1,-7.453025418049859,-0.13188653137269735,-0.0005178865936875082
-5.159650307028642,83.049904,2.595311,0.1,-7.466254624268628,-0.1326975890600728,-0.008110576752897641
-6.65420738551984,83.1499,2.5984359,0.1,-7.479576682906377,-0.13374357972460768,-0.010459906489484002
-6.654207396491984,83.14995,2.5984359,0.1,-7.493003340612223,-0.13478957039086728,-0.010459906506731375
-2.2952137747320194,83.24995,2.6015608,0.1,-7.506500337357681,-0.13515036049589255,-0.003607900996490657
0.458477768553621,83.349945,2.6046858,0.1,-7.520011770148134,-0.13507829128644058,0.0007206920837805418
0.6063593439434953,83.44994,2.6078107,0.1,-7.533514833724712,-0.13498297622089295,0.0009531506412733097
0.29796361127432647,83.54994,2.610937,0.1,-7.5470107896675165,-0.13493613861308976,0.0004683760710525158
-0.1728103041051554,83.64994,2.614062,0.1,-7.560505761953025,-0.13496330307526488,-0.00027164461770348133
-0.3683670162940871,83.74994,2.617187,0.1,-7.574004987686019,-0.1350212075615309,-0.0005790448540319081
-0.3911904081890043,83.84994,2.620312,0.1,-7.587510183250887,-0.13508269971098086,-0.0006149214853363638
-0.31674686845200206,83.949936,2.623437,0.1,-7.6010209429329425,-0.1351324899035953,-0.0004979019187250658
-5.029728645593423,84.049934,2.6265619,0.1,-7.614573723874895,-0.13592312489640945,-0.007906349810327739
-6.486409005203313,84.14993,2.6296868,0.1,-7.628217017269765,-0.13694273893497425,-0.010196140233713688
-2.28076432956982,84.24993,2.6328118,0.1,-7.641929217305711,-0.137301257697393,-0.0035851875707638868
0.42970792260030066,84.34993,2.6359367,0.1,-7.655655965939544,-0.13723371088836286,0.0006754680802360414
0.604834819030657,84.44993,2.6390617,0.1,-7.66937458346171,-0.13713863546650745,0.000950754204386795
0.310428388870605,84.54993,2.6421866,0.1,-7.683086007363888,-0.13708983849070658,0.00048796975073749343
-0.15980516163767788,84.649925,2.6453116,0.1,-7.696796247424904,-0.1371149586436464,-0.000251201525654945
-0.3561687661108408,84.74992,2.6484365,0.1,-7.710510542844345,-0.13717094565799187,-0.0005598701351120049
-0.37836651757356776,84.84992,2.6515615,0.1,-7.72423061143117,-0.13723042198961563,-0.0005947633073750439
-0.30362306270263417,84.94992,2.6546865,0.1,-7.7379560401961776,-0.13727814922003162,-0.00047727229704792043
-4.897847242732496,85.04992,2.6578114,0.1,-7.751722350535407,-0.13804805346187482,-0.007699042303707325
-6.323539624946534,85.14992,2.6609364,0.1,-7.7655768566987335,-0.13904206567569669,-0.009940121990099382
-2.2270590571895355,85.249916,2.6640613,0.1,-7.779498567308908,-0.13939214237878492,-0.0035007669787167454
0.4162277304674262,85.349915,2.6671863,0.1,-7.793434510363167,-0.13932671455317538,0.0006542782463458358
0.5908589382413538,85.44991,2.6703112,0.1,-7.807362538100031,-0.13923383603321787,0.0009287851857351669
0.30866315399794075,85.54991,2.6734362,0.1,-7.821283495936074,-0.13918531653887956,0.00048519493615323153
-0.14865476599675276,85.64991,2.676561,0.1,-7.8352031961671695,-0.13920868393464325,-0.00023367395415505027
-0.34120689197447973,85.74991,2.679686,0.1,-7.849126746524202,-0.1392623190564546,-0.00053635121012113
-0.36468634177549575,85.84991,2.682811,0.1,-7.8630558449330215,-0.1393196449687504,-0.0005732591144160268
-0.2914033265906255,85.949905,2.685936,0.1,-7.876990099956586,-0.13936545134982165,-0.00045806380388674795
-4.721657686015305,86.049904,2.689061,0.1,-7.890963755729138,-0.14010765993674495,-0.007422085758635431
-6.144692225886132,86.1499,2.6921859,0.1,-7.905022816870627,-0.1410735587030959,-0.009658987519579257
-2.1909969516895913,86.2499,2.6953108,0.1,-7.919147393352162,-0.141417966718163,-0.0034440800993501427
0.40727247114742227,86.3499,2.6984358,0.1,-7.933285989228303,-0.14135394659103723,0.0006402012617180109
0.4072723945218115,86.349945,2.6984358,0.1,-7.947418183092239,-0.14128992647595642,0.0006402011412683951
0.584140737857183,86.44994,2.7015607,0.1,-7.961542584826801,-0.1411981040058749,0.0009182246871325896
0.3092691669340013,86.54994,2.7046857,0.1,-7.975659964700006,-0.14114948925092372,0.00048614754226773357
-0.13938655033776334,86.64994,2.7078106,0.1,-7.9897760093605905,-0.14117139975385337,-0.0002191050260317157
-0.3282224684195718,86.74994,2.710937,0.1,-8.003895729249848,-0.1412229938232845,-0.0005159406866229088
-0.18232709314587936,86.84994,2.714062,0.1,-8.018019461864078,-0.14125165425213396,-0.0002866042842240555
-0.1446813202592372,86.949936,2.717187,0.1,-8.03214576463981,-0.14127439705252415,-0.00022742800051286382
-4.58841698120634,87.049934,2.7203119,0.1,-8.046309267764316,-0.14199566121657456,-0.007212641533027508
-5.997305742292156,87.14993,2.7234368,0.1,-8.060555970635011,-0.14293839195148522,-0.00942730720862868
-2.1732350973479697,87.24993,2.7265618,0.1,-8.07486689084276,-0.14328000793847898,-0.003416159819032837
0.39580218811374834,87.34993,2.7296867,0.1,-8.08919178099576,-0.1432177908523884,0.0006221708516347263
0.5935773620717555,87.44993,2.7328117,0.1,-8.103508895002568,-0.14312448501693195,0.000933058340660675
0.3097111486904396,87.54993,2.7359366,0.1,-8.11781890950594,-0.14307580078581864,0.00048684230387862997
-0.12060833675437621,87.649925,2.7390616,0.1,-8.132127437733283,-0.1430947594967516,-0.00018958710650470906
-0.313626597935298,87.74992,2.7421865,0.1,-8.146439378881716,-0.143144059206632,-0.0004929970914577881
-0.3380302513214666,87.84992,2.7453115,0.1,-8.160756441804626,-0.1431971949847537,-0.00053135777329896
-0.2658680735164589,87.94992,2.7484365,0.1,-8.175078251138212,-0.14323898741874083,-0.0004179243336438581
-4.471709685661611,88.04992,2.7515614,0.1,-8.189437296027405,-0.14394190608579208,-0.007029186565769515
-5.841068908774108,88.14992,2.7546864,0.1,-8.203877395425955,-0.1448600775817358,-0.00918171482261918
-2.1324166822949984,88.249916,2.7578113,0.1,-8.218380163382406,-0.14519527722511222,-0.0033519963838155756
0.29090373662436875,88.349915,2.7609363,0.1,-8.232897404928774,-0.14514954937577443,0.0004572784865638311
0.5531482956474439,88.44991,2.7640612,0.1,-8.247408012547853,-0.1450625986812996,0.0008695069317918035
0.3244467172586156,88.54991,2.7671862,0.1,-8.261911722604598,-0.14501159813116193,0.0005100054937767849
0.4158315184864678,88.64991,2.770311,0.1,-8.276409614356544,-0.1449462325870548,0.0006536554313311044
0.3967866675197129,88.74991,2.773436,0.1,-8.290901119239251,-0.14488386074830797,0.0006237183781740434
0.01840695001284587,88.84991,2.776561,0.1,-8.305389360858364,-0.1448809673161138,2.8934321510620144e-5
-0.305219402460982,88.949905,2.779686,0.1,-8.319879856714042,-0.14492894547896815,-0.00047978162139421287
-4.725243783664395,89.049904,2.782811,0.1,-8.33440989009316,-0.1456717177730989,-0.007427722830625892
-5.966611494618796,89.1499,2.7859359,0.1,-8.349023957379897,-0.14660962360631033,-0.0093790581923556
-1.887664648362247,89.2499,2.7890608,0.1,-8.363699756283705,-0.14690635009611827,-0.0029672648538637786
0.5035184069303433,89.3499,2.7921858,0.1,-8.378386434049446,-0.14682720084173576,0.0007914925320311302
0.6201706191935585,89.4499,2.7953107,0.1,-8.393064280047701,-0.1467297147490259,0.0009748609125718199
0.2995510303822755,89.5499,2.7984357,0.1,-8.407734897384314,-0.1466826276110426,0.00047087137281676486
0.29955097253550633,89.54994,2.7984357,0.1,-8.422400806007513,-0.14663554048215233,0.00047087128188605577
-0.1338934216418295,89.64994,2.8015606,0.1,-8.437065412625497,-0.14665658750713456,-0.00021047024668606405
-0.31687824425596034,89.74994,2.8046856,0.1,-8.451733562136978,-0.14670639835102367,-0.0004981084314687736
-0.33350773307928705,89.84994,2.8078105,0.1,-8.466406823434365,-0.1467588232237606,-0.0005242487195575447
-0.2469316549763647,89.949936,2.810937,0.1,-8.481084646764128,-0.14679763899713813,-0.00038815772799129884
-4.170510228200158,90.049934,2.8140619,0.1,-8.49579718950352,-0.147453211406038,-0.006555723991310846
-5.4840473950116575,90.14993,2.8171868,0.1,-8.510585613386297,-0.14831526184220742,-0.00862050423323844
-2.0250136983496,90.24993,2.8203118,0.1,-8.525433055627422,-0.1486335785554253,-0.003183167084746073
0.28824997865980606,90.34993,2.8234367,0.1,-8.54029414816947,-0.1485882678566054,0.0004531069814473159
0.5470442769334909,90.44993,2.8265617,0.1,-8.555148675617017,-0.14850227666733096,0.0008599118799307888
0.33801214678155134,90.54993,2.8296866,0.1,-8.569996246858386,-0.1484491437351049,0.0005313293143430577
-0.015032108117310372,90.649925,2.8328116,0.1,-8.584841279599743,-0.1484515066678853,-2.3629327452137478e-5
-0.20569133713436827,90.74992,2.8359365,0.1,-8.599688047143259,-0.14848383977774396,-0.00032333109376847893
-0.23140912171254513,90.84992,2.8390615,0.1,-8.614538250129794,-0.1485202155272474,-0.0003637574896138811
-0.16841681812431375,90.94992,2.8421865,0.1,-8.629391595595834,-0.14854668936692544,-0.00026473839283551795
-4.08913399810001,91.04992,2.8453114,0.1,-8.644278403788658,-0.14918947005292454,-0.006427806764209307
-5.436602243188645,91.14992,2.8484364,0.1,-8.659240080637899,-0.15004406247298335,-0.008545924073244025
-1.9408429084465553,91.249916,2.8515613,0.1,-8.674259741394348,-0.1503491481798072,-0.003050857022777202
0.2962037177065895,91.349915,2.8546863,0.1,-8.689292328388033,-0.15030258721385417,0.0004656096525922148
0.5722695766930883,91.44991,2.8578112,0.1,-8.704318089512617,-0.15021263079979336,0.0008995641272035088
0.36693844870600856,91.54991,2.8609362,0.1,-8.719336468820071,-0.15015495087345973,0.0005767992547411908
0.01312612102123012,91.64991,2.864061,0.1,-8.734351860964857,-0.1501528875473182,2.0633261107925524e-5
-0.1744061781599644,91.74991,2.867186,0.1,-8.749368520709425,-0.15018030286872666,-0.00027415320999933017
-0.19582993561853357,91.84991,2.870311,0.1,-8.764388090368742,-0.15021108584145745,-0.0003078297227208393
-0.13099487891131645,91.949905,2.873436,0.1,-8.779410228746544,-0.150231677237623,-0.0002059139585873619
-3.945756143743324,92.049904,2.876561,0.1,-8.794464408833656,-0.15085192001813327,-0.006202427712679095
-5.257396012341587,92.1499,2.8796859,0.1,-8.809590922189221,-0.1516783425851003,-0.0082642255465236
-1.8529661317664363,92.2499,2.8828108,0.1,-8.824773320281345,-0.15196961473266585,-0.002912721432252696
0.25237257756154463,92.3499,2.8859358,0.1,-8.839968298428788,-0.15192994368774343,0.00039671044331263794
1.032990792470045,92.4499,2.8890607,0.1,-8.855153174110018,-0.1517675654114328,0.0016237827389100135
0.6430031699785701,92.5499,2.8921857,0.1,-8.870324877117458,-0.15166649021583137,0.0010107519409529495
0.049233224242087203,92.649895,2.8953106,0.1,-8.885491139410663,-0.15165875112837007,7.739087345979947e-5
-0.1984933740008188,92.74989,2.8984356,0.1,-8.900658574831759,-0.15168995277330657,-0.0003120164447156828
-0.19849342567848538,92.74994,2.8984356,0.1,-8.915829130417801,-0.1517211544263664,-0.0003120165259490332
-0.25058867269557616,92.84994,2.9015605,0.1,-8.931003215617984,-0.15176054505504566,-0.0003939062809228738
-0.16340281318544214,92.949936,2.9046855,0.1,-8.946180554633466,-0.1517862307313777,-0.00025685675949289996
-3.7706973820796534,93.049934,2.9078104,0.1,-8.961388814177122,-0.1523789556093285,-0.005927248691184891
-5.04961163540851,93.14993,2.9109368,0.1,-8.976666397988069,-0.15317271605653934,-0.007937604353829005
-1.747855677465747,93.24993,2.9140618,0.1,-8.991997407301453,-0.15344746564212663,-0.0027474958149320086
0.28978956713860393,93.34993,2.9171867,0.1,-9.007339876458767,-0.15340191293173677,0.00045552709711061133
1.0275840971341685,93.44993,2.9203117,0.1,-9.022671991561156,-0.1532403845467084,0.0016152838262140457
0.665245869895263,93.54993,2.9234366,0.1,-9.037990801665172,-0.15313581296827444,0.0010457157687573766
0.0816347699852713,93.649925,2.9265616,0.1,-9.05330374157201,-0.15312298060487503,0.00012832363208195463
-0.16020720482792683,93.74992,2.9296865,0.1,-9.068617299028242,-0.1531481639559389,-0.00025183350688593115
-0.21104684790690698,93.84992,2.9328115,0.1,-9.083933774399835,-0.1531813389112567,-0.00033174954823475837
-0.1183575864891111,93.94992,2.9359365,0.1,-9.09925283876474,-0.15319994382140933,-0.00018604909875384075
-3.606541318722975,94.04992,2.9390614,0.1,-9.114601179415411,-0.15376686461784447,-0.005669207879873669
-4.858430148645766,94.14992,2.9421864,0.1,-9.130016051515655,-0.15453057279304155,-0.007637081638169369
-1.6718993473039063,94.249916,2.9453113,0.1,-9.145482249516906,-0.15479338262267317,-0.0026280982571543353
0.3058277296464098,94.349915,2.9484363,0.1,-9.160959184320435,-0.1547453088354236,0.000480737865332211
1.049220683905972,94.44991,2.9515612,0.1,-9.176425468959868,-0.15458037934392763,0.0016492948903833343
0.6760635986528314,94.54991,2.9546862,0.1,-9.19187819352238,-0.15447410730101513,0.0010627204132893453
0.14272454058288986,94.64991,2.957811,0.1,-9.207324482722171,-0.15445167209147018,0.00022435209210645382
-0.11166182705612471,94.74991,2.960936,0.1,-9.222770527780874,-0.15446922447929323,-0.00017552387561493995
-0.1595531158688459,94.84991,2.964061,0.1,-9.238218704485663,-0.15449430501255995,-0.00025080532893002937
-0.08371225735672283,94.949905,2.967186,0.1,-9.253668793163571,-0.1545074639411339,-0.0001315892837786171
-3.47041516012132,95.049904,2.970311,0.1,-9.269146815928437,-0.15505298674336074,-0.0054552279409790004
-4.6912185463479545,95.1499,2.9734359,0.1,-9.284688986023681,-0.15579041052961826,-0.007374237752690548
-1.5787348082088783,95.2499,2.9765608,0.1,-9.300280435562696,-0.15603857560405765,-0.0024816507074145342
0.3355336193377525,95.3499,2.9796858,0.1,-9.315881656189248,-0.1559858322774477,0.0005274332582402421
0.8966022166575556,95.4499,2.9828107,0.1,-9.331473192697718,-0.15584489324533007,0.001409390300174639
0.6673997591346392,95.5499,2.9859357,0.1,-9.34705243674673,-0.15573998309193046,0.0010491015183631985
0.23557213810323674,95.649895,2.9890606,0.1,-9.362624583780768,-0.15570295294799225,0.0003703014338641882
0.014820107154804418,95.74989,2.9921856,0.1,-9.378194762827189,-0.15570062334014667,2.3296078108523933e-5
-0.046331276458445814,95.84989,2.9953105,0.1,-9.39376518953939,-0.15570790626354292,-7.282923287728509e-5
0.01721312553721077,95.94989,2.9984355,0.1,-9.409335845109162,-0.15570520049145373,2.7057720488660133e-5
0.017212986978847766,95.949936,2.9984355,0.1,-9.424906230102808,-0.15570249474114486,2.705750268548142e-5
-3.3442813680571817,96.049934,3.0015604,0.1,-9.440502764585922,-0.15622819027299406,-0.005256955240157273
-4.530125830189718,96.14993,3.0046854,0.1,-9.456161188908528,-0.1569402915125584,-0.007121012289531873
-1.4837130468014834,96.24993,3.0078104,0.1,-9.471866879712719,-0.1571735198906189,-0.0023322837458511977
0.3475831209077569,96.34993,3.0109367,0.1,-9.487581500065128,-0.1571188824742362,0.0005463741556852788
0.901616667957569,96.44993,3.0140617,0.1,-9.50328630218329,-0.156977155208608,0.0014172726351629277
0.6891632645418326,96.54993,3.0171866,0.1,-9.518978601377459,-0.156868823998099,0.0010833120889471566
0.2744548640933431,96.649925,3.0203116,0.1,-9.53466332690039,-0.15682568178610506,0.0004314221135108398
0.05741116611940811,96.74992,3.0234365,0.1,-9.550345444082803,-0.15681665718853516,9.024597435421342e-5
-0.012495398487061493,96.84992,3.0265615,0.1,-9.566027208244401,-0.1568186213699034,-1.9641813389814043e-5
0.041836333357395006,96.94992,3.0296865,0.1,-9.581708741797435,-0.15681204501728996,6.576352515455085e-5
-16.531490581276103,97.04992,3.0328114,0.1,-9.597519877748338,-0.15941066928867795,-0.025986242326654637
-5.891747894961554,97.14992,3.0359364,0.1,-9.613507251807745,-0.16033680713483728,-0.009261378323587916
2.415165829092345,97.249916,3.0390613,0.1,-9.629521950477198,-0.1599571614814674,0.003796456477126987
1.1597613839305723,97.349915,3.0421863,0.1,-9.645508551581228,-0.15977485583476947,0.001823056439813777
-0.05936006900069479,97.44991,3.0453112,0.1,-9.661486503950307,-0.15978418678501247,-9.330950103955613e-5
-0.7924804534738144,97.54991,3.0484362,0.1,-9.67747115146124,-0.1599087586698569,-0.001245718829881705
-0.6850118005379784,97.64991,3.051561,0.1,-9.69346741149819,-0.16001643730187823,-0.0010767863041678501
-0.366649364131419,97.74991,3.054686,0.1,-9.709471937191086,-0.1600740717863209,-0.0005763448358385971
-0.09366976510217029,97.84991,3.057811,0.1,-9.7254800808169,-0.16008879595918923,-0.0001472417264891258
0.018404585526198503,97.949905,3.060936,0.1,-9.741488815998343,-0.16008590289867433,2.8930604717951358e-5
-2.978650300374966,98.049904,3.064061,0.1,-9.757520817582899,-0.16055412401451843,-0.004682211088670717
-4.353608926872312,98.1499,3.0671859,0.1,-9.773610447930517,-0.16123847814277326,-0.00684354118057137
-1.8094032940456373,98.2499,3.0703108,0.1,-9.789748517205352,-0.16152290254440355,-0.00284424397392044
0.2656552317672265,98.3499,3.0734358,0.1,-9.805898719751605,-0.16148114356751653,0.00041758976264763786
0.8026011550995804,98.4499,3.0765607,0.1,-9.82204052620979,-0.16135498078554403,0.0012616278009251755
0.4750237829983064,98.5499,3.0796857,0.1,-9.838172291022888,-0.1612803106687801,0.0007467011565127317
-0.038181601188984615,98.649895,3.0828106,0.1,-9.854300622422926,-0.161286312525363,-6.001856493451477e-5
-0.32455864806750867,98.74989,3.0859356,0.1,-9.870431804823076,-0.16133733067017036,-0.000510181440471332
-0.40794392676909297,98.84989,3.0890605,0.1,-9.886568744414294,-0.1614014563450002,-0.0006412567387429376
-0.3344480909919554,98.94989,3.0921855,0.1,-9.902711518923832,-0.16145402903483105,-0.000525726890474574
-3.1966444152187705,99.04989,3.0953104,0.1,-9.918882046474703,-0.1619565171633845,-0.005024881210657891
-4.283869752588089,99.14989,3.0984354,0.1,-9.935111368015967,-0.1626299088251835,-0.00673391651764695
-4.283869662896677,99.14993,3.0984354,0.1,-9.95140802872371,-0.1633033004728837,-0.006733916376658892
-1.6441328493868923,99.24993,3.1015604,0.1,-9.967751281271926,-0.1635617456207545,-0.002584451440196927
-0.19440922155270357,99.34993,3.1046853,0.1,-9.984108984060116,-0.1635923052680667,-0.0003055964685681037
0.8840650206131784,99.44993,3.1078103,0.1,-10.000461266416567,-0.16345333698757464,0.0013896827842126505
0.6555886575765015,99.54993,3.1109366,0.1,-10.016801447681898,-0.16335028344928362,0.0010305353675538983
0.0976379545183903,99.649925,3.1140616,0.1,-10.033135708873127,-0.16333493550729541,0.00015347941759513855
-0.26079424067597756,99.74992,3.1171865,0.1,-10.049471252410582,-0.16337593037344658,-0.000409948655403021
-0.3851315949022194,99.84992,3.1203115,0.1,-10.06581187267893,-0.1634364701236446,-0.0006053974929590113
-0.35267644814632604,99.94992,3.1234365,0.1,-10.082158291837304,-0.163491908172234,-0.0005543804776330599
-3.1774944539731678,100.04992,3.1265614,0.1,-10.098532456793555,-0.16399138607289274,-0.004994778932159307
-4.208665421059322,100.14992,3.1296864,0.1,-10.114964674151418,-0.1646529561871874,-0.006615701044365064
-1.510767608440915,100.249916,3.1328113,0.1,-10.131441844073109,-0.16489043733605416,-0.0023748114532800707
-0.10629460034655835,100.349915,3.1359363,0.1,-10.147931723487469,-0.16490714603676207,-0.0001670870045892349
0.8185167055219722,100.44991,3.1390612,0.1,-10.164416005107523,-0.1647784814516148,0.0012866458323002046
0.584733050452769,100.54991,3.1421862,0.1,-10.180889257719299,-0.16468656587450947,0.0009191557573567992
0.0643052781797877,100.64991,3.145311,0.1,-10.197357409137174,-0.16467645757508936,0.00010108299269489756
-0.23255897295703676,100.74991,3.148436,0.1,-10.213826882964964,-0.16471301407244113,-0.0003655649680703494
-0.3660476355249216,100.84991,3.151561,0.1,-10.230301061612558,-0.1647705539697349,-0.0005753989643633998
-0.32246996826509644,100.949905,3.154686,0.1,-10.246780651746109,-0.1648212437900029,-0.000506898195126853
-3.03619822013502,101.049904,3.157811,0.1,-10.26328663973157,-0.1652985110000465,-0.004772672029317741
-4.031755779769355,101.1499,3.1609359,0.1,-10.279848179141739,-0.1659322722676169,-0.006337612581266066
-1.4641357831375217,101.2499,3.1640608,0.1,-10.296452914165005,-0.16616242324910058,-0.0023015097805415764
-0.12784712453935754,101.3499,3.1671858,0.1,-10.313070161567191,-0.16618251984227964,-0.00020096592879583438
0.7793460302710429,101.4499,3.1703107,0.1,-10.329682288436276,-0.16606001258861638,0.001225072518377609
0.5507000191855411,101.5499,3.1734357,0.1,-10.346283961650318,-0.16597344674453393,0.000865658427925267
0.04711895890753226,101.649895,3.1765606,0.1,-10.362880936235031,-0.16596604000346254,7.406740961021663e-5
-0.23643077211761465,101.74989,3.1796856,0.1,-10.379479398738447,-0.16600320511812097,-0.0003716511410462377
-0.36268227556394095,101.84989,3.1828105,0.1,-10.396082570042084,-0.1660602160064888,-0.0005701088751828443
-0.3204464734218391,101.94989,3.1859355,0.1,-10.412691110477335,-0.16611058774879603,-0.0005037174155664679
-2.9029471231581283,102.04989,3.1890604,0.1,-10.429324985557757,-0.1665669089023972,-0.0045632114680144555
-3.8446393336082565,102.14989,3.1921854,0.1,-10.446011894096099,-0.16717125689134157,-0.006043479799389031
-1.8497805105884595,102.249886,3.1953104,0.1,-10.462743558604165,-0.16746202828354742,-0.0029077138787302332
0.004523122992395656,102.349884,3.1984353,0.1,-10.479489726132035,-0.16746131728310057,7.1100043626304196e-6
0.004523113698837733,102.34993,3.1984353,0.1,-10.496235822559932,-0.16746060628411458,7.10998975386619e-6
0.6707078156838975,102.44993,3.2015603,0.1,-10.512976611930068,-0.16735517612944845,0.0010543015309510933
0.4906609260625032,102.54993,3.2046852,0.1,-10.529708273384513,-0.16727804797302365,0.0007712815527549814
-0.11894765996103729,102.649925,3.210935,0.1,-10.546437013314353,-0.1672967456382269,-0.0001869766492464365
-0.11895255739503341,102.74992,3.210935,0.1,-10.563167623049234,-0.16731544407326945,-0.00018698434763914806
-0.22054111439547341,102.84992,3.2140617,0.1,-10.579900901074987,-0.16735011145488815,-0.00034667381102115006
-0.1959385662786417,102.94992,3.2171881,0.1,-10.596637452472303,-0.16738091150353043,-0.000308000481833201
-2.818009706359817,103.04992,3.220313,0.1,-10.613397692354368,-0.16782388114283492,-0.004429696327037337
-3.7350055126680672,103.14992,3.223438,0.1,-10.630209436438577,-0.1684109955310547,-0.005871143794711048
-1.7818024784268687,103.249916,3.226563,0.1,-10.647064540531035,-0.16869108129491822,-0.002800857596899181
0.02628992429737309,103.349915,3.229688,0.1,-10.663933442283112,-0.16868694871927198,4.132575584652494e-5
0.6601811441764767,103.44991,3.232813,0.1,-10.680796948634216,-0.16858317327710387,0.0010377544062172381
0.4781652092761419,103.54991,3.2359378,0.1,-10.697651508016827,-0.16850800935208154,0.000751639239022945
0.06669989557883582,103.64991,3.2390628,0.1,-10.714501784967373,-0.16849752463706458,0.00010484714860723662
1.2248352797968778,103.74991,3.2421877,0.1,-10.73134191094367,-0.1683049898701067,0.0019253476408889296
1.2880501588725748,103.84991,3.2453127,0.1,-10.748162286598125,-0.16810251820615388,0.002024716609357617
0.2804350000599811,103.949905,3.2484376,0.1,-10.764970334557011,-0.16805843596238285,0.00044082243114168973
-3.302780402982797,104.049904,3.2515626,0.1,-10.781802136998891,-0.1685776078589556,-0.005191718888364867
-3.9142474743369133,104.1499,3.2546875,0.1,-10.798690662529342,-0.16919289771687993,-0.006152898487558112
-1.281536457929505,104.2499,3.2578125,0.1,-10.815620024941289,-0.16939434547670965,-0.0020144775682791505
0.03631971384268784,104.3499,3.2609375,0.1,-10.832559174282268,-0.16938863629462123,5.709182003344698e-5
0.7303442031857045,104.4499,3.2640624,0.1,-10.84949229793705,-0.16927383175455057,0.0011480453835994132
0.5130518558811445,104.5499,3.2671874,0.1,-10.86641564897269,-0.16919318391468285,0.0008064783866596841
0.0708822337513908,104.649895,3.2703123,0.1,-10.883334410508933,-0.16918204176799434,0.00011142146522494853
-0.22468588383419785,104.74989,3.2734373,0.1,-10.900254380883249,-0.1692173606757661,-0.0003531890724546712
-0.3226688840629208,104.84989,3.2765622,0.1,-10.917178653257432,-0.16926808176408087,-0.0005072108755896008
-0.30939028896557375,104.94989,3.2796872,0.1,-10.934107893375826,-0.1693167155584919,-0.00048633793686331245
-2.142515572009067,105.04989,3.282812,0.1,-10.95105640453982,-0.16965350267033016,-0.003367871068197466
-3.401661448659354,105.14989,3.285937,0.1,-10.968048490822206,-0.17018821791334296,-0.005347152350449303
-1.8218152582205036,105.249886,3.289062,0.1,-10.98508163164074,-0.1704745933811038,-0.0028637546349350703
-0.03523000658356068,105.349884,3.292187,0.1,-11.002129368127303,-0.1704801312695198,-5.537888333475232e-5
0.6213804085223273,105.44988,3.295312,0.1,-11.019172497695099,-0.1703824550071518,0.0009767626091252567
0.47348140300078967,105.54988,3.2984369,0.1,-11.036207022066328,-0.17030802734076325,0.0007442766527949212
0.47348134421315535,105.54998,3.2984369,0.1,-11.05323410367127,-0.17023359968361568,0.0007442765603852437
0.12645582468724115,105.64998,3.3015618,0.1,-11.070256469998712,-0.17021372179216512,0.00019877891154361605
-0.09408320697534123,105.74998,3.3046868,0.1,-11.087278581889716,-0.17022851095494354,-0.00014789162558028062
-0.1554062278886903,105.849976,3.3078117,0.1,-11.104302654672594,-0.17025293962903865,-0.00024428673731096095
-0.1178270040749041,105.949974,3.3109367,0.1,-11.12132887496454,-0.17027146113568128,-0.00018521506366655946
-1.9863051560804124,106.04997,3.3140616,0.1,-11.13837163293334,-0.17058369316119626,-0.003122320208623605
-3.268107951634292,106.14997,3.3171866,0.1,-11.155455688586612,-0.17109741481278476,-0.005137216439334535
-1.7374591167914346,106.24997,3.3203115,0.1,-11.172579086089325,-0.17137053013830492,-0.0027311532145041654
0.13175993515176287,106.34997,3.3234365,0.1,-11.189715103775644,-0.17134981848113168,0.0002071165686460264
0.9810411066650744,106.44997,3.3265615,0.1,-11.206842375269883,-0.17119560629932778,0.0015421217950595811
0.6432354623089438,106.549965,3.3296864,0.1,-11.223956880569332,-0.1710944945891432,0.001011117086779216
0.06816041357466496,106.64996,3.3328114,0.1,-11.241065794568325,-0.17108378029183333,0.00010714297150206032
-0.25505709816310196,106.74996,3.3359363,0.1,-11.258176177504028,-0.17112387332292558,-0.00040093030494822317
-0.3649565711836722,106.84996,3.3390613,0.1,-11.275291433510873,-0.17118124171322396,-0.0005736838944351145
-0.31925426448243854,106.94996,3.3421862,0.1,-11.29241206715412,-0.1712314260493762,-0.0005018433540442507
-1.9039374528384045,107.04996,3.3453112,0.1,-11.309550174236964,-0.1715307104999722,-0.0029928444613633374
-3.3095540888441217,107.149956,3.348436,0.1,-11.326729257376368,-0.1720509471683149,-0.005202366605905617
-1.80448567371527,107.249954,3.351561,0.1,-11.343948534919246,-0.17233459855752475,-0.0028365138498310763
0.1878570011828007,107.34995,3.354686,0.1,-11.361180518547364,-0.17230506886929586,0.0002952968778885562
0.9324857869257404,107.44995,3.357811,0.1,-11.378403696708151,-0.17215848921353427,0.00146579653577391
0.5739672649534491,107.54995,3.360936,0.1,-11.395615034722088,-0.17206826593582333,0.0009022327636650521
0.03963034805867238,107.64995,3.3640609,0.1,-11.412821550092639,-0.17206203634727882,6.229588451683537e-5
-0.24107045383176517,107.74995,3.3671858,0.1,-11.43002964870565,-0.17209993078452643,-0.0003789443668294603
-0.3255200575811319,107.849945,3.3703108,0.1,-11.447242200504142,-0.17215110005557885,-0.0005116927028994437
-0.2703227147991374,107.94994,3.3734357,0.1,-11.464459435399739,-0.17219359272521023,-0.0004249266899819559
-1.668976516491938,108.04994,3.3765607,0.1,-11.48169191244819,-0.17245594310812395,-0.0026235037900440524
-3.160710945403366,108.14994,3.3796856,0.1,-11.498962348999406,-0.17295278276920506,-0.00496839653677626
-1.8837260007948515,108.24994,3.3828106,0.1,-11.51627243290249,-0.1732488901336465,-0.0029610736002909427
0.16695741339650283,108.34994,3.3859355,0.1,-11.533596009952376,-0.1732226457012641,0.00026244431991310926
0.916965787335414,108.449936,3.3890605,0.1,-11.550911067779008,-0.17307850567110247,0.0014414002801379788
0.5667183229970192,108.549934,3.3921854,0.1,-11.568214464413995,-0.17298942187179595,0.0008908379797908746
0.04703915205815967,108.64993,3.3953104,0.1,-11.585513037149141,-0.17298202767575277,7.394195932992117e-5
-0.2228694596755773,108.74993,3.3984354,0.1,-11.602812991843493,-0.17301706105549652,-0.0003503337922171247
-0.2228694596755773,108.74993,3.3984354,0.1,-11.620116449875871,-0.17305209443524028,-0.0003503337922171247
-0.8894162798060332,108.84993,3.4015603,0.1,-11.637428650050248,-0.1731919038928756,-0.0013980945555199375
-0.8594167422793486,108.94993,3.4046853,0.1,-11.654754595385667,-0.17332699765194978,-0.0013509375706114526
-1.770613397741231,109.04993,3.4078102,0.1,-11.672101211755631,-0.17360532457764313,-0.002783269215459531
-2.7047569324953855,109.149925,3.4109352,0.1,-11.689483002830743,-0.17403049174441684,-0.004251671604382246
-1.5435973613026046,109.24992,3.4140615,0.1,-11.706898184351475,-0.17427313348011578,-0.0024264173208328925
0.08393935858940438,109.34992,3.4171882,0.1,-11.724324838227806,-0.17425993885295965,0.00013194626959523963
0.5460195215162764,109.44992,3.420313,0.1,-11.74174654086743,-0.1741741087474233,0.0008583010425736634
0.38282219612295126,109.54992,3.423438,0.1,-11.759160943165151,-0.17411393201710487,0.000601767294217289
0.05908142880559808,109.64992,3.4265628,0.1,-11.776571872268798,-0.174104644866976,9.28714999049258e-5
-0.12057198406193947,109.749916,3.429688,0.1,-11.793983284664774,-0.1741235978635429,-0.00018952996284484107
-0.15807193364281602,109.849915,3.4328127,0.1,-11.811396887095746,-0.1741484455662573,-0.00024847702344140386
-0.1209335920348309,109.94991,3.435938,0.1,-11.828812682403816,-0.17416745540484038,-0.00019009838299816046
-1.4539665409415647,110.04991,3.4390626,0.1,-11.846240855826707,-0.17439600785898848,-0.002285524507423986
-2.887570165323268,110.14991,3.4421878,0.1,-11.863703152073468,-0.174849911872063,-0.004539040063108233
-1.77918725612912,110.24991,3.4453125,0.1,-11.881202127254973,-0.17512958654292166,-0.002796746666911758
-0.029797080108295404,110.34991,3.4484377,0.1,-11.898715320363921,-0.17513427041672028,-4.683873728833072e-5
0.5515284203167141,110.449905,3.4515624,0.1,-11.916224412863379,-0.17504757435429633,0.0008669606113207994
0.4046815680065947,110.549904,3.4546876,0.1,-11.933725989916757,-0.17498396149738937,0.0006361285595904307
0.10814663255223422,110.6499,3.4578123,0.1,-11.951223536335927,-0.17496696167133996,0.00016999825796090433
-0.08874774819872755,110.7499,3.4609375,0.1,-11.96872093028726,-0.17498091214068007,-0.0001395046913222171
-0.125405696056049,110.8499,3.4640622,0.1,-11.986220007403046,-0.17500062495991675,-0.00019712818942934856
-0.11655704336472184,110.9499,3.4671874,0.1,-12.003720986253748,-0.17501894683841884,-0.00018321878229084947
-1.3709361739668111,111.0499,3.470312,0.1,-12.021233656234227,-0.17523444755196182,-0.002155007103317619
-2.7289733782912435,111.149895,3.4734373,0.1,-12.038778549941233,-0.17566342135937102,-0.004289738010169889
-1.611188329007419,111.24989,3.476562,0.1,-12.05635755566514,-0.17591668787983095,-0.0025326651668595396
-0.05413926346321318,111.34989,3.4796872,0.1,-12.073949650229238,-0.17592519815925065,-8.510279292873405e-5
0.46134684343724075,111.44989,3.482812,0.1,-12.09153854429695,-0.17585267795310286,0.0007252020506714588
0.36235767959203713,111.54989,3.485937,0.1,-12.109120964361042,-0.1757957180887469,0.000569598635072149
0.09166507115396882,111.64989,3.4890618,0.1,-12.126699815979348,-0.175781309038482,0.00014409050050181256
-0.07705054333472106,111.749886,3.492187,0.1,-12.144278552733036,-0.1757934207964054,-0.00012111757742911936
-0.1262565961605091,111.849884,3.4953117,0.1,-12.161858887403357,-0.17581326737065062,-0.00019846573949487746
-0.10686723003425413,111.94988,3.498437,0.1,-12.179441054338103,-0.1758300660843793,-0.00016798713478346873
-0.10686721673074828,111.94998,3.498437,0.1,-12.197024901144141,-0.17584686479601674,-0.00016798711387137221
-1.3060710196394965,112.04998,3.5046868,0.1,-12.214619853106221,-0.1760521692018781,-0.0020530440280209124
-1.3060129484788625,112.14998,3.5046868,0.1,-12.232235335052776,-0.1762574644793958,-0.0020529527445855194
-0.9092322147557965,112.24998,3.5109367,0.1,-12.249868227982041,-0.17640038885091427,-0.0014292436938872306
-0.9091813271086631,112.349976,3.5109367,0.1,-12.267515412948715,-0.1765433052232826,-0.0014291637023871695
0.25766467651099934,112.449974,3.5171866,0.1,-12.285167718587957,-0.1765028023007561,0.0004050292192294887
0.25767294413824726,112.54997,3.5171866,0.1,-12.302815973869905,-0.17646229807862165,0.00040504221530894536
0.09549340777707538,112.64997,3.5234365,0.1,-12.320461453398925,-0.1764472872430296,0.00015010835368371082
0.09550576633907326,112.74997,3.5234365,0.1,-12.33810543174723,-0.17643227446476584,0.00015012778040057625
-0.09741233266538529,112.84997,3.5296865,0.1,-12.35574942508042,-0.17644758694071908,-0.0001531247572505343
-0.09739161913651628,112.94997,3.5296865,0.1,-12.373394949498428,-0.1764628961606635,-0.00015309219716298601
-1.217085815906671,113.049965,3.5359364,0.1,-12.391050805208103,-0.17665421277098534,-0.0019131660747099754
-1.2170205448082925,113.14996,3.5359364,0.1,-12.40872579206609,-0.17684551912118818,-0.0019130634735215917
-0.7967473912803484,113.24996,3.5421863,0.1,-12.42641660637257,-0.17697076173612158,-0.0012524261306715652
-0.7966890416415708,113.34996,3.5421863,0.1,-12.444119944482123,-0.17709599517893668,-0.0012523344094897703
0.2164444634813094,113.44996,3.5484362,0.1,-12.46182784309292,-0.17706197175960586,0.00034023418823820803
0.21646173961313764,113.54996,3.5484362,0.1,-12.479532339225948,-0.17702794562459886,0.00034026134499978066
0.057392972915334184,113.649956,3.554686,0.1,-12.497234682965306,-0.17701892388686194,9.021737602501624e-5
0.05741683642717277,113.749954,3.554686,0.1,-12.51493612434332,-0.17700989839796288,9.025488764554154e-5
-0.10550813260385894,113.84995,3.560936,0.1,-12.532637943700593,-0.17702648347193822,-0.00016585073728209732
-0.10547778745685221,113.94995,3.560936,0.1,-12.550341421326786,-0.17704306377588783,-0.00016580303702544606
-1.1060102794929283,114.04995,3.5671859,0.1,-12.568054420787465,-0.1772169201588053,-0.0017385638032681064
-1.1059376043443354,114.14995,3.5671859,0.1,-12.585784805315496,-0.17739076511774354,-0.0017384495634774973
-0.7939828543036405,114.24995,3.5734358,0.1,-12.603530122494236,-0.17751557316854305,-0.001248080489397142
-0.7939175243298475,114.349945,3.5734358,0.1,-12.621287919964773,-0.1776403709499688,-0.0012479777956610975
0.1728450326673121,114.44994,3.5796857,0.1,-12.639050598828392,-0.1776132010287285,0.0002716992083544225
0.17287082859822256,114.54994,3.5796857,0.1,-12.656810560497101,-0.17758602705256454,0.000271739757590342
0.06614297394677582,114.64994,3.5859356,0.1,-12.674568643608415,-0.17757562988138179,0.000103971710278399
0.06617329357137569,114.74994,3.5859356,0.1,-12.692325686764294,-0.1775652279441852,0.00010401937041577328
-0.08714098985567742,114.84994,3.5921855,0.1,-12.710082894718274,-0.17757892584336485,-0.00013697898975540462
-0.08710489042123526,114.949936,3.5921855,0.1,-12.727841472178465,-0.17759261806798865,-0.00013692224419778793
-1.0351859053499481,115.049934,3.5984354,0.1,-12.745608870416584,-0.17775534139930688,-0.001627233288934591
-1.035109301018018,115.14993,3.5984354,0.1,-12.763392540385997,-0.1779180526890082,-0.0016271128727674568
-1.035109301018018,115.14993,3.5984354,0.1,-12.781192481484622,-0.17808076397870953,-0.0016271128727674568
-0.7473235260334761,115.24993,3.6046853,0.1,-12.79900643182595,-0.1781982375388693,-0.001174735584092552
-0.7472558291316567,115.34993,3.6046853,0.1,-12.816832128991397,-0.17831570045759224,-0.0011746291697261769
0.13489354530635111,115.44993,3.6109352,0.1,-12.834662639091011,-0.1782944962207956,0.00021204236480663552
0.1349271985079934,115.54993,3.6109352,0.1,-12.852491028502413,-0.17827328669397227,0.00021209526507286647
0.1708505030084142,115.649925,3.6140618,0.1,-12.87031701461762,-0.1782464302975866,0.0002685639598546578
0.05033460333283157,115.74992,3.6171882,0.1,-12.888141262302186,-0.17823851808172994,7.912215738757851e-5
-0.04853893833886655,115.84992,3.6203132,0.1,-12.905965495873511,-0.178246148032741,-7.629950897355606e-5
-0.09107757093254087,115.94992,3.6234381,0.1,-12.923790826777388,-0.1782604647324506,-0.00014316699496273662
-1.0307304858589088,116.04992,3.626563,0.1,-12.94162497466505,-0.17842248770579616,-0.0016202297093123044
-1.688396777887827,116.14992,3.629688,0.1,-12.959480493856693,-0.17868789080572728,-0.0026540309597629244
-1.1447596801441,116.249916,3.632813,0.1,-12.977358280578327,-0.1788678382989738,-0.0017994749056507596
-0.12552375871270735,116.349915,3.635938,0.1,-12.995246051243663,-0.1788875696767599,-0.00019731377492090293
0.17648691336870226,116.44991,3.639063,0.1,-13.013133421358026,-0.17885982727964164,0.00027742396704849223
0.16832447954342716,116.54991,3.6421878,0.1,-13.031018081386254,-0.17883336795488447,0.00026459324362908547
0.034295712870878306,116.64991,3.6453128,0.1,-13.048901148896991,-0.17882797693031638,5.3910244877580606e-5
-0.06442111143474452,116.74991,3.6484377,0.1,-13.066784453181882,-0.17883810343784098,-0.00010126507373701498
-0.09831630338900865,116.84991,3.6515627,0.1,-13.084669036520829,-0.17885355801109945,-0.00015454573028165857
-0.09522204978663679,116.949905,3.6546876,0.1,-13.102555140997472,-0.17886852619128443,-0.00014968179961938476
-0.8830899302615762,117.049904,3.6578126,0.1,-13.120448934633425,-0.179007341195008,-0.001388150016550682
-1.487009156644831,117.1499,3.6609375,0.1,-13.13836135634491,-0.17924108769640396,-0.002337464979128584
-1.052582317417773,117.2499,3.6640625,0.1,-13.156293738277498,-0.17940654561105648,-0.0016545791218699982
-0.3372834638607536,117.3499,3.6671875,0.1,-13.174237044025421,-0.1794595639998834,-0.0005301838803686652
0.3500779796288782,117.4499,3.6703124,0.1,-13.192180249213326,-0.17940453441073234,0.0005502958833104487
0.31863167889953403,117.5499,3.6734374,0.1,-13.210118198598174,-0.1793544479402867,0.000500864696992916
0.05164582470371393,117.649895,3.6765623,0.1,-13.228053237742962,-0.17934632961042823,8.118329737493269e-5
-0.1597421974818083,117.74989,3.6796873,0.1,-13.245989126484043,-0.17937143986588283,-0.0002511025508042335
-0.24334939959515367,117.84989,3.6828122,0.1,-13.263928183371451,-0.17940969253602812,-0.0003825266957528903
-0.23592774170062114,117.94989,3.6859372,0.1,-13.281871007194528,-0.17944677857814045,-0.000370860415597168
-0.83880596365114,118.04989,3.689062,0.1,-13.299822278014929,-0.17957863247996572,-0.0013185389986048672
-1.3241900087147087,118.14989,3.692187,0.1,-13.317790549159314,-0.1797867850527575,-0.0020815256969005332
-0.9051684272087357,118.249886,3.695312,0.1,-13.335776342211354,-0.17992907062785882,-0.0014228557298108654
-0.28321255171261583,118.349884,3.698437,0.1,-13.353771475484974,-0.1799735894815716,-0.00044518853049403223
-0.28321249864200837,118.34998,3.698437,0.1,-13.371771060643615,-0.1800181083269421,-0.000445188447071085
0.09265891007640903,118.44998,3.701562,0.1,-13.389772143480839,-0.18000354305277633,0.00014565273948717323
0.1536384188337081,118.54998,3.7046869,0.1,-13.407771290514924,-0.1799793922647856,0.00024150787630842965
0.06965041026453633,118.64998,3.7078118,0.1,-13.425768682583914,-0.1799684437513569,0.00010948513265556
-0.020163803487385223,118.74998,3.7109368,0.1,-13.443765685707035,-0.17997161334752176,-3.169596117628426e-5
-0.06965993892736577,118.849976,3.7140617,0.1,-13.461763394810538,-0.1799825633587836,-0.0001095001109867708
-0.08460969099027782,118.949974,3.7171867,0.1,-13.479762316414536,-0.17999586335708206,-0.00013299998100274181
-0.7683413587397752,119.04997,3.7203116,0.1,-13.497767941888709,-0.18011664076028816,-0.001207774014063627
-1.2380951409463705,119.14997,3.7234366,0.1,-13.515789337189078,-0.18031125987631602,-0.0019461911312780406
-0.858007875829685,119.24997,3.7265615,0.1,-13.533827207060295,-0.18044613217232655,-0.0013487229400077055
-0.27274313844031894,119.34997,3.7296865,0.1,-13.551873964203534,-0.18048900531409928,-0.0004287314113386705
0.08187862254021638,119.44997,3.7328115,0.1,-13.569922221469126,-0.18047613461893755,0.00012870694969954163
0.1458858986978555,119.549965,3.7359364,0.1,-13.587968688592387,-0.1804532024680014,0.00022932150594442196
0.06557188684860193,119.64996,3.7390614,0.1,-13.606013493738043,-0.18044289506735608,0.0001030740049172393
-0.035200759959355565,119.74996,3.7421863,0.1,-13.624058060178218,-0.18044842835842576,-5.533290987216017e-5
-0.09052736279103613,119.84996,3.7453113,0.1,-13.64210361479352,-0.1804626585696107,-0.00014230210972900975
-0.10713461022913684,119.94996,3.7484362,0.1,-13.660150722956596,-0.1804794993134673,-0.0001684074360565699
-0.6964663467190348,120.04996,3.7515612,0.1,-13.678204147116926,-0.18058897851281058,-0.0010947919771190796
-1.052414802475596,120.149956,3.754686,0.1,-13.696271316816558,-0.18075441009539145,-0.0016543158011573652
-0.7900434692884915,120.249954,3.757811,0.1,-13.71435296753601,-0.18087859890490326,-0.0012418880766126834
-0.31285167101447087,120.34995,3.760936,0.1,-13.73244328659093,-0.1809277768021803,-0.0004917789654424081
-0.03514850859779983,120.44995,3.764061,0.1,-13.750536340794634,-0.18093330187973433,-5.525077471703854e-5
0.08224861296105601,120.54995,3.767186,0.1,-13.768629024809467,-0.1809203730248995,0.00012928854642170104
0.04729410378444454,120.64995,3.7703109,0.1,-13.786720690667918,-0.1809129387523889,7.434272399831359e-5
-0.008844188268107622,120.74995,3.7734358,0.1,-13.804812054324687,-0.18091432899135018,-1.3902389405702326e-5
-0.04889596707092614,120.849945,3.7765608,0.1,-13.822903871797072,-0.18092201506455566,-7.686073090954936e-5
-0.0838842199377261,120.94994,3.7796857,0.1,-13.84099673287112,-0.18093520102433616,-0.0001318595958402608
-0.5768649902594092,121.04994,3.7828107,0.1,-13.859094787182139,-0.18102587980237086,-0.0009067877668347024
-0.8574716003508911,121.14994,3.7859356,0.1,-13.877204114832105,-0.18116066779996506,-0.0013478799558571072
-0.6113728290115716,121.24994,3.7890606,0.1,-13.895324987039483,-0.181256770947139,-0.0009610314574186883
-0.20120227378858324,121.34994,3.7921855,0.1,-13.913452245777481,-0.18128839841046754,-0.0003162746285725699
0.054562756445420746,121.449936,3.7953105,0.1,-13.931580657046197,-0.18127982156118005,8.576849159669008e-5
0.11272973477886694,121.549934,3.7984354,0.1,-13.949707753459691,-0.1812621013064055,0.00017720254510510177
0.11272973477886694,121.549934,3.7984354,0.1,-13.967833077847681,-0.18124438105163093,0.00017720254510510177
0.061792110228438446,121.64993,3.8015604,0.1,-13.985957030560483,-0.18123466780305056,9.713248435626578e-5
-0.01295399747807835,121.74993,3.8046854,0.1,-14.004080599424332,-0.1812367040726835,-2.036269602606108e-5
-0.060972176628390606,121.84993,3.8078103,0.1,-14.022204749319735,-0.1812462884339537,-9.584361127383835e-5
-0.0855416201018766,121.94993,3.8109353,0.1,-14.040330050757742,-0.1812597349244028,-0.00013446490248735974
-0.3630970109947391,122.04993,3.8140616,0.1,-14.058458878324403,-0.1813168110060181,-0.0005707608076479287
-0.5957939477916742,122.149925,3.8171883,0.1,-14.07659524240855,-0.18141046527184884,-0.00093654264435201
-0.5533222775003095,122.24992,3.820313,0.1,-14.094740638108277,-0.18149744331494438,-0.0008697804179948035
-0.2680635865621024,122.34992,3.8234382,0.1,-14.11289248958785,-0.18153958086684213,-0.00042137551269845843
-0.050905227004720444,122.44992,3.826563,0.1,-14.131046848040732,-0.18154758278038916,-8.001913427796397e-5
0.027535452902536117,122.54992,3.829688,0.1,-14.149201390171132,-0.181543254417143,4.32836318165966e-5
0.02830070011866548,122.64992,3.8328128,0.1,-14.16735549345065,-0.18153880576286927,4.448654207446885e-5
-0.006446822774398911,122.749916,3.835938,0.1,-14.185509424967021,-0.18153981915425418,-1.0133913698155714e-5
-0.036128955604319835,122.849915,3.8390627,0.1,-14.203663691112784,-0.18154549835060202,-5.679196263198246e-5
-0.06359300559423431,122.94991,3.842188,0.1,-14.221818741035156,-0.18155549468620255,-9.996335451588257e-5
-0.29446620743894325,123.04991,3.8453126,0.1,-14.23997660516648,-0.18160178252878953,-0.0004628784189724682
-0.4618835838891495,123.14991,3.8484378,0.1,-14.258140413918902,-0.18167438710644385,-0.0007260457657243299
-0.4577539339804062,123.24991,3.8515625,0.1,-14.276311450671725,-0.18174634253461994,-0.0007195542710387631
-0.23297486452144156,123.34991,3.8546877,0.1,-14.294487916289654,-0.18178296440695457,-0.00036621871788928434
-0.06043054222401256,123.449905,3.8578124,0.1,-14.312666687962258,-0.1817924636274262,-9.499220330095036e-5
0.008768309802721141,123.549904,3.8609376,0.1,-14.330845865680319,-0.18179108531598112,1.3783114245412723e-5
-0.003815328359672243,123.6499,3.8640623,0.1,-14.349025004469834,-0.18179168505650845,-5.997405183927906e-6
-0.04037361339861127,123.7499,3.8671875,0.1,-14.36720449056759,-0.1817980314806972,-6.346424094190762e-5
-0.07527946403829189,123.8499,3.8703122,0.1,-14.385384885654457,-0.18180986483845918,-0.00011833357585645678
-0.10111386928655652,123.9499,3.8734374,0.1,-14.403566667125697,-0.18182575916774607,-0.00015894329050050558
-0.1870752089058545,124.0499,3.876562,0.1,-14.421750713653257,-0.18185516596418996,-0.00029406796005698195
-0.27346918895359273,124.149895,3.8796873,0.1,-14.439938379884262,-0.18189815323556743,-0.00042987270736921077
-0.35165657445277587,124.24989,3.882812,0.1,-14.458130959365521,-0.18195343096778846,-0.0005527773139732026
-0.2603317184533737,124.34989,3.8859372,0.1,-14.476328348841522,-0.18199435312897283,-0.00040922160574594654
-0.17386887296629472,124.44989,3.889062,0.1,-14.494529150968688,-0.18202168399010163,-0.00027330860721548416
-0.10976361811891744,124.54989,3.892187,0.1,-14.512732182339137,-0.18203893799395307,-0.0001725400359432313
-0.07772670597463494,124.64989,3.8953118,0.1,-14.530936687312078,-0.1820511560394879,-0.00012218045352771712
-0.05952406042729397,124.749886,3.898437,0.1,-14.549142271023733,-0.18206051276793278,-9.35672830544415e-5
-0.05952398612530807,124.749985,3.898437,0.1,-14.567348790407664,-0.18206986948469794,-9.356716625738673e-5
-0.0709437466582985,124.84998,3.904687,0.1,-14.58555633521825,-0.1820810213007464,-0.00011151815882297961
-0.0708649754302777,124.94998,3.904687,0.1,-14.603764994591346,-0.18209216073455844,-0.00011139433646046168
-0.21415428802242786,125.04998,3.9109368,0.1,-14.621975894107226,-0.18212582415576906,-0.00033663420708995883
-0.2140709793826474,125.14998,3.9109368,0.1,-14.640190159310503,-0.18215947448149672,-0.00033650325226222596
-0.2125666841001035,125.24998,3.9171867,0.1,-14.658407777723216,-0.18219288834347577,-0.0003341386148116076
-0.21247730801687226,125.349976,3.9171867,0.1,-14.676628736819714,-0.18222628815621603,-0.0003339981224255378
-0.1827870548728896,125.449974,3.9234366,0.1,-14.694852802543462,-0.18225502088754192,-0.00028732730897734743
-0.18269522984558506,125.54997,3.9234366,0.1,-14.713079740818674,-0.18228373918467367,-0.00028718296703797685
-0.09406112975867265,125.64997,3.9296865,0.1,-14.731308854293397,-0.18229852487708195,-0.00014785692187952072
-0.0939735060199065,125.74997,3.9296865,0.1,-14.749539445648693,-0.1823132967957066,-0.00014771918404529762
-0.10004756749148314,125.84997,3.9359365,0.1,-14.767771561935682,-0.18232902351048155,-0.0001572671454061541
-0.09995931989662488,125.94997,3.9359365,0.1,-14.78600525020058,-0.18234473635340748,-0.00015712842691773608
-0.12321787249614147,126.049965,3.9421864,0.1,-14.804240692553153,-0.18236410526346208,-0.00019368909765984325
-0.1231318913816466,126.14996,3.9421864,0.1,-14.822478071120981,-0.18238346065794106,-0.0001935539419056906
-0.15212848209021956,126.24996,3.9484363,0.1,-14.840717613130439,-0.18240737409538854,-0.00023913437091148412
-0.15203546544815794,126.34996,3.9484363,0.1,-14.858959545752601,-0.18243127291132913,-0.0002389881558446006
-0.1897698562881942,126.44996,3.9546862,0.1,-14.877204164834323,-0.1824611032857956,-0.0002983037402195812
-0.1896660891118529,126.54996,3.9546862,0.1,-14.895451766137965,-0.18249091734885314,-0.00029814062613276
-0.12120678655414885,126.649956,3.960936,0.1,-14.91370181078393,-0.18250997013153164,-0.00019052782394581166
-0.12110373293601569,126.749954,3.960936,0.1,-14.93195375989823,-0.1825290067149671,-0.00019036583151807015
-0.10996728077993256,126.84995,3.967186,0.1,-14.950207525142632,-0.18254629273303596,-0.00017286017811286871
-0.10986427029436374,126.94995,3.967186,0.1,-14.968463018179245,-0.18256356255864192,-0.00017269825348622858
-0.03771659936326799,127.04995,3.9734359,0.1,-14.986719671145247,-0.1825694913204833,-5.928761753046789e-5
-0.03762334858633842,127.14995,3.9734359,0.1,-15.004976916254526,-0.18257540542401357,-5.9141034421429616e-5
-0.10079492383825134,127.24995,3.9796858,0.1,-15.023235249278672,-0.18259124961750786,-0.00015844193258193837
-0.10069223948129391,127.349945,3.9796858,0.1,-15.041495165915132,-0.1826070776698042,-0.00015828052060460132
-0.24546818772772566,127.44994,3.9859357,0.1,-15.05975780324062,-0.18264566339728877,-0.0003858572690959993
-0.24534778223781117,127.54994,3.9859357,0.1,-15.078024298192574,-0.18268423019794838,-0.00038566800084925565
-0.14248962040584634,127.64994,3.9921856,0.1,-15.096293841398701,-0.1827066284798327,-0.00022398281550565003
-0.14237134241537308,127.74994,3.9921856,0.1,-15.11456562350343,-0.18272900816931878,-0.00022379689152576227
-0.11301981633555239,127.84994,3.9984355,0.1,-15.13283941288533,-0.18274677402270226,-0.00017765853118750978
-0.1129034871117156,127.949936,3.9984355,0.1,-15.151114977938294,-0.18276452159001874,-0.00017747567052014092
-0.1129034871117156,127.949936,3.9984355,0.1,-15.169392317748015,-0.18278226915733523,-0.00017747567052014092
0.03545437483538194,128.04994,4.0046854,0.1,-15.187670266278241,-0.18277669599994079,5.5731573113908645e-5
0.20653022057240378,128.14995,4.00781,0.1,-15.205946312901773,-0.18274423102400192,0.000324649754550907
-0.018499723365692944,128.24995,4.0109353,0.1,-15.224220881677258,-0.1827471390394598,-2.9080154145414182e-5
-0.208514245307569,128.34996,4.014062,0.1,-15.242497234696017,-0.1827799158889594,-0.00032776849011178106
-0.2083861637077078,128.44997,4.014062,0.1,-15.260776864393103,-0.18281267260500808,-0.00032756715560566287
-0.2572463904466531,128.54997,4.017188,0.1,-15.279060153784604,-0.18285310977615457,-0.0004043717054392758
-0.22309156795779472,128.64998,4.0203133,0.1,-15.297347218449392,-0.18288817806962676,-0.00035068292949643306
-0.17082477960617126,128.74998,4.023438,0.1,-15.315637379146542,-0.18291503042248972,-0.00026852352462827187
-0.13477554240567713,128.84999,4.0265627,0.1,-15.333929941745753,-0.1829362161101301,-0.00021185687324693094
-0.12702339016522046,128.95,4.029688,0.1,-15.352224561984798,-0.1829561832185463,-0.00019967108118642605
0.2905679294163974,129.05,4.032813,0.1,-15.370517896826094,-0.18291050815554116,0.0004567506232451256
0.5340127641471213,129.15001,4.035938,0.1,-15.388804750777402,-0.1828265654207151,0.0008394273357522348
-0.23565001218604387,129.25002,4.0421877,0.1,-15.40708925971119,-0.18286360780586536,-0.000370423845982856
-0.34550603732424534,129.35002,4.045313,0.1,-15.42537833631004,-0.1829179187205459,-0.0005431091387124607
-0.2995710670966183,129.45003,4.0484376,0.1,-15.443672482969077,-0.18296500900814797,-0.00047090286900349903
-0.20103686134638332,129.55003,4.0515623,0.1,-15.461970564215642,-0.18299661046990182,-0.0003160146128295419
-0.13027307955439538,129.65004,4.0546875,0.1,-15.480271249432075,-0.183017088404712,-0.00020477934505036972
-0.11419925716299417,129.75005,4.0578127,0.1,-15.498573856107901,-0.18303503965720067,-0.00017951252221155975
-0.13575871734651201,129.85005,4.0609374,0.1,-15.516878427358144,-0.1830563798924453,-0.0002134023492665566
-0.16277504224995099,129.95006,4.064062,0.1,-15.535185344969959,-0.18308196688797285,-0.0002558699514627892
0.36790002467773064,130.05006,4.0671873,0.1,-15.553490650377588,-0.18302413580922822,0.000578310778828738
0.6883314329075638,130.15007,4.0703125,0.1,-15.571787654208512,-0.18291593535630965,0.0010820045130624043
0.23003838381179662,130.25008,4.073437,0.1,-15.590077440002684,-0.18287977507635272,0.00036160279418094023
-0.22404859383244968,130.35008,4.076562,0.1,-15.608367178719389,-0.18291499380699536,-0.0003521873011784295
-0.3901851150117963,130.45009,4.079687,0.1,-15.62666174507895,-0.18297632793202293,-0.0006133412411361312
-0.3466277776380764,130.5501,4.0828123,0.1,-15.644962102507034,-0.18303081517572783,-0.0005448724289299689
-0.23221972504792632,130.6501,4.085937,0.1,-15.663267009455879,-0.18306731834589496,-0.0003650316962318777
-0.13951456616112168,130.7501,4.0890617,0.1,-15.681574838094578,-0.18308924897193596,-0.0002193062571421882
-0.11696471620139981,130.85011,4.092187,0.1,-15.699884682562688,-0.1831076349334996,-0.00018385961289664538
-0.14074179521087948,130.95012,4.095312,0.1,-15.718196552505761,-0.18312975847058996,-0.00022123536760688137
0.47045137123677705,131.05013,4.098437,0.1,-15.736505831057224,-0.18305580710209157,0.0007395136739643083
0.8439437207962328,131.15013,4.1015615,0.1,-15.754804778964205,-0.18292314558401707,0.0013266151609770069
0.8440319498840836,131.24997,4.1015615,0.1,-15.773090460025735,-0.18279047019700267,0.0013267538503738206
0.29858926370889094,131.34998,4.1046867,0.1,-15.791367160519998,-0.1827435342414072,0.00046935954896074923
-0.22305425716719718,131.44998,4.107812,0.1,-15.809643267337899,-0.18277859666990762,-0.000350624279779331
-0.38530000028276845,131.54999,4.1140614,0.1,-15.827924155588407,-0.1828391628921474,-0.0006056622133728508
-0.2401419093342092,131.65,4.1171865,0.1,-15.846209959573958,-0.18287691136927992,-0.000377484765699971
-0.16061287144236758,131.75,4.1203117,0.1,-15.86449891333935,-0.18290215848804248,-0.000252471183863386
-0.13677969730042605,131.85,4.1234365,0.1,-15.882790204496992,-0.1829236592135512,-0.00021500725188333073
-0.16371522079361966,131.95001,4.126561,0.1,-15.901083857430164,-0.18294939399797722,-0.00025734784042543167
0.5396036718411779,132.05002,4.1296864,0.1,-15.91937455602337,-0.18286457241509074,0.0008482158162252701
0.9992682802039781,132.15002,4.1328115,0.1,-15.937653159669527,-0.18270749506058362,0.0015707735216648282
0.3950473514931332,132.25003,4.1359363,0.1,-15.955920804526217,-0.18264539662905438,0.0006209843060389797
-0.21404216354244454,132.35004,4.139061,0.1,-15.974187026751116,-0.18267904242515168,-0.00033645795595922917
-0.469160233273783,132.45004,4.142186,0.1,-15.992458618686472,-0.18275279083660687,-0.0007374841035623805
-0.4413787551579844,132.55005,4.1453114,0.1,-16.010737367111254,-0.18282217221152824,-0.000693813738875032
-0.2821299076256132,132.65005,4.148436,0.1,-16.029021802038383,-0.1828665208818454,-0.0004434866965632048
-0.16698364805324672,132.75006,4.151561,0.1,-16.047309766826892,-0.1828927694381158,-0.000262485558792577
-0.1409393078879475,132.85007,4.154686,0.1,-16.06560015177248,-0.18291492402269302,-0.00022154584247081706
-0.16843759695530025,132.95007,4.157811,0.1,-16.08389296830263,-0.18294140112864485,-0.0002647710555730143
0.6298637314503139,133.05008,4.160936,0.1,-16.102182158199223,-0.18284239135259553,0.0009900977457397136
1.1547944364501745,133.15009,4.1640606,0.1,-16.12045732136278,-0.18266086647216992,0.001815248777206778
0.4818681206392057,133.25009,4.167186,0.1,-16.138719620982407,-0.182585120477715,0.0007574599332623189
-0.20743046039762802,133.3501,4.170311,0.1,-16.156979763626616,-0.1826177269644903,-0.0003260648628943058
-0.5023091851737718,133.4501,4.1734357,0.1,-16.175245484553944,-0.18269668613843268,-0.0007895917276578982
-0.4843705792577566,133.55011,4.1765604,0.1,-16.193518960408177,-0.1827728255003019,-0.0007613936073465992
-0.3148575862749112,133.65012,4.1796856,0.1,-16.211798717891188,-0.18282231871216337,-0.0004949321112394106
-0.18793342026629034,133.75012,4.182811,0.1,-16.23008242711989,-0.1828518604128895,-0.0002954170028592707
-0.15610695240957284,133.85013,4.1859355,0.1,-16.2483688403748,-0.18287639923553647,-0.00024538822281309147
-0.1816121783106155,133.95013,4.18906,0.1,-16.266657907973364,-0.18290494728522488,-0.0002854804926300217
0.742624687787611,134.05014,4.1921854,0.1,-16.284942566227418,-0.18278821234661005,0.0011673493687533799
1.300701667645626,134.15015,4.1953106,0.1,-16.30321116471507,-0.18258375196194232,0.0020446038162103782
0.683518284269212,134.25015,4.1984353,0.1,-16.321464167990122,-0.1824763080992908,0.0010744386105047679
-0.16769011167082226,134.35016,4.20156,0.1,-16.33971311705233,-0.18250266770625528,-0.00026359606571698443
-0.1674465845785562,134.44992,4.20156,0.1,-16.357964700161244,-0.1825289890326177,-0.0002632132597019056
-0.5094984346574165,134.54993,4.204685,0.1,-16.376221603800012,-0.18260907830176287,-0.0008008926795176396
-0.5113028911611082,134.64993,4.2078104,0.1,-16.394486530548154,-0.18268945121771196,-0.0008037291475144184
-0.2224529515233371,134.74994,4.2140617,0.1,-16.41275722433757,-0.18272441912554993,-0.00034967907316914
-0.2221927391178724,134.84995,4.2140617,0.1,-16.431031412872656,-0.18275934612998182,-0.00034927003911431215
-0.18851287884035628,134.94995,4.217188,0.1,-16.449308829397367,-0.18278897891717757,-0.000296327867542035
0.8350906474606745,135.04996,4.220313,0.1,-16.46758116406724,-0.1826577090347292,0.0013126988049229416
1.4326260394173005,135.14996,4.223438,0.1,-16.485835675348227,-0.18243251114470535,0.002251978866681222
0.6156738749855322,135.24997,4.2265625,0.1,-16.50407408777253,-0.1823357319058986,0.0009677923736462916
-0.19334831970959954,135.34998,4.2296877,0.1,-16.522309180878924,-0.18236612478753014,-0.0003039288117863903
-0.7047103795484243,135.44998,4.232813,0.1,-16.540551332384428,-0.18247689988597576,-0.0011077509679493472
-0.5877998274076841,135.54999,4.2359376,0.1,-16.55880364252756,-0.18256929753703507,-0.000923976496824932
-0.32811345697570005,135.65,4.2390623,0.1,-16.577063151400036,-0.18262087447069839,-0.0005157693289475133
-0.14614163872229824,135.75,4.2421875,0.1,-16.595326387736815,-0.18264384682201645,-0.00022972350975739456
-0.12415479248940642,135.85,4.2453127,0.1,-16.61359174850053,-0.18266336300875025,-0.0001951618644297827
-0.20922153897475315,135.95001,4.251562,0.1,-16.631859729475153,-0.18269625103942141,-0.0003288803018108648
0.8972523254817304,136.05002,4.2546873,0.1,-16.650122302790017,-0.18255520981515352,0.0014104122216620357
1.5967625349183892,136.15002,4.2578125,0.1,-16.668365274098594,-0.18230421091953175,0.0025099889188159095
0.7081996331130007,136.25003,4.260937,0.1,-16.686590129282994,-0.18219288733703037,0.0011132358084253128
-0.20596985048770122,136.35004,4.264062,0.1,-16.70481103713271,-0.1822252642270646,-0.0003237688955175309
-0.7784322378032158,136.45004,4.267187,0.1,-16.723039682007666,-0.18234762783951933,-0.0012236361063137071
-0.6524196397569577,136.55005,4.2703123,0.1,-16.741279572833058,-0.18245018323237197,-0.0010255539132445438
-0.35686740958823293,136.65005,4.273437,0.1,-16.75952739627,-0.18250628006814512,-0.0005609683493724909
-0.15481665775388365,136.75006,4.2765617,0.1,-16.777779241348696,-0.18253061606631035,-0.0002433599780259273
-0.12075870706047453,136.85007,4.279687,0.1,-16.796033252344735,-0.18254959841430893,-0.00018982347715705848
-0.16916040223634354,136.95007,4.282812,0.1,-16.814289541994476,-0.18257618913973975,-0.00026590725034600414
1.0026211879503535,137.05008,4.285937,0.1,-16.83253928096009,-0.18241858473369987,0.0015760440369137626
1.7422657185074968,137.15009,4.2890615,0.1,-16.85076744616075,-0.18214471384703895,0.0027387088257993003
0.7822669680228955,137.25009,4.2921867,0.1,-16.868975769496636,-0.18202174744423244,0.001229664009741775
-0.33576291313561235,137.3501,4.295312,0.1,-16.887180583480824,-0.18207452681407912,-0.0005277936906020967
-0.625495115850264,137.4501,4.2984366,0.1,-16.905392952586766,-0.1821728498770656,-0.0009832306152134753
-0.5595764079955394,137.55011,4.3015614,0.1,-16.92361463590323,-0.182260811021789,-0.000879611434126866
-0.5593021622546601,137.64996,4.3015614,0.1,-16.941845113178836,-0.182348729057173,-0.0008791803407390978
-0.3888485547110918,137.74997,4.3046865,0.1,-16.960083042557716,-0.1824098530851122,-0.0006112402702837127
-0.28974660418623444,137.84998,4.3078117,0.1,-16.97832630543592,-0.18245539904205352,-0.0004554595626262977
-0.24509855309582917,137.94998,4.314061,0.1,-16.996573771993223,-0.1824939266657923,-0.0003852762316469223
-114.64899983126088,138.04999,4.3171864,0.1,-17.015724262375514,-0.20051587527273235,-0.1802194833839208
-112.66449088606169,138.15,4.3203115,0.1,-17.036661350161378,-0.21822587420481232,-0.17709998668180435
9.76168874384257,138.25,4.3234363,0.1,-17.058407214753878,-0.2166914111644247,0.015344630175223351
6.625791345603375,138.35,4.326561,0.1,-17.080024279998455,-0.21564988728470033,0.01041523864204443
-0.9974394881781627,138.45001,4.329686,0.1,-17.101597108542503,-0.21580667716704502,-0.0015678988000833564
-2.134158950698815,138.55002,4.3328114,0.1,-17.12319455025677,-0.2161421506817302,-0.003354735096862476
-2.0623794736450805,138.65002,4.335936,0.1,-17.144824975163672,-0.21646634100992096,-0.0032419032335995503
-1.3724293649725574,138.75003,4.339061,0.1,-17.166482396358976,-0.21668207644170487,-0.0021573542856920414
-0.538838259745603,138.85004,4.342186,0.1,-17.188154839389387,-0.21676677770764596,-0.000847012646789485
-0.4052385999389969,138.95004,4.345311,0.1,-17.20983470250411,-0.21683047812572548,-0.0006370041713029935
-90.0311907252266,139.05005,4.348436,0.1,-17.2322253614863,-0.23098269484510098,-0.1415221650849105
-88.8312860958431,139.15005,4.3515606,0.1,-17.256021811368434,-0.24494629570567436,-0.13963600652499514
7.505484553474844,139.25006,4.354686,0.1,-17.28045745105589,-0.24376649076108708,0.011798049270068002
5.77609482751499,139.35007,4.357811,0.1,-17.304788702591274,-0.2428585326953081,0.009079580522493604
-0.9297917656159314,139.45007,4.3609357,0.1,-17.329081864031608,-0.24300468887146096,-0.0014615617397495781
0.33656576365183355,139.55008,4.3640604,0.1,-17.353379688002228,-0.24295178329963463,0.0005290557103796861
1.1994226180697183,139.65009,4.3671856,0.1,-17.37766543968956,-0.24276324320933582,0.0018854008748934161
1.3861019498408922,139.75009,4.370311,0.1,-17.401930870139186,-0.24254535855146023,0.0021788465462884766
1.0812340871973447,139.8501,4.3734355,0.1,-17.426176908267905,-0.24237539679706008,0.0016996175186751094
0.3020427019594081,139.9501,4.37656,0.1,-17.450412074368256,-0.24232791798730313,0.00047478809049466994
-117.74187326359242,140.05011,4.3796854,0.1,-17.47557027277828,-0.2608360427155114,-0.18508124452415767
-115.3268745915957,140.15012,4.3828106,0.1,-17.502560302719548,-0.27896454806617077,-0.1812850508052358
11.435026375620861,140.25012,4.3859353,0.1,-17.530366882992645,-0.2771670491087987,0.017974989305872567
8.255868141278267,140.35013,4.38906,0.1,-17.558018700339414,-0.2758692895856736,0.012977595037870089
-3.0372253056953014,140.45013,4.392185,0.1,-17.585629501142417,-0.27634671824573603,-0.004774286529482046
-2.157294666147436,140.55014,4.3953104,0.1,-17.61328112889267,-0.2766858285184864,-0.0033911026769722417
-1.0317783360300439,140.65015,4.398435,0.1,-17.640957821541303,-0.2768480162058893,-0.0016218768498611417
-0.5219613500933065,140.75015,4.40156,0.1,-17.66864672599171,-0.27693006455031477,-0.0008204834320285146
-0.5023336280811463,140.84991,4.40156,0.1,-17.69634368101027,-0.2770090275664958,-0.0007896301500440152
-0.16265789477165526,140.94992,4.404685,0.1,-17.724045862608754,-0.277034596147333,-0.0002556858045618197
-143.6396682255072,141.04993,4.40781,0.1,-17.752878275684765,-0.29961365678011637,-0.22579060296329143
2.34724971388664,141.14993,4.4140615,0.1,-17.782821193321066,-0.29924468702221546,0.0036896975240281425
2.375754561045931,141.24994,4.4140615,0.1,-17.81272698994379,-0.2988712365196826,0.0037345049696800524
2.340819880093875,141.34995,4.4171877,0.1,-17.842595716088987,-0.2985032774826283,0.0036795903157133547
4.079078736119982,141.44995,4.420313,0.1,-17.872413984277802,-0.2978620774071439,0.006412000659297814
0.6094853677777348,141.54996,4.4234376,0.1,-17.90219540213966,-0.29776627095448455,0.0009580645123169439
-1.9236958003741336,141.64996,4.4265623,0.1,-17.93198714919465,-0.2980686612666613,-0.003023903076707997
-1.7862950584484025,141.74997,4.4296875,0.1,-17.961808055363843,-0.29834945322984957,-0.002807919590041148
-1.4089387970132066,141.84998,4.4328127,0.1,-17.991654074853376,-0.2985709276659761,-0.0022147443282627584
-0.968908738646924,141.94998,4.4359374,0.1,-18.021518783318296,-0.29872323273203344,-0.0015230506378783348
-153.8821373865515,142.04999,4.439062,0.1,-18.052600561989102,-0.3229123314209724,-0.24189098328493322
-153.27634968860366,142.15,4.4421873,0.1,-18.086096489304417,-0.34700620490275563,-0.2409387312275653
2.5238251008637587,142.25,4.4453125,0.1,-18.120777274008358,-0.34660947884035986,0.003967260564841128
-0.6479678733308667,142.35,4.451562,0.1,-18.155443315189412,-0.34671133444947383,-0.0010185560759617344
0.24309224781484318,142.45001,4.454687,0.1,-18.19011253853858,-0.34667312220162766,0.0003821224727673691
-4.891149238312977,142.55002,4.4578123,0.1,-18.224818293844226,-0.3474419735682465,-0.00768851355162082
-0.3210561911726266,142.65002,4.460937,0.1,-18.259565015098083,-0.3474924411535353,-0.0005046758453671523
-1.2954364480817038,142.75003,4.4640617,0.1,-18.29432444136801,-0.3476960738858334,-0.002036327292637477
-3.190443049133407,142.85004,4.467187,0.1,-18.329119124941126,-0.3481975872069219,-0.005015133136153763
-1.7046697398808073,142.95004,4.470312,0.1,-18.363952282235147,-0.3484655482924015,-0.002679610814866915
-171.7311825737213,143.05005,4.473437,0.1,-18.400148579228674,-0.37546038079078986,-0.2699483209613401
-170.80221481526968,143.15005,4.4765615,0.1,-18.43903705817973,-0.4023091866406688,-0.2684880544980053
1.1820775269459816,143.25006,4.4796867,0.1,-18.47925868676443,-0.40212337306644313,0.001858135714567835
8.08418166156936,143.35007,4.482812,0.1,-18.519407486083463,-0.4008526013488669,0.01270771698640272
4.935927798842851,143.45007,4.4859366,0.1,-18.55945395230434,-0.40007671113395676,0.0077589020334850045
-10.05018401980363,143.55008,4.4890614,0.1,-18.59954061462998,-0.40165652343202973,-0.015798122745319262
-2.1565436225938583,143.65009,4.4921865,0.1,-18.639723217182674,-0.40199551564645997,-0.003389922093788578
-0.8515346628327833,143.75009,4.4953117,0.1,-18.679929462084253,-0.4021293704027438,-0.0013385475428925743
-0.8628562883970687,143.8501,4.4984365,0.1,-18.720149181445322,-0.40226500483224215,-0.001356344274772178
-0.9302178142042479,143.9501,4.501561,0.1,-18.760382993685464,-0.4024112279799846,-0.0014622314556354196
-0.8779434076654979,144.04996,4.501561,0.1,-18.800631017383687,-0.40254923398959686,-0.0013800600755581396
-382.1619388601175,144.14996,4.5046864,0.1,-18.8438895885728,-0.46262217690058827,-0.6007294201583482
-0.5709120673303119,144.24997,4.5078115,0.1,-18.890156294103484,-0.46271191992452787,-0.0008974302260233111
-2.3730946910474344,144.34998,4.514061,0.1,-18.936446138405273,-0.46308495231577773,-0.0037303238569123616
0.23891728924149902,144.44998,4.517186,0.1,-18.982752756528065,-0.4630473963395864,0.00037555975631676993
0.1015647464223548,144.54999,4.5203114,0.1,-19.02905669859182,-0.4630314311358516,0.00015965203496929974
-0.8705615188866886,144.65,4.523436,0.1,-19.075366684677128,-0.46316827676883265,-0.001368456309419119
-1.6703852624498268,144.75,4.526561,0.1,-19.121696641635733,-0.4634308485958697,-0.0026257182312439194
-1.7286839842245456,144.85,4.529686,0.1,-19.16805331398317,-0.4637025845374583,-0.0027173593753938574
-1.5385831819846203,144.95001,4.532811,0.1,-19.21443566580531,-0.46394443808240016,-0.002418535413379609
-204.37093717692915,145.05002,4.535936,0.1,-19.26243638798147,-0.4960699911354196,-0.32125552574311406
-202.8295664488038,145.15002,4.5390606,0.1,-19.313637550924323,-0.5279532524624981,-0.3188326085198091
2.653537223126957,145.25003,4.542186,0.1,-19.366412021166024,-0.5275361366435012,0.0041711581278142985
2.307765986510284,145.35004,4.545311,0.1,-19.419147497455345,-0.5271733734264915,0.0036276321160410574
-0.9257155621524618,145.45004,4.5484357,0.1,-19.471872111355054,-0.5273188888545398,-0.0014551542587995878
-2.4316055591404506,145.55005,4.5515604,0.1,-19.52462311251924,-0.5277011187081249,-0.0038222984788941305
-3.0386675217567927,145.65005,4.5546856,0.1,-19.577417107945017,-0.5281787740735557,-0.00477655358313199
-12.093757262242889,145.75006,4.557811,0.1,-19.630330038462343,-0.5300798205036662,-0.01901046401782626
4.476248730614188,145.85007,4.5609355,0.1,-19.68330283969355,-0.5293761883333573,0.007036321598239173
0.6722644571372882,145.95007,4.56406,0.1,-19.736235175573295,-0.5292705134865237,0.0010567484525898076
-217.10049093483212,146.05008,4.5671854,0.1,-19.790868554828272,-0.5633970553310009,-0.34126541335952215
-213.8218584159489,146.15009,4.5703106,0.1,-19.8488888195165,-0.5970082211421651,-0.3361116531031876
-2.561431159436779,146.25009,4.5734353,0.1,-19.90860977439303,-0.5974108585902329,-0.004026374420680341
3.8410827522836257,146.3501,4.57656,0.1,-19.968320671695743,-0.5968070696687549,0.0060378891248093905
0.20781180063568172,146.4501,4.579685,0.1,-20.02799974623038,-0.5967744032382017,0.0003266643006634681
-1.2919392836927983,146.55011,4.5828104,0.1,-20.08768734159385,-0.5969774862429228,-0.0020308300169490294
-2.361481470804378,146.65012,4.585935,0.1,-20.147403651452063,-0.597348693124498,-0.0037120687604378384
-2.4599731233624933,146.75012,4.58906,0.1,-20.207157856105837,-0.597735382142884,-0.0038668901262393415
-2.790097639122619,146.85013,4.592185,0.1,-20.266953324314905,-0.5981739642180405,-0.004385820686211263
0.7354526424279868,146.95013,4.59531,0.1,-20.326764941250584,-0.5980583566702713,0.0011560754604644295
-221.96826484374446,147.05014,4.598435,0.1,-20.38831536377416,-0.632950075457816,-0.3489171826761761
-223.52460980251465,147.15015,4.6015596,0.1,-20.45336719050671,-0.6680864398061848,-0.35136363824796085
-223.23557736284033,147.24991,4.6015596,0.1,-20.52193038204163,-0.7031773704588281,-0.3509093012974775
18.76655933366439,147.34991,4.604685,0.1,-20.59210062213126,-0.7002274104213383,0.029499599935319365
4.903535852035077,147.44992,4.60781,0.1,-20.662084824293846,-0.6994566119734867,0.007707984363657197
-4.512825974406837,147.54993,4.6140614,0.1,-20.7320659556257,-0.7001659938076286,-0.00709381823571199
-4.4181050806689655,147.64993,4.6140614,0.1,-20.8021172806719,-0.700860486239495,-0.006944924215177778
-7.445567715877587,147.74994,4.6171875,0.1,-20.872261849664813,-0.7020308727140612,-0.011703864571259739
-4.670926429747169,147.84995,4.6203127,0.1,-20.942501649683887,-0.7027651067343108,-0.00734234009308652
-13.52603216656371,147.94995,4.6234374,0.1,-21.01288447086232,-0.7048912958586852,-0.021261890926917108
-232.67276132927782,148.04996,4.626562,0.1,-21.085202320726623,-0.7414656798749661,-0.3657438347128021
-235.6145113914476,148.14996,4.6296873,0.1,-21.161200730081386,-0.7785024845709994,-0.3703680414414185
0.5682120878145938,148.24997,4.6328125,0.1,-21.23904651376809,-0.778413165963253,0.0008931860641537263
4.612090345534625,148.34998,4.635937,0.1,-21.31685158225198,-0.777688180526833,0.007249854256169291
-3.739168927845185,148.44998,4.639062,0.1,-21.394649789906214,-0.7782759493721737,-0.005877688365823201
-4.951065438152909,148.54999,4.642187,0.1,-21.472516299490554,-0.7790542191085631,-0.007782697247923212
-4.7131670501948975,148.65,4.6453123,0.1,-21.55045876625903,-0.7797950930322741,-0.007408739126711847
0.6819565791608966,148.75,4.6515617,0.1,-21.628432916805437,-0.7796878946577581,0.00107198372918672
2.199521546278447,148.85,4.654687,0.1,-21.706384420031963,-0.7793421466414193,0.0034574801118676707
-3.6727133816648347,148.95001,4.657812,0.1,-21.784347501984854,-0.7799194691816055,-0.005773225315833704
-231.62612856259693,149.05002,4.660937,0.1,-21.864159943158594,-0.8163293305072461,-0.3640986078309145
-222.63649562838324,149.15002,4.6640615,0.1,-21.94754271543041,-0.8513260900790633,-0.349967590503249
-0.9072973280135193,149.25003,4.6671867,0.1,-22.0326824567181,-0.8514687103011389,-0.0014262021995033911
-0.24615863992815434,149.35004,4.670312,0.1,-22.117831263730096,-0.8515074045624449,-0.00038694260729385267
-2.053873668660799,149.45004,4.6734366,0.1,-22.202998148119452,-0.8518302578429465,-0.003228532756907318
-16.573764233870662,149.55005,4.6765614,0.1,-22.288311438643376,-0.8544355272101976,-0.0260526932842954
-4.993105721501621,149.65005,4.6796865,0.1,-22.373794236545606,-0.855220405358584,-0.00784878136690872
-4.541595121115392,149.75006,4.6828117,0.1,-22.459351973562608,-0.8559343094832317,-0.007139041140097051
5.7796874183310365,149.85007,4.6859365,0.1,-22.54489997964601,-0.8550257866895689,0.009085227801247283
-1.4825494969616644,149.95007,4.689061,0.1,-22.630414211863073,-0.8552588321664663,-0.0023304547342476753
-224.1325965685537,150.05008,4.6921864,0.1,-22.71770169314202,-0.8904907673987273,-0.3523193470726439
-228.1967319003088,150.15009,4.6953115,0.1,-22.80854431055148,-0.926361553717246,-0.35870785784002285
1.247279463040286,150.25009,4.6984363,0.1,-22.901170664162372,-0.9261654908958129,0.0019606281851156935
1.5472285392472767,150.3501,4.701561,0.1,-22.993775054005408,-0.9259222783666278,0.0024321252556097073
1.6244201551653532,150.44995,4.701561,0.1,-23.08635451589848,-0.9256669319039847,0.002553464588380167
-27.054692739697828,150.54996,4.704686,0.1,-23.17913385004211,-0.9299197233182055,-0.042527913508492686
-9.037294651438181,150.64996,4.7078114,0.1,-23.272196853451295,-0.9313403171305693,-0.014205937911953502
-1.4598785304751232,150.74997,4.714061,0.1,-23.36534236064102,-0.9315697989043948,-0.0022948177040596055
-1.4199766984977487,150.84998,4.717186,0.1,-23.458510502395278,-0.9317930084144738,-0.0022320950675288184
-3.625699429956512,150.94998,4.720311,0.1,-23.551718301240903,-0.9323629407199195,-0.0056993229695316795
-218.68894835272113,151.04999,4.723436,0.1,-23.64667340848979,-0.9667391759589458,-0.3437623472678043
-226.22520354483277,151.15,4.7265606,0.1,-23.7451253714074,-1.0023000530523354,-0.35560876563491356
-6.968401172016854,151.25,4.729686,0.1,-23.8454101471836,-1.0033954325844678,-0.010953795158100983
4.7190749386988955,151.35,4.732811,0.1,-23.945712601806733,-1.00265362998573,0.007418025876841786
-0.0847668040478311,151.45001,4.7359357,0.1,-24.04597863253415,-1.0026669546810032,-0.00013324695074610457
-4.736566445597418,151.55002,4.7390604,0.1,-24.146282557103408,-1.0034115068112577,-0.007445521191598108
-8.71793627031866,151.65002,4.7421856,0.1,-24.246692228936247,-1.0047818999211278,-0.013703930894496799
-6.857304913024564,151.75003,4.745311,0.1,-24.34722431622877,-1.0058598159684247,-0.01077916031234616
9.43742756456004,151.85004,4.7484355,0.1,-24.447736124740583,-1.0043763243130195,0.014834916332993876
1.2506746974310374,151.95004,4.75156,0.1,-24.548163928842058,-1.0041797277866278,0.0019659652346213073
891.0968264156254,152.05005,4.7546854,0.1,-24.64157822167527,-0.8641061010379805,1.4007362466138769
914.2374685759096,152.15005,4.7578106,0.1,-24.720803274996847,-0.7203949417826561,1.4371115711386135
19.72912677466411,152.25006,4.7609353,0.1,-24.792687706831277,-0.7172936734827484,0.03101268253695103
-5.785032960922251,152.35007,4.76406,0.1,-24.86446254340269,-0.7182030365549482,-0.0090936305864928
-4.784402813651013,152.45007,4.767185,0.1,-24.93632045171108,-0.7189551081975218,-0.007520716313668691
-0.03958587047088713,152.55008,4.7703104,0.1,-25.008216274732014,-0.7189613307945287,-6.222596914117036e-5
1.2904846838129234,152.65009,4.773435,0.1,-25.080102266165017,-0.7187584764418179,0.0020285434968811073
1.0920890726762487,152.75009,4.77656,0.1,-25.151969531476336,-0.7185868083664667,0.0017166807279314245
-0.1058862723322136,152.8501,4.779685,0.1,-25.223829045609506,-0.7186034528811241,-0.0001664451440941176
-0.5153873004359042,152.9501,4.78281,0.1,-25.29569344271618,-0.7186844678350688,-0.0008101495273739514
-2.8246322456561757,153.05011,4.785935,0.1,-25.367584091103538,-0.7191284784870556,-0.004440106453706004
-3.428982193300044,153.15012,4.7890596,0.1,-25.43952389051702,-0.7196674883428129,-0.005390098477254211
-2.2049331256169467,153.25012,4.792185,0.1,-25.511507970357716,-0.7200140870181619,-0.0034659867018432557
0.4561822997677609,153.35013,4.79531,0.1,-25.58350579471342,-0.7199423786389008,0.0007170837819260078
0.3008267087874117,153.45013,4.7984347,0.1,-25.65549766926683,-0.7198950909739988,0.0004728766419728503
-1.540563469174458,153.55014,4.8015594,0.1,-25.727499287678686,-0.7201372558049878,-0.0024216482738042937
-1.544632832444437,153.6499,4.8015594,0.1,-25.799525154557646,-0.720380060308855,-0.002428045002491822
-3.248686051757545,153.74991,4.8046846,0.1,-25.87158869509621,-0.7208907289858695,-0.005106686694048723
-3.7472571113109012,153.84991,4.80781,0.1,-25.943707221081752,-0.7214797692319809,-0.005890402373340503
-1.0269774529453854,153.94992,4.814061,0.1,-26.01586327073142,-0.7216412022571682,-0.0016143302278184097
-1.043732702606917,154.04993,4.814061,0.1,-26.08803559537372,-0.7218052690798483,-0.0016406682023529812
16.630686037787214,154.14993,4.8171873,0.1,-26.160085412503292,-0.7191910520390344,0.026142170018590684
2.201742503791138,154.24994,4.8203125,0.1,-26.23198721392192,-0.7188449549051088,0.003460971287683804
-12.795516959076508,154.34995,4.823437,0.1,-26.303972278370278,-0.7208563126088402,-0.020113576737598348
-4.828704576503952,154.44995,4.826562,0.1,-26.376095862482984,-0.7216153481507458,-0.00759035530595039
-1.455368990445919,154.54996,4.829687,0.1,-26.448268837018947,-0.7218441210592627,-0.002287729051079131
-0.9457787207979358,154.64996,4.8328123,0.1,-26.520460683660797,-0.7219927902628741,-0.0014866920139606325
-0.18328267420542588,154.74997,4.835937,0.1,-26.592661404294905,-0.7220216009017801,-0.0002881063847668984
-1.370441089570221,154.84998,4.8390617,0.1,-26.664874336605642,-0.7222370237918309,-0.0021542288684065756
-2.434172721865525,154.94998,4.842187,0.1,-26.737117171730926,-0.7226196571838224,-0.003826333862898843
13.57778207872667,155.04999,4.845312,0.1,-26.809272422333706,-0.7204853333678346,0.021343237841839162
0.365043375060111,155.15,4.8515615,0.1,-26.881318087642292,-0.7204279513326287,0.0005738203435082903
-8.202168104062707,155.25,4.8546867,0.1,-26.953425349764373,-0.7217172696193513,-0.012893182675102605
-4.263782687445911,155.35,4.857812,0.1,-27.025630589508665,-0.7223875037476682,-0.00670234118329645
-1.6848360146204993,155.45001,4.8609366,0.1,-27.097882583128825,-0.7226523471227636,-0.0026484337114883235
-12.598673993100874,155.55002,4.8640614,0.1,-27.17024683969393,-0.7246327626131162,-0.019804154608420603
-5.875787149351929,155.65002,4.8671865,0.1,-27.24275629848265,-0.7255563915517619,-0.009236289248825622
-1.623529911739297,155.75003,4.8703117,0.1,-27.315324699045338,-0.7258115980749261,-0.002552065193613829
13.858324339054967,155.85004,4.8734365,0.1,-27.38779693878674,-0.723633175154671,0.021784228877941837
-9.865057899408725,155.95004,4.876561,0.1,-27.460237792975832,-0.7251838870381527,-0.015507118603743295
16.64098713465568,156.05005,4.8796864,0.1,-27.532625390943572,-0.7225680507434541,0.026158362557196824
34.97354539334083,156.15005,4.8828115,0.1,-27.604607318356916,-0.7170704760711156,0.05497574590418186
4.661277586725703,156.25006,4.8859363,0.1,-27.676277731167215,-0.7163377587754193,0.007327172847780059
-10.626794675524252,156.35007,4.889061,0.1,-27.74799503066826,-0.7180082098720767,-0.016704510717657245
-6.073850625924848,156.45007,4.892186,0.1,-27.819843590876445,-0.7189629728790611,-0.009547629927573192
0.0236911594581386,156.55008,4.8953114,0.1,-27.891739703032204,-0.7189592488094327,3.724069572866567e-5
0.41494154971658403,156.65009,4.898436,0.1,-27.96363236770204,-0.7188940231616304,0.000652256468303321
-0.5955037396989837,156.75009,4.901561,0.1,-28.035526451521875,-0.7189876318089617,-0.000936086459364653
-0.5937007116873474,156.84995,4.901561,0.1,-28.10742988203547,-0.7190809570340373,-0.0009332522368484332
0.12807625667306866,156.94995,4.904686,0.1,-28.179336972179822,-0.7190608244230339,0.0002013261070339773
34.280267706251834,157.04996,4.907811,0.1,-28.250973625854297,-0.7136722277170575,0.053885966256800144
3.914372053508707,157.14996,4.9140606,0.1,-28.32231008421696,-0.7130569182762373,0.006153094316514441
-7.950221400997632,157.24997,4.917186,0.1,-28.393678262817353,-0.7143066324622611,-0.012497141674016703
-5.246959752128532,157.34998,4.920311,0.1,-28.465150166231915,-0.7151314145286962,-0.008247820541448764
-0.8421201507036358,157.44998,4.9234357,0.1,-28.53666992749385,-0.7152637893954564,-0.0013237486478762741
-0.2556152290303544,157.54999,4.9265604,0.1,-28.608198316537504,-0.7153039701604654,-0.0004018076441025542
0.2631623017064234,157.65,4.9296856,0.1,-28.67972664626404,-0.7152626030531761,0.00041367106672938813
-0.580975162380291,157.75,4.932811,0.1,-28.75125747387854,-0.7153539279189293,-0.000913248643923334
-1.012003522150792,157.85,4.9359355,0.1,-28.822800821698383,-0.7155130071563678,-0.0015907923506803625
-1.18144126980458,157.95001,4.93906,0.1,-28.89436140915833,-0.7156987207158221,-0.0018571355668692813
43.57657645774123,158.05002,4.9421854,0.1,-28.965588787013285,-0.7088488151558638,0.06849905457886699
53.40285619935082,158.15002,4.9453106,0.1,-29.03605394348825,-0.7004542933431573,0.08394521687618435
3.718301445267926,158.25003,4.9484353,0.1,-29.10607014943408,-0.699869804706969,0.005844886274787679
-10.09538282262071,158.35004,4.95156,0.1,-29.176136476809106,-0.7014567219122166,-0.01586917181600679
-5.202066765714292,158.45004,4.954685,0.1,-29.246323036307754,-0.7022744471434839,-0.00817725219082169
-0.5008355591661342,158.55005,4.9578104,0.1,-29.31655441844519,-0.7023531746746539,-0.0007872752999682679
0.46858627570108524,158.65005,4.960935,0.1,-29.386786054049704,-0.7022795164849528,0.0007365818860342022
0.7916674375749153,158.75006,4.96406,0.1,-29.457007784540338,-0.7021550724000086,0.0012444408308978662
1.004477612805676,158.85007,4.967185,0.1,-29.527215398015418,-0.7019971761781362,0.0015789621951956465
0.7525097245662273,158.95007,4.97031,0.1,-29.59740920223965,-0.7018788873871104,0.0011828878926314359
52.837051654666766,159.05008,4.973435,0.1,-29.667181812935436,-0.6935733057347269,0.08305581528620701
63.971477428052225,159.15009,4.9765596,0.1,-29.736036353110567,-0.6835174772476472,0.1005582833723612
7.301396753397717,159.25009,4.979685,0.1,-29.80433071565807,-0.6823697533491198,0.011477238814250734
-8.628068696635626,159.3501,4.98281,0.1,-29.872635505341428,-0.683726019961622,-0.013562665922923042
-4.926610260846222,159.4501,4.9859347,0.1,-29.941046829635447,-0.6845004455306026,-0.0077442555744087465
1.0406443067270632,159.55011,4.9890594,0.1,-30.00948869614085,-0.6843368641802067,0.0016358134795837337
0.9646983605714659,159.65012,4.9921846,0.1,-30.077914801417162,-0.6841852209534798,0.00151643224467188
-0.3714123961334136,159.75012,4.99531,0.1,-30.146336243691906,-0.6842436041502364,-0.000583831958866307
-0.8799203291666515,159.85013,4.9984345,0.1,-30.214767520964966,-0.6843819209168353,-0.0013831676453769154
-2.449517155603182,159.95013,5.0015593,0.1,-30.283224966347742,-0.6847669663368133,-0.0038504541424048957
-2.447768621660501,160.0499,5.0015593,0.1,-30.351720902530282,-0.6851517369005877,-0.0038477055804087765
123.75546765366727,160.1499,5.0046844,0.1,-30.419263406431085,-0.6656983209862337,0.19453415624475537
12.94014880687061,160.24991,5.0078096,0.1,-30.48573153488379,-0.6636642282588064,0.020340926971169314
-8.886357309009782,160.34991,5.014061,0.1,-30.552167802080298,-0.6650610958717955,-0.013968675921741433
-8.886085512744728,160.44992,5.014061,0.1,-30.61874375390397,-0.6664579207604842,-0.01396824867874284
-0.42875357649427315,160.54993,5.017187,0.1,-30.685392916812823,-0.666525317553583,-0.0006739679209459397
1.497780684294895,160.64993,5.0203123,0.1,-30.752033677576037,-0.6662898778501704,0.002354396999043343
0.3166007696179918,160.74994,5.023437,0.1,-30.818660177992516,-0.6662401106231787,0.000497672262501051
-0.8030398020088114,160.84995,5.0265617,0.1,-30.8852905016344,-0.6663663423571007,-0.001262317320410613
-0.9133206084964058,160.94995,5.029687,0.1,-30.951934315214974,-0.6665099093929423,-0.0014356703370231245
70.98398502126483,161.04996,5.032812,0.1,-31.018027400078516,-0.6553517681806172,0.11158141046055761
86.67075728899363,161.14996,5.035937,0.1,-31.0828813787527,-0.6417277859750532,0.13623982002550922
7.147034457870177,161.24997,5.0390615,0.1,-31.146997985339485,-0.6406043266524133,0.011234593058990128
-6.477690570412591,161.34998,5.0421867,0.1,-31.211109331138413,-0.6416225702195046,-0.010182435519183138
-5.3131258325725526,161.44998,5.045312,0.1,-31.275313348260568,-0.6424577530892877,-0.008351828573378484
0.16217732935148632,161.54999,5.0515614,0.1,-31.339557849874833,-0.6424322600496704,0.0002549303923743388
0.11600786127090146,161.65,5.0546865,0.1,-31.403800165059522,-0.642414024498406,0.00018235550992582513
-0.16624084522806015,161.75,5.0578117,0.1,-31.46804287505632,-0.6424401562917359,-0.0002613179294054191
-0.9108513051685918,161.85,5.0609365,0.1,-31.53229405058692,-0.6425833351719221,-0.0014317887805271078
-1.2179936989772386,161.95001,5.064061,0.1,-31.59656195802791,-0.6427747944945403,-0.0019145931976520987
79.66543288491584,162.05002,5.0671864,0.1,-31.660213298494696,-0.6302519958716595,0.12522798436276644
89.60299412642325,162.15002,5.0703115,0.1,-31.72253425363657,-0.6161670883927366,0.1408490726904137
5.507735413799999,162.25003,5.0734363,0.1,-31.784107674692756,-0.6153013143806282,0.008657739992073725
-6.566365444177961,162.35004,5.076561,0.1,-31.845689416177514,-0.6163334969617543,-0.010321825657454297
-3.6006384643717695,162.45004,5.079686,0.1,-31.907351066438157,-0.6168994898744931,-0.005659929043047961
-0.48999149261462094,162.55005,5.0828114,0.1,-31.969044867491245,-0.6169765128010841,-0.0007702292544330176
0.4354360387307423,162.65005,5.085936,0.1,-32.03073909732941,-0.6169080655758735,0.0006844722419061008
0.63214730447703,162.75006,5.089061,0.1,-32.09242493636937,-0.616808696839556,0.0009936873483681705
0.3145300209562265,162.85007,5.092186,0.1,-32.15410333488635,-0.6167592551184651,0.0004944172035420497
0.8202890663467315,162.95007,5.095311,0.1,-32.21577281415781,-0.6166303119317099,0.0012894318483376592
92.78803211935156,163.05008,5.098436,0.1,-32.27670656770064,-0.602044740765322,0.14585570949046003
102.00599318402703,163.15009,5.1015606,0.1,-32.33610931444428,-0.5860101764039402,0.1603456412244824
101.95452584348459,163.24994,5.1015606,0.1,-32.39390900924156,-0.5699837023160675,0.1602647384905959
9.862220305405003,163.34995,5.104686,0.1,-32.45082986702959,-0.5684334364807273,0.01550265812239451
-5.665185641635162,163.44995,5.107811,0.1,-32.507717737724725,-0.5693239604681375,-0.008905239741403389
-0.312923965802554,163.54996,5.1140604,0.1,-32.56465259408301,-0.569373149729604,-0.0004918926073353061
1.4967911994820398,163.64996,5.1171856,0.1,-32.62157814569603,-0.5691378655656594,0.0023528416043861592
1.8417223250733317,163.74997,5.120311,0.1,-32.678477457865114,-0.5688483608587751,0.002895047025703294
1.466936954537327,163.84998,5.1234355,0.1,-32.73535076523326,-0.5686177695545055,0.0023059130083349783
1.0696460172036897,163.94998,5.12656,0.1,-32.79220413602598,-0.5684496293563526,0.0016814019564744193
98.47447850450715,164.04999,5.1296854,0.1,-32.84827512793811,-0.5529701921757803,0.15479436949910735
110.14019910038041,164.15,5.1328106,0.1,-32.90270648799126,-0.535656992665391,0.17313199252402445
7.7094139781252125,164.25,5.1359353,0.1,-32.956211595000326,-0.5344451315701535,0.0121186107717938
-7.215618180225761,164.35,5.13906,0.1,-33.00971282096261,-0.535579371731016,-0.011342401439609767
-4.5224616588581625,164.45001,5.142185,0.1,-33.063306303758836,-0.5362902682212841,-0.007108964796749802
1.7053042835777008,164.55002,5.1453104,0.1,-33.11692192833836,-0.5360222073903735,0.0026806082691613873
1.985892164129088,164.65002,5.148435,0.1,-33.17050854152058,-0.5357100402840443,0.0031216710167752773
1.2489376025953192,164.75003,5.15156,0.1,-33.224069730173696,-0.535513716815716,0.0019632346540288666
0.4632768497049504,164.85004,5.154685,0.1,-33.27761746147377,-0.5354408932272987,0.000728235873321515
-0.47651749256920084,164.95004,5.15781,0.1,-33.33116529684025,-0.5355157981438181,-0.0007490491540320159
106.79327092329913,165.05005,5.160935,0.1,-33.383877523044085,-0.5187287102234756,0.16787087670195505
118.59783115629398,165.15005,5.1640596,0.1,-33.434818261086384,-0.500086035440974,0.18642674504704143
7.320551309664552,165.25006,5.167185,0.1,-33.484769328632375,-0.49893530059224944,0.011507348315772228
-7.7019700444102455,165.35007,5.17031,0.1,-33.53472339398425,-0.5001459915578649,-0.012106909475747345
-4.732377505534373,165.45007,5.1734347,0.1,-33.584775188568905,-0.5008898852186809,-0.007438936497312075
2.169105267848181,165.55008,5.1765594,0.1,-33.634847129496436,-0.5005489184093957,0.0034096680420438448
2.4877154847899163,165.65009,5.1796846,0.1,-33.684882469587656,-0.500157868503321,0.003910499002476018
1.609491629189442,165.75009,5.18281,0.1,-33.73488560719248,-0.4999048686911356,0.0025299980841540348
0.6176989744086114,165.8501,5.1859345,0.1,-33.78487123992799,-0.49980777112214037,0.0009709756754837744
-0.07493534528230583,165.9501,5.1890593,0.1,-33.83485260674823,-0.4998195503870577,-0.00011779264741819913
115.24671108900293,166.05011,5.1921844,0.1,-33.883928767305264,-0.48170364612778166,0.1811590398932804
126.88903372335699,166.15012,5.1953096,0.1,-33.93110183319058,-0.4617576575198366,0.19945988310726642
7.502183859636489,166.25012,5.1984344,0.1,-33.977218635324725,-0.46057837141915386,0.011792860831100089
-7.831948098811495,166.35013,5.201559,0.1,-34.02333802928011,-0.4618094939438749,-0.01231122506375872
-7.820122348656355,166.44989,5.201559,0.1,-34.069580442543916,-0.46303875755083956,-0.012292635886472192
-4.975817544602933,166.5499,5.2046843,0.1,-34.1159234270185,-0.46382091812963505,-0.00782160567140403
1.3743000943407893,166.6499,5.2078094,0.1,-34.16229471804764,-0.4636048886334582,0.002160294929577205
1.3691682628991986,166.74991,5.214061,0.1,-34.20864444646108,-0.46338966582205526,0.0021522280819590133
1.3738402855094107,166.84991,5.214061,0.1,-34.25497261587274,-0.46317370860432083,0.0021595721451641843
11.153041735687097,166.94992,5.217187,0.1,-34.301202328765946,-0.4614205354822924,0.01753173095904129
127.4929215197161,167.04993,5.220312,0.1,-34.34634233722856,-0.44137962031723516,0.20040914866424356
136.42532647797017,167.14993,5.223437,0.1,-34.38940804884614,-0.41993459919982806,0.21445020797851405
8.37571376340307,167.24994,5.2265615,0.1,-34.43133567947384,-0.4186180008586942,0.01316598321514983
-6.504272349696009,167.34995,5.2296867,0.1,-34.47324860128526,-0.41964042287881026,-0.010224220048807764
-2.98956313113689,167.44995,5.232812,0.1,-34.51523614102529,-0.4201103594084429,-0.004699365226300044
0.5770043095104181,167.54996,5.2359366,0.1,-34.55724264255818,-0.4200196587304842,0.0009070067660713223
12.648603827091478,167.64996,5.2390614,0.1,-34.59914519585165,-0.4180313946509293,0.01988264049927421
5.0090018200873665,167.74997,5.2421865,0.1,-34.640908967094376,-0.41724401775704845,0.007873768821480144
1.5520336789885472,167.84998,5.2453117,0.1,-34.68262117109862,-0.41700004989653383,0.002439678568791975
0.41455615676009927,167.94998,5.251561,0.1,-34.72431791845625,-0.4169348848295658,0.0006516506599698885
131.05506667833322,168.04999,5.2546864,0.1,-34.764981364683955,-0.3963340276059337,0.20600856916655366
143.37755762428708,168.15,5.2578115,0.1,-34.8034878750761,-0.3737961687611422,0.22537858508951267
8.598497443564519,168.25,5.2609363,0.1,-34.840799911596356,-0.3724445505241502,0.013516182168513202
-6.784306374638798,168.35,5.264061,0.1,-34.878097689266234,-0.3735109917578062,-0.010664412177647851
-3.1622932464380002,168.45001,5.267186,0.1,-34.915473643418295,-0.3740080801445454,-0.004970883793319616
-0.6581128453707612,168.55002,5.2703114,0.1,-34.95287962450621,-0.37411153046591145,-0.001034503198245095
2.936255117499469,168.65002,5.273436,0.1,-34.99026770026411,-0.373649973549564,0.004615569094697512
2.870605484333137,168.75003,5.276561,0.1,-35.027610136310784,-0.37319873625499017,0.004512372878498561
2.419176455885845,168.85004,5.279686,0.1,-35.064910996687445,-0.37281846016166825,0.003802760876553358
1.638130392400349,168.95004,5.282811,0.1,-35.10217996817859,-0.3725609585542687,0.002575016035625224
135.43973379259023,169.05005,5.285936,0.1,-35.13837155990021,-0.35127086509213495,0.21290093144886643
147.39026920211336,169.15005,5.2890606,0.1,-35.17234021559014,-0.32810223858311177,0.2316862616378374
7.719879485879829,169.25006,5.292186,0.1,-35.20508976462679,-0.3268887323898518,0.012135061751773243
-7.40147070259043,169.35007,5.295311,0.1,-35.23783681109176,-0.3280521871501565,-0.011634547429679072
-4.048978944868622,169.45007,5.2984357,0.1,-35.270673853726976,-0.3286886557679587,-0.006364686083180555
1.560358274000687,169.55008,5.3015604,0.1,-35.3035304559722,-0.3284433793445809,0.0024527641972289984
1.589732980601518,169.64993,5.3015604,0.1,-35.336362299700724,-0.32819348544129934,0.002498938995578286
0.8165509288744488,169.74994,5.3046856,0.1,-35.3691752309548,-0.3280651298612526,0.0012835557813413105
3.8856463371588905,169.84995,5.307811,0.1,-35.401951204730466,-0.32745433588401696,0.006107939681340856
2.5837778001479954,169.94995,5.31406,0.1,-35.43467633129803,-0.32704818571441624,0.00406150163548613
146.58833552564374,170.04996,5.3171854,0.1,-35.46622902190716,-0.30400561706481427,0.23042568306240951
155.57706597324523,170.14996,5.3203106,0.1,-35.49540680762146,-0.27955008852540314,0.2445552817499539
8.278921128246736,170.24997,5.3234353,0.1,-35.523296747725745,-0.27824870524849915,0.013013832575118808
-5.28787907190241,170.34998,5.32656,0.1,-35.551163179379415,-0.2790799195200043,-0.008312142591191223
-1.145913109101084,170.44998,5.329685,0.1,-35.57908017818759,-0.2792600483234883,-0.0018012880079983915
0.9483277393321361,170.54999,5.3328104,0.1,-35.60699872994146,-0.27911097843359883,0.00149069887668116
3.016586820840436,170.65,5.335935,0.1,-35.634886118977995,-0.2786367939859929,0.004741844405400327
3.901020760626478,170.75,5.33906,0.1,-35.66271913825537,-0.27802358326661386,0.006132107102415024
3.8655844889048554,170.85,5.342185,0.1,-35.69049111497548,-0.27741594285895776,0.006076403986015209
3.5258101666025112,170.95001,5.34531,0.1,-35.718204998150604,-0.2768617123840835,0.005542304666155692
149.51561100919162,171.05002,5.348435,0.1,-35.74471603408226,-0.25335899834812403,0.2350271368574174
160.17969790570845,171.15002,5.3515596,0.1,-35.76879298291657,-0.22817997116270988,0.251790268102174
8.153996544417861,171.25003,5.354685,0.1,-35.79154689306766,-0.2268982250778688,0.012817460657415847
-2.007590839014092,171.35004,5.35781,0.1,-35.814252494812415,-0.22721380305044359,-0.003155779678723018
0.02857527470300636,171.45004,5.3609347,0.1,-35.83697365086527,-0.22720931123513874,4.491815237907768e-5
12.964056632649257,171.55005,5.3640594,0.1,-35.859592689783064,-0.22517146037978955,0.020378508249828543
6.167888239509676,171.65005,5.3671846,0.1,-35.88206135890571,-0.2242019153769601,0.009695449883821022
3.5556925522184732,171.75006,5.37031,0.1,-35.904453604389175,-0.22364298761891185,0.005589277497195771
2.816351249622834,171.85007,5.3734345,0.1,-35.92679576803686,-0.22320027867636114,0.004427089359538331
2.7997360783706657,171.95007,5.3765593,0.1,-35.949093791378544,-0.22276018151204524,0.0044009715775794106
155.8726834944532,172.05008,5.3796844,0.1,-35.97014470997544,-0.19825818415230104,0.24501996994635986
165.03110473006345,172.15009,5.3828096,0.1,-35.988673447099394,-0.17231655280471744,0.2594163096102316
7.853298796365195,172.25009,5.3859344,0.1,-36.00584337870114,-0.17108207411313406,0.0123447867318821
-5.641858345579379,172.3501,5.389059,0.1,-36.02299592922376,-0.17196893122746837,-0.008868571011191139
9.907827988416827,172.4501,5.3921843,0.1,-36.040114950850835,-0.17041149621210452,0.01557434992156263
8.328739561326877,172.55011,5.3953094,0.1,-36.05709064000727,-0.16910228185737194,0.013092143352237785
7.531954279491416,172.65012,5.398434,0.1,-36.07394167015492,-0.16791831607367913,0.011839657660503518
5.793761331744161,172.75012,5.401559,0.1,-36.090687965256556,-0.16700758096813748,0.009107350919706549
5.82558338325326,172.84988,5.401559,0.1,-36.107342936737076,-0.1660918436787328,0.00915737275759111
4.718537336105385,172.94989,5.404684,0.1,-36.12391503544731,-0.16535012558702353,0.0074171808065680725
163.4585799883357,173.0499,5.4078093,0.1,-36.13916532611085,-0.13965568313877852,0.2569444206536798
6.2332914926387275,173.1499,5.4140606,0.1,-36.15308190333732,-0.1386758572432387,0.009798258809392927
6.270328072891857,173.24991,5.4140606,0.1,-36.166900206879376,-0.1376902094796766,0.009856477488747739
-2.3513523733404327,173.34991,5.4171867,0.1,-36.18068770876603,-0.13805982414436202,-0.0036961465917771056
-0.046918760175486796,173.44992,5.420312,0.1,-36.194494060149765,-0.13806719941571918,-7.375271247272349e-5
5.172099360672846,173.54993,5.4234366,0.1,-36.208260129567286,-0.1372541848320314,0.008130145715729235
5.397505164364542,173.64993,5.4265614,0.1,-36.22194312592151,-0.13640573817465942,0.008484466447291157
4.659664803551648,173.74994,5.4296865,0.1,-36.235547076752766,-0.13567327439618102,0.007324637675638425
3.5544691133279684,173.84995,5.4328117,0.1,-36.249086467622,-0.13511453895339798,0.005587354344572345
5.4638891427227065,173.94995,5.4359365,0.1,-36.262554977632405,-0.13425565724078736,0.008588816998122702
165.1133134992474,174.04996,5.439061,0.1,-36.27468281584024,-0.10830110330150691,0.2595455355252746
173.77139932547811,174.14996,5.4421864,0.1,-36.284147149360635,-0.08098556428582407,0.2731553860864959
9.050119038766098,174.24997,5.4453115,0.1,-36.292174575423424,-0.07956295457755463,0.014226096870708957
2.0745659026344017,174.34998,5.451561,0.1,-36.3001145657024,-0.07923684863564485,0.003261059370504213
5.191273998358169,174.44998,5.454686,0.1,-36.3079974492489,-0.07842081994511418,0.008160286783708972
5.340578849156614,174.54999,5.4578114,0.1,-36.31579755644591,-0.0775813216704457,0.008394982621589909
4.965614051144371,174.65,5.460936,0.1,-36.323516660894605,-0.07680076500302309,0.00780556655791399
4.786448282371666,174.75,5.464061,0.1,-36.331159117850056,-0.07604837182836272,0.00752393163448838
4.326993583801013,174.85,5.467186,0.1,-36.33872994662574,-0.07536820142910418,0.006801703891232126
3.9570767718073974,174.95001,5.470311,0.1,-36.34623566576565,-0.07474617913217887,0.006220222876564446
165.64026917911906,175.05002,5.473436,0.1,-36.352408414403136,-0.04870879177791217,0.260373869662794
171.68638299694612,175.15002,5.4765606,0.1,-36.355929904116074,-0.02172100143140865,0.2698778994435412
12.46346866118392,175.25003,5.479686,0.1,-36.35800404617797,-0.019761839188330632,0.01959162213884226
-1.1570343788486372,175.35004,5.482811,0.1,-36.3599893239755,-0.019943716170622346,-0.001818769795815356
1.8025216895738545,175.45004,5.4859357,0.1,-36.36196952848877,-0.019660373504744706,0.0028334266165550683
4.74866787461599,175.55005,5.4890604,0.1,-36.36389824314885,-0.018913919122118494,0.007464543715031753
4.724178495416794,175.65005,5.4921856,0.1,-36.365752504846746,-0.018171314283177732,0.007426048278750864
1.9402890353026692,175.75006,5.495311,0.1,-36.367554386369804,-0.01786631564098897,0.0030499863764392636
14.606903825223796,175.85007,5.4984355,0.1,-36.369226213263424,-0.015570221733217076,0.0229609387355743
6.058570169130647,175.95007,5.50156,0.1,-36.370735617407455,-0.014617860697531522,0.00952361021494269
6.106660143142465,176.04993,5.50156,0.1,-36.37214940747763,-0.013657940284603902,0.009599203986236916
329.422531256007,176.14993,5.5046854,0.1,-36.370926065979916,0.03812476987424289,0.5178270938722429
14.479059017453304,176.24994,5.5078106,0.1,-36.36699978905005,0.04040076755301414,0.02275997644856242
2.5517255035814435,176.34995,5.51406,0.1,-36.3629396566446,0.040801879345984386,0.004011117869932188
6.526922787216424,176.44995,5.517185,0.1,-36.35880816952363,0.0418278618421754,0.010259824809026841
5.9056097352551165,176.54996,5.5203104,0.1,-36.3545789674353,0.04275617866393622,0.00928316807927818
4.813563816412379,176.64996,5.523435,0.1,-36.350265516728136,0.04351283419379943,0.007566555185881665
4.0629744613521295,176.74997,5.52656,0.1,-36.34588229981313,0.04415150280008091,0.006386685967645845
3.518158664469854,176.84998,5.529685,0.1,-36.34143949808106,0.044704530517160466,0.005530277088388001
1.7439590253683217,176.94998,5.53281,0.1,-36.33695533810944,0.044978667578748924,0.0027413705750349454
165.409046532423,177.04999,5.535935,0.1,-36.33115741921931,0.07097970849596297,0.2600104052976835
174.67168859707175,177.15,5.5390596,0.1,-36.32268659536225,0.09843676612068661,0.2745705721558161
6.342735956490003,177.25,5.542185,0.1,-36.31279306711622,0.09943379585146046,0.00997029715916952
1.635717021256582,177.35,5.54531,0.1,-36.30283683127052,0.09969091809531754,0.0025712224002565464
5.312142030454739,177.45001,5.5484347,0.1,-36.292825987900635,0.10052594631890888,0.008350282111484482
5.6779052134777075,177.55002,5.5515594,0.1,-36.282728766947926,0.10141846972602953,0.008925233938210183
6.941105848752244,177.65002,5.5546846,0.1,-36.272532365377614,0.10250955864146405,0.010910888991760367
6.126276544019491,177.75003,5.55781,0.1,-36.262233259161924,0.10347256260303997,0.009630039472260455
5.323554680862208,177.85004,5.5609345,0.1,-36.25184416163655,0.10430938480825709,0.00836822192747505
4.66661583808542,177.95004,5.5640593,0.1,-36.24137654517834,0.10504294123636451,0.007335564171765769
164.0536750209992,178.05005,5.5671844,0.1,-36.22958285153647,0.13083092808631117,0.257879864656757
172.6523247374662,178.15005,5.5703096,0.1,-36.21514277706151,0.15797055710938904,0.2713962861866589
4.54213962945763,178.25006,5.5734344,0.1,-36.19931002162878,0.1586845468265964,0.007139897065681057
-2.436570960527026,178.35007,5.576559,0.1,-36.18346071722879,0.15830153644977316,-0.0038301037111595623
3.3995786135199206,178.45007,5.5796843,0.1,-36.16760384395567,0.1588359242869831,0.005343878292469252
5.014085093623237,178.55008,5.5828094,0.1,-36.15168084249241,0.15962410023270523,0.007881759339774084
7.791294730635503,178.65009,5.585934,0.1,-36.135657195624105,0.16084883235791955,0.012247321069643843
8.533434870946849,178.75009,5.589059,0.1,-36.1195052426028,0.16219022325457996,0.013413908766721272
8.192633906681941,178.8501,5.592184,0.1,-36.10322182905552,0.16347804283816988,0.01287819564399923
6.543344982235759,178.9501,5.5953093,0.1,-36.086822596330336,0.1645066067782033,0.010285639247066164
164.19585360643396,179.05011,5.598434,0.1,-36.069081418576175,0.19031694301770838,0.2581033585490109
165.78142691162793,179.15012,5.6015587,0.1,-36.048746745157715,0.21637651929123727,0.26059575885210956
166.28556147640484,179.24988,5.6015587,0.1,-36.02580215176753,0.24251534167446415,0.2613882199372808
5.59251514668145,179.34988,5.604684,0.1,-36.001506662201066,0.24339444241415978,0.00879100726596019
-1.6923600505851333,179.44989,5.607809,0.1,-35.977180518901974,0.2431284163179795,-0.002660260922161806
7.63955479105158,179.5499,5.6140604,0.1,-35.952807632918805,0.2443292960816658,0.012008797457917877
7.6925448359688815,179.6499,5.6140604,0.1,-35.92831424247592,0.24553850547637882,0.012092093766944055
2.5075817290793054,179.74991,5.6171865,0.1,-35.9037406829257,0.24593267820458126,0.003941727223288078
10.043988517407655,179.84991,5.6203117,0.1,-35.87906847281698,0.24751151661691653,0.015788383888087627
6.820026055395672,179.94992,5.6234365,0.1,-35.85426371798091,0.24858357271203493,0.010720560791435296
150.44383411357467,180.04993,5.626561,0.1,-35.828222929140146,0.27223219634256207,0.23648623278135167
156.2338808609793,180.14993,5.6296864,0.1,-35.79977177034035,0.2967909711742953,0.24558774465779015
14.347647408202285,180.24994,5.6328115,0.1,-35.7699799057402,0.29904631195006903,0.02255340742166533
-0.6052122969570815,180.34995,5.6359363,0.1,-35.740080030837575,0.2989511771915617,-0.000951347570896657
4.503352030278677,180.44995,5.639061,0.1,-35.7101495180423,0.29965906979392276,0.007078925918126157
6.275995979768698,180.54996,5.642186,0.1,-35.680134283679884,0.30064560850922967,0.009865387006063335
7.284553886125671,180.64996,5.6453114,0.1,-35.6500124685637,0.30179068483744415,0.011450763111515085
4.828730277803755,180.74997,5.651561,0.1,-35.61979544765059,0.30254972441939804,0.007590395706433426
5.853929724402121,180.84998,5.654686,0.1,-35.589494465101225,0.30346991753749836,0.009201931043883976
5.727120438888264,180.94998,5.657811,0.1,-35.55910245991134,0.30437017720280124,0.009002596518879597
131.03637415950038,181.04999,5.660936,0.1,-35.52763554577705,0.324968096104998,0.20597918595263853
131.69334231075754,181.15,5.6640606,0.1,-35.49410367620257,0.3456692853913741,0.20701188977904358
6.556037862530571,181.25,5.667186,0.1,-35.459485219189375,0.3466998445554102,0.010305591486795702
5.147184375674989,181.35,5.670311,0.1,-35.42477477930971,0.3475089426934261,0.00809098125959407
5.350862126545002,181.45001,5.6734357,0.1,-35.38998182878554,0.3483500574208929,0.008411147149332466
1.780642696092002,181.55002,5.6765604,0.1,-35.35513282735141,0.34862996087581644,0.002799034507526094
0.5527990593940242,181.65002,5.6796856,0.1,-35.32026548595441,0.34871685667301505,0.0008689579590378947
1.2466739235870383,181.75003,5.682811,0.1,-35.28538400138557,0.3489128243082632,0.0019596763232800607
-1.9526719502857972,181.85004,5.6859355,0.1,-35.25050806569215,0.34860587916625535,-0.0030694513743400815
-1.9777824062928175,181.95004,5.68906,0.1,-35.215663021872004,0.3482949868520234,-0.003108923095992955
108.14499676598626,182.05005,5.6921854,0.1,-35.17998354420932,0.3652945557683052,0.16999568662968498
109.71563350004703,182.15005,5.6953106,0.1,-35.142591765023546,0.3825410168035159,0.17246460778218387
2.7840625479975265,182.25006,5.6984353,0.1,-35.10431578110259,0.3829786502083634,0.004376333983262787
1.2748678338770958,182.35007,5.70156,0.1,-35.066007895535776,0.3831790497113385,0.0020039949998888846
1.3002086927793162,182.44992,5.70156,0.1,-35.02767977084887,0.383383432604116,0.00204382889732004
5.337796473407124,182.54993,5.704685,0.1,-34.98929947397123,0.3842224935105315,0.008390608939125245
8.44143057467343,182.64993,5.7078104,0.1,-34.95081087762051,0.38554942203332476,0.013269285030204594
6.687018008488735,182.74994,5.71406,0.1,-34.91220337742967,0.3866005702776185,0.0105114822863044
9.148999934847176,182.84995,5.717185,0.1,-34.873471412173195,0.3880387233088127,0.014381530097640711
8.726838949048613,182.94995,5.72031,0.1,-34.83459894963592,0.3894105158518988,0.013717925226447419
70.98919845129058,183.04996,5.723435,0.1,-34.79509994942596,0.40056947657567293,0.11158960557492652
82.14760483258942,183.14996,5.7265596,0.1,-34.75439735230552,0.41348245370286174,0.12912976934770462
6.4281334350334305,183.24997,5.729685,0.1,-34.71299858364018,0.41449290726613075,0.010104535482120765
2.3131102648482624,183.34998,5.73281,0.1,-34.671531112130815,0.41485651056294653,0.003636032913976913
5.3439039331973675,183.44998,5.7359347,0.1,-34.63000345940809,0.4156965315154734,0.008400209400095735
7.642231683935627,183.54999,5.7390594,0.1,-34.58837374060867,0.41689783206631054,0.012013005329363308
6.281263665814976,183.65,5.7421846,0.1,-34.5466345884423,0.4178851988216993,0.00987366740675838
7.285758992845075,183.75,5.74531,0.1,-34.50478880464849,0.41903046458350146,0.011452657447363745
7.357877737078321,183.85,5.7484345,0.1,-34.46282792745095,0.42018706686201185,0.011566022612756743
1.586989343507696,183.95001,5.7515593,0.1,-34.420796747007216,0.4204365294864617,0.002494626207325713
29.279777777591335,184.05002,5.7546844,0.1,-34.37852296553782,0.4250390873029887,0.04602557747943576
18.85590982763972,184.15002,5.7578096,0.1,-34.33587085590926,0.4280030925568589,0.029640052097030606
-0.5903297404233285,184.25003,5.7609344,0.1,-34.29307518578258,0.4279102972227634,-0.0009279533271274792
2.009151141178692,184.35004,5.764059,0.1,-34.25026836426042,0.4282261204629416,0.0031582323547205485
6.948543709933116,184.45004,5.7671843,0.1,-34.20739113867068,0.4293183785534422,0.01092258074224638
5.23042637275212,184.55005,5.7703094,0.1,-34.164418191017724,0.4301405616987017,0.008221831330080214
3.009952534956277,184.65005,5.773434,0.1,-34.12138047712712,0.4306137032871512,0.0047314158139915566
6.457181142481886,184.75006,5.776559,0.1,-34.07826835517391,0.4316287229285505,0.010150196262742947
8.487010569110126,184.85007,5.779684,0.1,-34.03503877756937,0.43296281627893446,0.01334093330504444
5.621546752741693,184.95007,5.7828093,0.1,-33.99169831208131,0.4338464805657449,0.008836642736428167
-51.78439375618882,185.05008,5.785934,0.1,-33.94872066897717,0.42570636870878026,-0.08140111735667503
-56.37496629066277,185.15009,5.7890587,0.1,-33.90659311722142,0.41684465385122704,-0.08861714725503383
8.207999573044347,185.25009,5.792184,0.1,-33.864844139466726,0.4181348888004102,0.012902349299571961
9.11106656929178,185.3501,5.795309,0.1,-33.82295904045278,0.41956707899577045,0.01432190174018911
5.891369308388079,185.4501,5.798434,0.1,-33.78095602801055,0.42049315733100706,0.009260783214369447
5.161502142688022,185.55011,5.8015585,0.1,-33.73886614421117,0.42130450611282844,0.008113487697313525
5.188756267542317,185.64987,5.8015585,0.1,-33.696694911325366,0.42212013903527185,0.008156329102895352
-9.008529720431888,185.74988,5.8046837,0.1,-33.65455370040311,0.42070406685073763,-0.014160721634330863
2.3806608544653045,185.84988,5.807809,0.1,-33.612464582004144,0.4210782885851869,0.003742217288729244
4.7695762198075045,185.94989,5.81406,0.1,-33.57031926546686,0.42182802960025695,0.007497410038980268
4.798171419285609,186.0499,5.81406,0.1,-33.52809875007958,0.42258226556265455,0.007542359511586124
-298.66219560824203,186.1499,5.8171864,0.1,-33.48818789392529,0.3756348456286867,-0.4694741923439676
-0.6689641815205505,186.24991,5.8203115,0.1,-33.4506296666062,0.3755296895600163,-0.0010515606710343784
13.381399493487152,186.34991,5.8234363,0.1,-33.4129715243905,0.3776331435309667,0.021034539396065064
16.941176909162095,186.44992,5.826561,0.1,-33.375075058280785,0.3802961673693548,0.02663023798705932
-0.40633142153393464,186.54993,5.829686,0.1,-33.337048634587276,0.380232295168053,-0.0006387220035000501
-4.6187561354646505,186.64993,5.8328114,0.1,-33.29906170616681,0.37950626192028075,-0.007260332369535329
-0.13119595596688782,186.74994,5.835936,0.1,-33.26111211055949,0.3794856389163352,-0.00020623003638244747
1.675402341503518,186.84995,5.839061,0.1,-33.2231503780785,0.3797489993899456,0.002633604696860569
0.4578479908551003,186.94995,5.842186,0.1,-33.18517187906292,0.37982096960314526,0.0007197021212720057
-297.23949593525435,187.04996,5.845311,0.1,-33.149525970691094,0.3330971872100843,-0.4672378169682236
8.948059385152751,187.14996,5.8515606,0.1,-33.11614592313724,0.334503753918982,0.014065666879382299
11.893950048957098,187.24997,5.854686,0.1,-33.082602065332516,0.336373392178638,0.018696382317961942
-0.23160207781273978,187.34998,5.857811,0.1,-33.04896654591748,0.33633698609790685,-0.0003640608018865048
4.992881579408511,187.44998,5.8609357,0.1,-33.01529360466017,0.3371218290128653,0.007848429032633808
4.93984410462471,187.54999,5.8640604,0.1,-32.98154259596454,0.33789833484118365,0.007765058167474998
1.1713650912928681,187.65,5.8671856,0.1,-32.94774355549373,0.3380824645022039,0.0018412965827652983
-0.3790294644650296,187.75,5.870311,0.1,-32.913938287566864,0.3380228839603836,-0.0005958054093250485
1.6068837404038288,187.85,5.8734355,0.1,-32.88012336917335,0.3382754738323363,0.002525898681888357
1.8677116395215805,187.95001,5.87656,0.1,-32.846281141784374,0.3385690638612906,0.0029359002457946966
-459.666774153593,188.05002,5.8796854,0.1,-32.816037040550896,0.2663129517948408,-0.7225611098974981
-472.7966862763569,188.15002,5.8828106,0.1,-32.79312174673696,0.19199291765459753,-0.743200330327885
-2.846527704537948,188.25003,5.8859353,0.1,-32.7739448273083,0.1915454652034212,-0.004474524445087827
6.790519758105802,188.35004,5.88906,0.1,-32.75473690960523,0.1926128831335829,0.010674179142559343
-1.105037601899511,188.45004,5.892185,0.1,-32.73548430617925,0.19243917964816673,-0.0017370348282779817
-2.591438503613502,188.55005,5.8953104,0.1,-32.71626075564667,0.19203182527439194,-0.004073543677047269
-0.44538848942607956,188.65005,5.898435,0.1,-32.69706107341686,0.19196181359981673,-0.0007001167353195407
-0.07520463545466782,188.75006,5.90156,0.1,-32.677865482850606,0.19194999200453755,-0.00011821595103022254
-0.06380160611658514,188.84991,5.90156,0.1,-32.65867098482043,0.1919399628785254,-0.00010029125862692597
-0.8464845176491593,188.94992,5.904685,0.1,-32.639483641292266,0.19180690196655847,-0.0013306090998416445
-258.75353112690755,189.04993,5.90781,0.1,-32.6223366549486,0.15113281979665993,-0.4067408156380748
4.236359454646077,189.14993,5.9140596,0.1,-32.60719007657297,0.1517987432018752,0.006659233952922204
6.1069657018908,189.24994,5.917185,0.1,-32.59196220360365,0.15275871164630825,0.009599684301284142
4.919481479579758,189.34995,5.92031,0.1,-32.57664766696187,0.15353201662522883,0.007733049673974464
2.4131850399583925,189.44995,5.9234347,0.1,-32.56127549835586,0.1539113509136498,0.003793342827684438
-1.604815157290517,189.54996,5.9265594,0.1,-32.54589697627066,0.15365908620719013,-0.002522647027006357
1.9687228996541926,189.64996,5.9296846,0.1,-32.5305155940093,0.1539685544360547,0.003094682242531266
0.5582685199251358,189.74997,5.93281,0.1,-32.51511435055846,0.1540563099907457,0.0008775555338336316
-0.3644181760696448,189.84998,5.9359345,0.1,-32.4997115835178,0.15399902623205416,-0.000572837578379595
-0.9841770959065741,189.94998,5.9390593,0.1,-32.484319415922,0.15384432109665255,-0.0015470513309633607
-193.99762788651424,190.04999,5.9421844,0.1,-32.470459731002116,0.12334937317050643,-0.30494947471736006
-199.39858173026732,190.15,5.9453096,0.1,-32.4596919903591,0.09200543648088366,-0.3134393622256171
2.053671294891714,190.25,5.9484344,0.1,-32.45047530550023,0.09232825794977183,0.0032282146407774906
5.416338398483958,190.35,5.951559,0.1,-32.44119990921212,0.09317966504794922,0.008514070854904349
0.8229494388938008,190.45001,5.9546843,0.1,-32.431875474499535,0.09330902642498419,0.0012936137510733763
0.4423835440394157,190.55002,5.9578094,0.1,-32.42254109475194,0.09337856574505649,0.0006953931903607664
-0.8672922090177053,190.65002,5.960934,0.1,-32.413210054624514,0.09324223402265924,-0.0013633172036573826
-1.2338133067616326,190.75003,5.964059,0.1,-32.40389552838567,0.09304828797831745,-0.0019394604145178001
-1.0743437517162278,190.85004,5.967184,0.1,-32.39459914338162,0.09287940933211807,-0.001688786436828984
-0.8439962419621789,190.95004,5.9703093,0.1,-32.3853178357988,0.09274673955811673,-0.001326697720244052
-151.43970462614197,191.05005,5.973434,0.1,-32.37723342006662,0.06894157267624795,-0.2380516652714415
-153.00762521886764,191.15005,5.9765587,0.1,-32.37154184431638,0.04488994063215837,-0.2405163168569234
0.8660878214815095,191.25006,5.979684,0.1,-32.36704604306608,0.04502608303401804,0.0013614239983098725
3.154672302406862,191.35007,5.982809,0.1,-32.3625186401736,0.04552197346646306,0.004958904250556828
0.37259244069614683,191.45007,5.985934,0.1,-32.35796351432454,0.04558054215722742,0.0005856868989161879
-1.6051551164640685,191.55008,5.9890585,0.1,-32.353418075948355,0.04532822401177776,-0.0025231814168982813
-1.8748706671746334,191.65009,5.9921837,0.1,-32.34889998924853,0.04503350863826198,-0.0029471536912417857
-1.3503238521883247,191.75009,5.995309,0.1,-32.34440725134844,0.0448212480245394,-0.0021226061055964938
-0.8090658681680691,191.8501,5.9984336,0.1,-32.33993148542857,0.04469406903896417,-0.0012717898368011366
-0.5865352568473057,191.9501,6.0015583,0.1,-32.33546668840165,0.044601870168754935,-0.0009219886883536035
-0.5837492582139419,192.04987,6.0015583,0.1,-32.331011089365006,0.04451010923628841,-0.0009176093109918113
-232.0539321990218,192.14987,6.0046835,0.1,-32.328383933842,0.00803300044088475,-0.3647710825185239
-4.643253423168176,192.24988,6.0078087,0.1,-32.32761712798821,0.007303116406270448,-0.007298840237381838
0.644904531809338,192.34988,6.01406,0.1,-32.32688174763287,0.007404490481454326,0.0010137407367328624
0.6482590155105113,192.44989,6.01406,0.1,-32.32613620350489,0.007506391855899028,0.00101901372926254
-2.1272856763923187,192.5499,6.017186,0.1,-32.32540228396278,0.007171998767528024,-0.0033439308338815876
-2.0547353083763795,192.6499,6.0203114,0.1,-32.32470123351177,0.0068490100438328766,-0.0032298871888224116
-1.4086164493079565,192.74991,6.023436,0.1,-32.32402740368562,0.006627586278307829,-0.002214237622255766
-0.8490948742958153,192.84991,6.026561,0.1,-32.32337131861002,0.006494115038179287,-0.001334712381396656
-0.6321013543721961,192.94992,6.029686,0.1,-32.322726875172265,0.006394753524867884,-0.0009936151183080146
-92.63605288797044,193.04993,6.032811,0.1,-32.322815483880596,-0.00816692766514605,-0.1456168097302798
-96.43211020298781,193.14993,6.035936,0.1,-32.32439009629338,-0.023325320121206184,-0.15158392230182488
6.53923763690517,193.24994,6.0390606,0.1,-32.32667123242466,-0.02229740182454138,0.010279182813476272
8.906132919790991,193.34995,6.042186,0.1,-32.32883097382988,-0.02089742563632098,0.01399976167359131
-1.3631018862748476,193.44995,6.045311,0.1,-32.33093142988597,-0.021111694859573028,-0.0021426922005918676
-1.7630918158869235,193.54996,6.0515604,0.1,-32.333056456633116,-0.021388839449948835,-0.002771445862460305
-0.901980609166344,193.64996,6.0546856,0.1,-32.33520242983381,-0.021530623924360098,-0.0014178447229850988
-0.5920693364513454,193.74997,6.057811,0.1,-32.33736014569766,-0.021623692709687274,-0.0009306878394034463
-0.6219149454063739,193.84998,6.0609355,0.1,-32.339527403015296,-0.021721452997177766,-0.000977602860337516
-0.8068814205332941,193.94998,6.06406,0.1,-32.34170589012783,-0.02184828860424061,-0.0012683560517284555
-71.91207588288279,194.04999,6.0671854,0.1,-32.344455920530194,-0.03315231862357892,-0.11304029850895139
-74.70855866331013,194.15,6.0703106,0.1,-32.348358333240206,-0.04489593441360192,-0.11743615615029496
4.769792798579772,194.25,6.0734353,0.1,-32.352810437994926,-0.044146159354000236,0.0074977504842916745
6.701440332516507,194.35,6.07656,0.1,-32.35717238322914,-0.043092744030335486,0.010534153079676395
0.534231843079823,194.45001,6.079685,0.1,-32.361477458837705,-0.043008766857971614,0.0008397717111251549
-1.818694451120039,194.55002,6.0828104,0.1,-32.36579262983284,-0.043294651758651534,-0.0028588489641990463
-2.0829018762141587,194.65002,6.085935,0.1,-32.37013846588813,-0.04362206805204859,-0.00327416288518168
-1.595376722897754,194.75003,6.08906,0.1,-32.374513211811355,-0.04387284910858714,-0.0025078105280162194
-0.9757863186822249,194.85004,6.092185,0.1,-32.37890816609616,-0.04402623527778642,-0.0015338616691365032
-0.7346253382016243,194.95004,6.09531,0.1,-32.38331656356472,-0.04414171277963913,-0.0011547750013195977
-57.873885639110085,195.05005,6.098435,0.1,-32.38818560159275,-0.05323904632992778,-0.09097333414727815
-59.06860352172515,195.15005,6.1015596,0.1,-32.3939737630166,-0.06252418042197405,-0.09285133953686997
-59.070549710530486,195.24991,6.1015596,0.1,-32.40069045315978,-0.07180962044006138,-0.09285439879723492
6.391013627617326,195.34991,6.104685,0.1,-32.407821184379415,-0.07080500182749004,0.010046185976013543
6.054302718393643,195.44992,6.10781,0.1,-32.414854100155715,-0.06985331160252223,0.009516902107865254
-1.9728692559645051,195.54993,6.1140594,0.1,-32.42185493742051,-0.07016343160698396,-0.003101199998405892
-0.517902627464693,195.64993,6.1171846,0.1,-32.42887535120303,-0.07024484195115883,-0.0008141034296176439
0.01593036626866251,195.74994,6.12031,0.1,-32.43589971029621,-0.07024233781904599,2.5041320755352827e-5
-0.21929424841118816,195.84995,6.1234345,0.1,-32.442925667752,-0.07027680920283896,-0.000344713832793101
-0.6018389127368664,195.94995,6.1265593,0.1,-32.44995807900148,-0.07037141369106795,-0.0009460448681926003
-46.38638630880632,196.04996,6.1296844,0.1,-32.45735979979311,-0.07766299993559996,-0.0729158613587891
-47.07441038532488,196.14996,6.1328096,0.1,-32.46549608682708,-0.08506273831896967,-0.07399738273105025
2.8381278009055677,196.24997,6.1359344,0.1,-32.47398005418288,-0.08461660626859742,0.004461320437243621
4.148900091216774,196.34998,6.139059,0.1,-32.482409106162336,-0.08396443080846008,0.0065217545041916115
0.3800358503769776,196.44998,6.1421843,0.1,-32.490802562431355,-0.08390469207044782,0.0005973873712209487
-1.0058981578546167,196.54999,6.1453094,0.1,-32.49920093773958,-0.08406281159117066,-0.001581195183666723
-1.6702954080373615,196.65,6.148434,0.1,-32.507620346909285,-0.08432536929377915,-0.0026255769869607763
-1.3942937966008104,196.75,6.151559,0.1,-32.51606384258217,-0.08454454164750486,-0.0021917235045977993
-0.8754037346534211,196.85,6.154684,0.1,-32.524525177212624,-0.08468214843988392,-0.0013760679032856016
-0.29904363312274995,196.95001,6.1578093,0.1,-32.53299574255178,-0.08472915581888682,-0.0004700737830242966
-36.16651777099685,197.05002,6.160934,0.1,-32.541752913305864,-0.0904142566529123,-0.05685100749310881
-37.851132345709246,197.15002,6.1640587,0.1,-32.55109183458034,-0.09636416605336796,-0.05949909311795096
1.2560369804521176,197.25003,6.167184,0.1,-32.560718379357304,-0.09616672661697132,0.0019743943345457704
3.2527943682681464,197.35004,6.170309,0.1,-32.57030948643827,-0.09565541214392619,0.005113144654259522
1.0188575004205944,197.45004,6.173434,0.1,-32.57986701996355,-0.09549525551336334,0.0016015662817632887
-1.407018836520166,197.55005,6.1765585,0.1,-32.589427604289,-0.0957164281463395,-0.002211726296804284
-1.632405253744274,197.65005,6.1796837,0.1,-32.59901207732942,-0.09597302980559494,-0.002566016554317775
-1.291044988817645,197.75006,6.182809,0.1,-32.60861952757456,-0.09617597223398039,-0.002029424253613717
-0.7957292678365036,197.85007,6.1859336,0.1,-32.61824337907005,-0.09630105480767134,-0.001250825718270752
-0.573131787438097,197.95007,6.1890583,0.1,-32.62787798929173,-0.09639114675468714,-0.0009009194567333105
-29.524353633859636,198.05008,6.1921835,0.1,-32.63774915427811,-0.10103215003099711,-0.046410032071536225
-30.904893108124725,198.15009,6.1953087,0.1,-32.64809527011315,-0.10589016358643445,-0.04858013483047302
0.8448560976089112,198.25009,6.1984334,0.1,-32.65867764638265,-0.10575735864968161,0.001328049347738988
4.569239609366605,198.3501,6.201558,0.1,-32.669217469923304,-0.1050391090222623,0.007182496167165572
4.569254384762644,198.44986,6.201558,0.1,-32.679685468384015,-0.10432085707226338,0.0071825193929612174
0.6044132891364171,198.54987,6.2046833,0.1,-32.690112803788594,-0.10422584791169329,0.0009500915915433983
-0.8851460366033486,198.64987,6.2078085,0.1,-32.70054234564557,-0.10436498611965656,-0.0013913820588994333
-1.1927588190429788,198.74988,6.21406,0.1,-32.71098821904279,-0.10455247871155796,-0.0018749258910754952
-1.1925314360914854,198.84988,6.21406,0.1,-32.72145283991233,-0.10473993556059312,-0.0018745684624183875
-0.7957926880080777,198.94989,6.217186,0.1,-32.7319330882517,-0.10486502810345148,-0.0012509254099433704
-23.011855927935585,199.0499,6.220311,0.1,-32.742600455635646,-0.10848231639636238,-0.03617288239009103
-25.148439881176046,199.1499,6.223436,0.1,-32.75364634458985,-0.11243545939586805,-0.03953142940599252
-0.17890289716137886,199.24991,6.2265606,0.1,-32.76489129680557,-0.1124635815672173,-0.00028122170930198706
1.9696043815647428,199.34991,6.229686,0.1,-32.77612217479009,-0.11215397477611745,0.003096067864863475
0.806667187012259,199.44992,6.232811,0.1,-32.78733123233817,-0.11202717284493065,0.0012680192929731128
-0.744508914437219,199.54993,6.2359357,0.1,-32.79853980134592,-0.11214420396960809,-0.0011703112293354203
-1.123212979127148,199.64993,6.2390604,0.1,-32.809763049935924,-0.11232076448574228,-0.0017656051350324546
-1.0104454946255714,199.74994,6.2421856,0.1,-32.821003068268354,-0.11247959881313334,-0.0015883432502424484
-0.7551327476582799,199.84995,6.245311,0.1,-32.83225696337288,-0.11259829992338938,-0.001187011084872533
-0.49899912577885175,199.94995,6.25156,0.1,-32.843520715475954,-0.11267673878123315,-0.0007843885667493813
-20.329161713214596,200.04996,6.2546854,0.1,-32.85494816898522,-0.11587232799838243,-0.03195589169531288
-21.618797767469005,200.14996,6.2578106,0.1,-32.86670531746884,-0.11927063817014655,-0.0339831012112535
0.250105443325765,200.24997,6.2609353,0.1,-32.87863041573012,-0.11923132350143974,0.0003931466812097365
1.8831077745976472,200.34998,6.26406,0.1,-32.890538747748515,-0.1189353133174427,0.002960101795861436
0.6333084469339312,200.44998,6.267185,0.1,-32.90242730169446,-0.11883576205838434,0.0009955125757493586
-0.8176642236543543,200.54999,6.2703104,0.1,-32.91431730460655,-0.11896429263988195,-0.0012853057958236338
-1.0773272943904004,200.65,6.273435,0.1,-32.92622220142975,-0.11913364027624104,-0.0016934763383561202
-0.9420032180886722,200.75,6.27656,0.1,-32.93814296942118,-0.11928171599961371,-0.0014807572116616197
-0.6933248073846414,200.85,6.279685,0.1,-32.95007659046763,-0.11939070137292697,-0.0010898537168925802
-0.5201387960361217,200.95001,6.28281,0.1,-32.962019748875534,-0.11947246322575111,-0.0008176185160579563
-17.402774320256867,201.05002,6.285935,0.1,-32.97410377454977,-0.12220804665761223,-0.027355833910977467
-18.556673804039747,201.15002,6.2890596,0.1,-32.986470427781434,-0.12512501429016343,-0.029169675890849855
0.1532629150858611,201.25003,6.292185,0.1,-32.9989817248088,-0.12510092252849875,0.0002409176130567195
1.5607571674264094,201.35004,6.29531,0.1,-33.01147955029156,-0.12485558340211587,0.002453391227270383
0.668914570509654,201.45004,6.2984347,0.1,-33.023959851404236,-0.12475043513191814,0.0010514826863091118
-0.8622949816951859,201.55005,6.3015594,0.1,-33.03644167241324,-0.12488598132828274,-0.0013554619434480311
-0.8624773027266315,201.6499,6.3015594,0.1,-33.04893704947506,-0.12502155618412333,-0.0013557485382037246
-1.15642810225809,201.74991,6.3046846,0.1,-33.06144829436391,-0.1252033378643577,-0.0018178167752561098
-0.9841717823109377,201.84991,6.30781,0.1,-33.07397636355204,-0.1253580421645026,-0.0015470429783962917
-0.4480693981165871,201.94992,6.3140593,0.1,-33.08651568960999,-0.1254284752574828,-0.0007043309193064382
-15.265248512083417,202.04993,6.3171844,0.1,-33.09917851635807,-0.12782805593033505,-0.023995806370957187
-16.069491728563662,202.14993,6.3203096,0.1,-33.112087622222184,-0.1303540575046886,-0.02526001536713172
0.16503289156009848,202.24994,6.3234344,0.1,-33.12512173107127,-0.13032811559246496,0.00025941911837076403
1.0951485519353241,202.34995,6.326559,0.1,-33.13814593537448,-0.1301559665903019,0.001721489995978297
0.5334107978783322,202.44995,6.3296843,0.1,-33.15115733982188,-0.13007211847998346,0.0008384810906900417
-0.7075234281130517,202.54996,6.3328094,0.1,-33.16417011272819,-0.13018333576821473,-0.0011121728657399704
-1.0293646798201872,202.64996,6.335934,0.1,-33.17719653691308,-0.13034514404726488,-0.0016180827663903135
-0.9383447293440597,202.74997,6.339059,0.1,-33.190238426543985,-0.13049264468410185,-0.0014750063463903104
-0.6949425320948137,202.84998,6.342184,0.1,-33.20329315319029,-0.13060188435140485,-0.0010923966567520972
-0.505931274733797,202.94998,6.3453093,0.1,-33.21635731824704,-0.13068141289020865,-0.0007952853761872249
-13.71616395725755,203.04999,6.348434,0.1,-33.22953326355201,-0.13283748928237843,-0.021560763600417403
-14.2891292899144,203.15,6.3515587,0.1,-33.24292931978855,-0.13508363145614158,-0.022461421402930202
0.01995149353808756,203.25,6.354684,0.1,-33.25643752632432,-0.13508049523348195,3.136222612900077e-5
0.9852107270979671,203.35,6.357809,0.1,-33.26993783266812,-0.13492562761913818,0.001548676120360534
0.5314676335949926,203.45001,6.360934,0.1,-33.28342621849804,-0.134842084959429,0.0008354265846429854
-0.6617247515376334,203.55002,6.3640585,0.1,-33.29691562809927,-0.1349461030449047,-0.0010401808392570791
-1.0123101110876425,203.65002,6.3671837,0.1,-33.310418194976506,-0.13510523047578643,-0.0015912742851053618
-0.9504559162493003,203.75003,6.370309,0.1,-33.32393618844667,-0.1352546348988605,-0.0014940442084775594
-0.6942071232739124,203.85004,6.3734336,0.1,-33.33746710834152,-0.13536375896550415,-0.0010912406501757304
-0.4869316787289222,203.95004,6.3765583,0.1,-33.351007311537195,-0.13544030091268258,-0.0007654194603786153
-12.606585193704504,204.05005,6.3796835,0.1,-33.3646504247853,-0.13742195998344933,-0.019816590412377297
-12.865943107240696,204.15005,6.3828087,0.1,-33.378493742397794,-0.1394443881406925,-0.020224281271066145
0.20132798753212455,204.25006,6.3859334,0.1,-33.3924365990584,-0.139412740916122,0.0003164722409891511
0.7980791327253556,204.35007,6.389058,0.1,-33.40637160075993,-0.13928728896158757,0.0012545195266503648
0.49396092532106195,204.45007,6.3921833,0.1,-33.42029644751903,-0.1392096420704409,0.0007764688998964312
1.3385582242555643,204.55008,6.3953085,0.1,-33.43420689137602,-0.13899923092371974,0.0021041114358579848
0.3088744702018431,204.65009,6.398433,0.1,-33.4481043870399,-0.1389506782120854,0.00048552710910854715
-0.5078053011150132,204.75009,6.401558,0.1,-33.462003446224294,-0.13903050133354738,-0.0007982312027253343
-0.5080520186213562,204.84985,6.401558,0.1,-33.47591048966006,-0.13911036323712023,-0.0007986190238280071
-0.7580052945095606,204.94986,6.404683,0.1,-33.48982748382379,-0.13922951588983892,-0.0011915265094318039
-0.7826686736905231,205.04987,6.4109325,0.1,-33.503756587097726,-0.1393525454377135,-0.0012302954604129432
-10.127870983151666,205.14987,6.4140577,0.1,-33.51777144305515,-0.1409445695340834,-0.01592024072646916
-0.6354141037185741,205.24988,6.417183,0.1,-33.53187089433127,-0.14104445178633326,-0.0009988225076150593
0.30322759593178716,205.34988,6.420309,0.1,-33.545972956466734,-0.14099678672027832,0.0004766506534466466
0.30295927121548516,205.44989,6.420309,0.1,-33.560070254204454,-0.14094916383282288,0.0004762288674579135
0.4162990718923538,205.5499,6.4234357,0.1,-33.57416189884572,-0.1408837247928853,0.0006543903896245669
0.007177676513947517,205.6499,6.4265623,0.1,-33.58825021512114,-0.14088259651686508,1.1282760034054953e-5
-0.779297019112164,205.74991,6.4296885,0.1,-33.602344599960325,-0.14100509606634787,-0.0012249954765739632
-0.8876361815718496,205.84991,6.4328136,0.1,-33.616452086259166,-0.14114462570611352,-0.001395296376865005
-0.6916397677512407,205.94992,6.435939,0.1,-33.630571985065075,-0.14125334620404437,-0.0010872049631078997
-10.33840853671688,206.04993,6.4390635,0.1,-33.6447785758469,-0.14287846519854483,-0.016251189702842974
-10.807694888400874,206.14993,6.4421883,0.1,-33.65915136694247,-0.14457735242935293,-0.01698887205492708
0.30260005601166995,206.24994,6.4453135,0.1,-33.673606724079725,-0.14452978600778862,0.00047566420855508395
0.7012195357983728,206.34995,6.4484386,0.1,-33.688054191577564,-0.1444195596433638,0.0011022636278230993
0.560422516419294,206.44995,6.4515634,0.1,-33.70249174304971,-0.14433146549684753,0.0008809414520357903
-0.502167495116737,206.54996,6.454688,0.1,-33.71692883665959,-0.14441040239819328,-0.0007893690016950287
-0.8182141121353084,206.64996,6.4578133,0.1,-33.73137630796568,-0.14453901941796735,-0.0012861701785753556
-0.7754759066659958,206.74997,6.4609385,0.1,-33.74583630506794,-0.1446609183177085,-0.0012189889792472196
-0.5133158764025438,206.84998,6.464063,0.1,-33.76030643158243,-0.1447416076595891,-0.0008068934067823137
-0.28002710473356274,206.94998,6.467188,0.1,-33.774782793470386,-0.14478562578532492,-0.0004401812507989913
-9.741969731831887,207.04999,6.470313,0.1,-33.78933792443391,-0.1463169891473764,-0.01531363339232392
-10.122654359061016,207.15,6.4734383,0.1,-33.804049183772,-0.14790819323021456,-0.015912040591273838
0.2573713399247026,207.25,6.476563,0.1,-33.81883798047478,-0.14786773641796283,0.0004045681164887949
0.6635001241997998,207.35,6.4796877,0.1,-33.83361953947882,-0.14776343925744137,0.0010429715896732228
0.5511576822229927,207.45001,6.482813,0.1,-33.84839155173542,-0.14767680147221898,0.0008663778393138952
-0.45875931869397846,207.55002,6.485938,0.1,-33.8631628377761,-0.14774891493920628,-0.0007211346591271787
-0.7328697659651766,207.65002,6.4921875,0.1,-33.87794348956724,-0.14786411647848915,-0.0011520153756624928
-0.482899749335175,207.75003,6.4953127,0.1,-33.89273369684341,-0.14794002463710923,-0.0007590815748894177
-0.25906766853031904,207.85004,6.498438,0.1,-33.907529735700706,-0.14798074809928374,-0.0004072346156767817
-0.16309680728545572,207.95004,6.5015626,0.1,-33.922329092609885,-0.14800638567382152,-0.00025637574155738243
-0.16337665403898427,208.05,6.5015626,0.1,-33.93713101547605,-0.1480320672381352,-0.00025681563930984267
-1.8649611577316136,208.15001,6.5078125,0.1,-33.95194888030437,-0.14832522491232378,-0.0029315766982018327
2.591818823823945,208.25002,6.5109377,0.1,-33.96676103230846,-0.14791781075511176,0.004074141511410825
1.319572900840754,208.35002,6.5140624,0.1,-33.9815424422643,-0.14771038395647362,0.0020742679554723773
-0.4078597154897352,208.45003,6.517187,0.1,-33.99631668650197,-0.14777449639393245,-0.0006411243650346341
-1.0565260998340875,208.55003,6.5203123,0.1,-34.01110244025405,-0.14794057424111057,-0.0016607784470336966
-0.8949972298734679,208.65004,6.5234375,0.1,-34.02590353223574,-0.1480812609815433,-0.0014068673833633975
-0.577441662719437,208.75005,6.526562,0.1,-34.040716197025944,-0.14817203040809174,-0.0009076942519586974
-0.3486622744055694,208.85005,6.529687,0.1,-34.05553614064014,-0.14822683745917603,-0.0005480705026761288
0.21202297261243075,208.95006,6.532812,0.1,-34.07035715818718,-0.1481935090644972,0.0003332839418222008
-8.617999135240552,209.05006,6.5359373,0.1,-34.085244243503176,-0.14954819281872572,-0.013546837340421723
-9.083603347239205,209.15007,6.539062,0.1,-34.10027045666827,-0.15097606600497865,-0.014278731649759561
0.08064817200522612,209.25008,6.5421867,0.1,-34.11536742962984,-0.15096338872725917,0.0001267727753057677
0.5689025869120314,209.35008,6.545312,0.1,-34.13045929737001,-0.1508739615783196,0.0008942714760701009
0.5254313861640014,209.45009,6.548437,0.1,-34.14554256406222,-0.15079136777068186,0.0008259380640698288
-0.37204382561790794,209.5501,6.551562,0.1,-34.16062462518666,-0.15084985022333897,-0.000584824517856411
-0.6808612242184537,209.6501,6.5546865,0.1,-34.17571496174351,-0.15095687641640984,-0.0010702619147606055
-0.673924321130329,209.7501,6.5578117,0.1,-34.19081594639841,-0.1510628121812072,-0.0010593576321880043
-0.45756431953633747,209.85011,6.560937,0.1,-34.205925824122794,-0.15113473780343845,-0.0007192562115946992
-0.2449690615076534,209.95012,6.5640616,0.1,-34.22104122349181,-0.15117324507208693,-0.00038507268074671424
-8.459377820486964,210.05013,6.5671864,0.1,-34.23622503570992,-0.15250299476507934,-0.013297496731775825
-8.77601041334367,210.15013,6.5703115,0.1,-34.25154431151082,-0.1538825166874339,-0.013795219017980956
0.23459558712276163,210.25014,6.5734367,0.1,-34.26693071957696,-0.1538456400498639,0.00036876637020503446
0.5715784403853696,210.35014,6.5765615,0.1,-34.282310791422496,-0.15375579227716094,0.0008984777136411729
0.46538284288282394,210.45015,6.579686,0.1,-34.297682713147545,-0.15368263764267368,0.0007315463339717172
-0.04181599725802698,210.55016,6.5828114,0.1,-34.313051305798616,-0.15368921079860737,-6.573155835739131e-5
-0.7717651459145145,210.65016,6.5859365,0.1,-34.32842629288741,-0.1538105263950519,-0.0012131559463679311
-0.8345416050172787,210.75017,6.5890613,0.1,-34.34381390493506,-0.15394170997221449,-0.0013118357520777336
-0.5886944174645805,210.85017,6.592186,0.1,-34.359212703075436,-0.15403424824600975,-0.0009253827241634308
0.02646929862248726,210.95018,6.595311,0.1,-34.37461592009097,-0.15403008747408728,4.16077186046126e-5
-8.206359979221816,211.05019,6.5984364,0.1,-34.39008342792974,-0.15532006469162302,-0.012899771983135787
-8.235542090685106,211.15019,6.601561,0.1,-34.405680162852455,-0.15661462911457535,-0.012945644036618213
-8.235848187428104,211.24995,6.601561,0.1,-34.421406356625205,-0.1579092416536018,-0.012946125197352016
0.5768773928396058,211.34996,6.607811,0.1,-34.43719274698942,-0.15781856092597607,0.000906807262744819
0.4410493520043133,211.44997,6.610936,0.1,-34.45297113683737,-0.15774923133071886,0.0006932959422412452
-0.35930404602726185,211.54997,6.614061,0.1,-34.46874888419837,-0.15780571118716155,-0.0005647985560108614
-0.5831929192904681,211.64998,6.6171856,0.1,-34.48453403922631,-0.15789738466739123,-0.0009167347886364278
-0.5810127852584497,211.74998,6.620311,0.1,-34.50032834446739,-0.157988715447174,-0.000913307784218279
-0.40517512626181684,211.84999,6.623436,0.1,-34.516130400769605,-0.1580524058876754,-0.0006369043955236434
-0.23748984943925677,211.95,6.6265607,0.1,-34.53193750817359,-0.15808973748121363,-0.00037331592981937036
-7.972516771472897,212.05,6.6296854,0.1,-34.54780914310063,-0.15934295632948026,-0.01253218829592199
-8.209617621378811,212.15001,6.6328106,0.1,-34.56380796343668,-0.16063344562352447,-0.012904892748144183
0.2289885075094702,212.25002,6.635936,0.1,-34.579869508476,-0.16059745037611725,0.00035995246870840436
0.5474199348457205,212.35002,6.6390605,0.1,-34.59592495124087,-0.1605114001362833,0.0008605023855171502
0.449392678348147,212.45003,6.642185,0.1,-34.6119725594385,-0.16044075903374036,0.0007064110149030407
-0.028901670474624552,212.55003,6.6453104,0.1,-34.62801686273706,-0.16044530215597183,-4.5431221637652126e-5
-0.7162990636786333,212.65004,6.6484356,0.1,-34.644067023029386,-0.16055789890720223,-0.0011259674955258593
-0.7767759468477493,212.75005,6.6515603,0.1,-34.66012891832226,-0.16068000216334752,-0.0012210325432580596
-0.5460531817625593,212.85005,6.654685,0.1,-34.67620121054792,-0.16076583756001792,-0.0008583539539135321
-0.24237507024287197,212.95006,6.65781,0.1,-34.69227969951916,-0.16080393707301802,-0.0003809951243238117
-5.72537355158704,213.05006,6.6609354,0.1,-34.70840509272015,-0.16170392214095666,-0.008999850545278259
-8.26864516262421,213.15007,6.66406,0.1,-34.724640473574844,-0.16300369011441618,-0.012997679540914513
-0.3381453678444388,213.25008,6.667185,0.1,-34.740943500522896,-0.16305684398797754,-0.0005315387276930633
0.3169851887081361,213.35008,6.67031,0.1,-34.757246693781894,-0.16300701633323597,0.0004982765399908737
0.41930116360700964,213.45009,6.673435,0.1,-34.773544100110776,-0.16294110538737097,0.0006591094488285959
0.11004387537467153,213.5501,6.67656,0.1,-34.78983734598939,-0.16292380732921583,0.0001729805789738808
-0.2618449765358868,213.6501,6.6796846,0.1,-34.80613178496681,-0.16296496736303262,-0.0004116003320345181
-0.43450432764808067,213.7501,6.68281,0.1,-34.82243169698437,-0.163033268130365,-0.0006830076631463429
-0.4518495242050564,213.85011,6.685935,0.1,-34.838738575405394,-0.16310429543034388,-0.0007102729892049344
-0.385527093227938,213.95012,6.6890597,0.1,-34.85505203528749,-0.16316489734986314,-0.0006060191861621367
-6.0680104742882754,214.05013,6.6921844,0.1,-34.87141621751531,-0.1641187423295398,-0.009538449654632512
-8.057389511709516,214.15013,6.6953096,0.1,-34.88789142000356,-0.16538530252544073,-0.012665601770277049
-2.435775676540061,214.25014,6.698435,0.1,-34.904449094771046,-0.16576818788968506,-0.0038288535853888595
1.0204713541336332,214.35014,6.7015595,0.1,-34.92101789329111,-0.16560777757362372,0.0016041031367105552
1.020201639762604,214.4499,6.7015595,0.1,-34.937570652899176,-0.165447409654605,0.0016036791662905805
0.07571409341505841,214.54991,6.7078094,0.1,-34.95411479902725,-0.16543550797641893,0.00011901678008727974
-0.4016199721133944,214.64992,6.7109346,0.1,-34.970661506651325,-0.16549863957379526,-0.0006313159643561507
-0.5690946779693604,214.74992,6.7140594,0.1,-34.987215843722595,-0.1655880969179844,-0.0008945734285613171
-0.5201495650202332,214.84993,6.717184,0.1,-35.00377874183848,-0.16566986046361074,-0.0008176354440796225
-0.4029366687379934,214.94994,6.7203093,0.1,-35.02034889506036,-0.16573319903565703,-0.0006333857110247464
-5.815196199048842,215.04994,6.7234344,0.1,-35.03696792043673,-0.16664730353890414,-0.00914104489625879
-7.424345922172506,215.14995,6.726559,0.1,-35.05369100356833,-0.16781435410931003,-0.011670505530154812
-2.3307771607655923,215.24995,6.729684,0.1,-35.070490758249505,-0.1681807345074589,-0.00366380392689377
0.8897835933996703,215.34996,6.732809,0.1,-35.08730183859093,-0.16804086731092732,0.0013986719444738977
0.786923134231142,215.44997,6.7359343,0.1,-35.1040997406565,-0.16791716899429482,0.0012369831478924336
0.10687812719570111,215.54997,6.739059,0.1,-35.1208906177848,-0.16790036856761545,0.00016800426429013006
-0.35475728648541605,215.64998,6.7421837,0.1,-35.13768344314882,-0.16795613370812595,-0.0005576513967952698
-0.5322938487893225,215.74998,6.745309,0.1,-35.154483240396694,-0.16803980624256404,-0.000836725331912523
-0.4959174896706422,215.84999,6.748434,0.1,-35.171291118993814,-0.16811776069070822,-0.0007795444698255865
-0.39486968752026996,215.95,6.751559,0.1,-35.18810599883865,-0.16817983119481555,-0.0006207050318241809
-5.372148708627776,216.05,6.7546835,0.1,-35.204966205250166,-0.16902429201068156,-0.008444608032825675
-7.718209450009454,216.15001,6.7578087,0.1,-35.22192929688782,-0.17023753568703626,-0.012132436582759693
-2.366117040584669,216.25002,6.760934,0.1,-35.23897164748837,-0.170609471244836,-0.003719355522574653
0.8809180741408227,216.35002,6.7640586,0.1,-35.256025671186755,-0.1704709976403348,0.0013847360243776801
0.7675268630414962,216.45003,6.7671833,0.1,-35.27306673873618,-0.17035034826964218,0.001206493688948028
0.09296068346674247,216.55003,6.7703085,0.1,-35.290101043181444,-0.1703357355590004,0.00014612710424033245
-0.3552366082926728,216.65004,6.7734337,0.1,-35.30713740901552,-0.1703915760452443,-0.0005584048541181037
-0.5111467176326698,216.75005,6.7765584,0.1,-35.324180584292336,-0.1704719244119055,-0.0008034836546391658
-0.4610119217514079,216.85005,6.779683,0.1,-35.34123140036555,-0.17054439197091795,-0.0007246755793260158
-0.3559736457091276,216.95006,6.7828083,0.1,-35.35828863763396,-0.170600348313824,-0.0005595634207224666
-5.534052367912636,217.05006,6.7859335,0.1,-35.37539216826204,-0.17147025915045952,-0.008699108236728264
-7.122531968627754,217.15007,6.789058,0.1,-35.392595174819334,-0.1725898668686151,-0.011196077014721197
-2.4631899681838405,217.25008,6.792183,0.1,-35.40987352149776,-0.17297706155047954,-0.0038719467609477356
0.490916129391735,217.35008,6.795308,0.1,-35.427167369496885,-0.17289989327803723,0.0007716827129240165
0.6607180466135016,217.45009,6.7984333,0.1,-35.444452166090294,-0.17279603343889977,0.001038598375898357
0.28400486565429617,217.5501,6.801558,0.1,-35.46172953752166,-0.1727513900394765,0.00044643398758007456
0.28378124110088265,217.64986,6.801558,0.1,-35.47900244637063,-0.17270678179212798,0.00044608246683809286
-0.3973436907524164,217.74986,6.807808,0.1,-35.49627624777717,-0.17276924119067982,-0.0006245939762113434
-0.4157091378545323,217.84987,6.810933,0.1,-35.51355643946907,-0.17283458749748473,-0.0006534630583117489
-0.32971243913368653,217.94987,6.814058,0.1,-35.530842489890475,-0.17288641577895147,-0.0005182828069445003
-5.426933981026252,218.04988,6.8171825,0.1,-35.54817378535878,-0.17373948842191617,-0.008530726302529138
-6.992955275304752,218.14989,6.820309,0.1,-35.56560269642318,-0.1748387276718674,-0.010992392335712763
-6.993060099175082,218.2499,6.820309,0.1,-35.58314153223809,-0.17593798339933178,-0.010992557110841942
-2.413269510112343,218.3499,6.823436,0.1,-35.600754298218796,-0.1763173309658169,-0.0037934756083238567
0.4747299082372223,218.4499,6.8265624,0.1,-35.61838230038196,-0.17624270704392467,0.0007462392078023191
0.6463835417809349,218.54991,6.829689,0.1,-35.636001491020686,-0.1761411004796503,0.0010160656276031986
0.2981756346685982,218.64992,6.8328133,0.1,-35.65361325778427,-0.17609422954338613,0.00046870935565715427
-0.1720283956218509,218.74992,6.8359385,0.1,-35.67122403307864,-0.1761212710955095,-0.000270415517204375
-0.3951262607995716,218.84993,6.8390636,0.1,-35.68883926599245,-0.17618338193098007,-0.0006211083454502388
-0.42255477963115595,218.94994,6.842189,0.1,-35.706460925567605,-0.17624980432047616,-0.0006642238850632276
-5.4478559028830205,219.04994,6.845313,0.1,-35.724128724333404,-0.17710616573003293,-0.00856361396795993
-6.903184924272864,219.14995,6.8484383,0.1,-35.74189359757289,-0.17819129376527573,-0.010851280190731376
-2.249750945503365,219.24995,6.8515635,0.1,-35.75973040939995,-0.1785449374601876,-0.003536436896421592
0.510282505872965,219.34996,6.8546886,0.1,-35.777580892786006,-0.17846472494102564,0.0008021251796668804
0.6382566116972157,219.44997,6.857813,0.1,-35.79542234909233,-0.17836439586819486,0.0010032907133576251
0.2806560129602076,219.54997,6.860938,0.1,-35.81325658309563,-0.17832027888288104,0.0004411698465640538
-0.17287053108225336,219.64998,6.8640633,0.1,-35.83108996994613,-0.17834745281227776,-0.00027173928991793017
-0.38355354903308125,219.74998,6.8671885,0.1,-35.84892773007783,-0.1784077445056973,-0.0006029169252112701
-0.4067308290463103,219.84999,6.8703127,0.1,-35.866771701543556,-0.17847167949081463,-0.0006393498416464443
-0.3269485032913053,219.95,6.873438,0.1,-35.88462143944921,-0.1785230733026412,-0.0005139381106073899
-5.156240853677446,220.05,6.876563,0.1,-35.90251427313346,-0.17933359504994598,-0.008105217352270698
-6.642258401005165,220.15001,6.8796883,0.1,-35.920499838525224,-0.1803777074252228,-0.010441123597183445
0.4786622272004024,220.25002,6.8859377,0.1,-35.93853384743385,-0.1803024653727724,0.000752420513292015
0.6217456724480144,220.35002,6.889063,0.1,-35.95655920755578,-0.1802047316937003,0.000977336776157529
0.30407214449678577,220.45003,6.892188,0.1,-35.974577291102506,-0.1801569338710504,0.0004779782193765778
-0.17075661120588848,220.55003,6.8953123,0.1,-35.99259432683995,-0.1801837755083606,-0.00026841636910227376
-0.3665372763878736,220.65004,6.8984375,0.1,-36.01061558550258,-0.18024139237346462,-0.0005761686424547459
-0.38682446954612715,220.75005,6.9015627,0.1,-36.028642765301406,-0.18030219823064897,-0.000608058562782628
-0.3870042692680613,220.85,6.9015627,0.1,-36.0466760270992,-0.18036303235097867,-0.0006083411942320714
-0.3173535620376242,220.95001,6.904688,0.1,-36.06471482488111,-0.1804129179111989,-0.0004988555947687651
-2.381172686607746,221.05002,6.9109373,0.1,-36.08277483205087,-0.18078722010175838,-0.003743021849819405
-3.901196137113402,221.15002,6.9140625,0.1,-36.10088421624526,-0.18140045838898397,-0.0061323827808763935
-2.1857007790436,221.25003,6.9171877,0.1,-36.11904144112958,-0.18174403388609295,-0.00343575491989304
-0.031547089594823774,221.35004,6.920312,0.1,-36.13721609273711,-0.18174899284803953,-4.95896187268368e-5
0.8427732665927579,221.45004,6.923437,0.1,-36.155384368416065,-0.1816165153164414,0.0013247752962404172
0.5679389590718529,221.55005,6.9265623,0.1,-36.17354155643457,-0.1815272396424509,0.0008927567266018374
0.02139074771594096,221.65005,6.9296875,0.1,-36.19169411254619,-0.18152387718000842,3.362462392377128e-5
-0.30984560900473923,221.75006,6.9328117,0.1,-36.20984893580308,-0.18157258254725792,-0.00048705366523733683
-0.39828476879745267,221.85007,6.935937,0.1,-36.22800932469486,-0.181635189876103,-0.0006260732791215302
-0.34414743213119436,221.95007,6.939062,0.1,-36.24617554882078,-0.1816892872284062,-0.0005409735149706512
-5.001048572186846,222.05008,6.9421873,0.1,-36.26438378415014,-0.18247541393235836,-0.007861266922379711
-6.380030649658693,222.15009,6.9453115,0.1,-36.28268147042464,-0.18347830610453672,-0.01002892157234116
-2.1381805574674217,222.25009,6.9484367,0.1,-36.30104610659278,-0.18381441178514232,-0.003361056755972266
0.4513973470104702,222.3501,6.951562,0.1,-36.319424000234086,-0.1837434555639707,0.0007095622011428819
0.608585721271993,222.4501,6.954687,0.1,-36.33779356281246,-0.18364779052888253,0.0009566503366265186
0.31122832538721923,222.55011,6.9578114,0.1,-36.35615589600298,-0.18359886780916052,0.0004892271899299533
-0.15002312153092134,222.65012,6.9609365,0.1,-36.37451696218204,-0.18362245029998087,-0.00023582490468943208
-0.34324370632509726,222.75012,6.9640617,0.1,-36.39288190525038,-0.18367640559347798,-0.0005395529269311982
-0.3650625142061533,222.85013,6.967187,0.1,-36.41125241533565,-0.18373379063721168,-0.0005738504287861144
-0.2902708441189361,222.95013,6.970311,0.1,-36.42962807609137,-0.18377941900067324,-0.00045628362781639765
-4.732213558412468,223.05014,6.9734364,0.1,-36.44804321166032,-0.18452328689025183,-0.00743867878494079
-6.133683770739722,223.15015,6.9765615,0.1,-36.46654374904108,-0.18548745521139015,-0.00964168306771085
-2.1666476475901852,223.25015,6.9796867,0.1,-36.48510952386338,-0.18582803570150944,-0.0034058048504425073
0.42048519665615913,223.35016,6.982811,0.1,-36.503689022857046,-0.18576193863467702,0.0006609706584749187
0.5916516934167078,223.45016,6.985936,0.1,-36.5222605668405,-0.18566893549965047,0.000930031336406891
0.31278166687818043,223.55017,6.9890614,0.1,-36.54082500232244,-0.18561976860648988,0.0004916689242794186
-0.1358440854806771,223.65018,6.9921865,0.1,-36.55938804714243,-0.1856411222609543,-0.00021353654146238324
-0.3240176173010827,223.75018,6.995311,0.1,-36.57795470630013,-0.1856920553598504,-0.0005093309813712649
-0.19966603510801662,223.85019,6.998436,0.1,-36.59652548141176,-0.18572344133817173,-0.0003138597785366028
-0.1564265606585744,223.9502,7.001561,0.1,-36.61509905527548,-0.18574803040079851,-0.00024589062260380116
-0.15657039054738242,224.04996,7.001561,0.1,-36.633675089175945,-0.18577264207238717,-0.0002461167122190119
-11.846516108145806,224.14996,7.0046864,0.1,-36.65234546276169,-0.18763482407821813,-0.018621819780822883
0.47523339352892435,224.24997,7.010936,0.1,-36.67110521029576,-0.187560121012277,0.0007470306482797371
0.9420204241682768,224.34998,7.014061,0.1,-36.68985381875496,-0.18741204258423982,0.0014807842583064398
0.4947534969633125,224.44998,7.017186,0.1,-36.70859113471872,-0.18733427110687412,0.000777714762068115
-0.4564611859432901,224.54999,7.0203104,0.1,-36.72732814971952,-0.18740602332491563,-0.0007175221697231168
-0.6302101890202345,224.65,7.0234356,0.1,-36.74607370554317,-0.18750508756145332,-0.0009906423506150935
-0.5159146355568147,224.75,7.026561,0.1,-36.76482826947113,-0.18758618540845814,-0.0008109784579638438
-0.24169110391509685,224.85,7.029686,0.1,-36.78358878789147,-0.18762417740716658,-0.0003799199814230882
-0.02902543819004677,224.95001,7.03281,0.1,-36.802351434040645,-0.18762873998473922,-4.5625775046454896e-5
-4.090056757811184,225.05002,7.0359354,0.1,-36.82114645460602,-0.18827166572152915,-0.006429257272095814
-5.825066430865242,225.15002,7.0390606,0.1,-36.84001940426083,-0.18918732174996003,-0.009156560147865426
-2.1424370919546067,225.25003,7.042186,0.1,-36.858954975456754,-0.18952409652533211,-0.003367747703537577
0.29171360827229265,225.35004,7.04531,0.1,-36.87790509263392,-0.18947824137034633,0.00045855154302495104
0.5593797197056202,225.45004,7.048435,0.1,-36.89684852054189,-0.1893903111435224,0.0008793022551366517
0.3381431773680186,225.55005,7.0515604,0.1,-36.915784894261954,-0.18933715761428724,0.0005315352844311996
0.43230825509695947,225.65005,7.0546856,0.1,-36.934715212527394,-0.18926920205281544,0.0006795556045918054
0.4041468581266088,225.75006,7.05781,0.1,-36.95363895657443,-0.18920567324822463,0.0006352880364417493
-0.006892770272504123,225.85007,7.060935,0.1,-36.972559578355735,-0.18920675673915602,-1.083490915248291e-5
-0.2988637923535955,225.95007,7.06406,0.1,-36.991482603267094,-0.18925373584856123,-0.0004697910870517536
-4.733104847902773,226.05008,7.0671854,0.1,-37.01044517753419,-0.18999774384205184,-0.007440079824040343
-5.9457685341786615,226.15009,7.0703096,0.1,-37.02949168367614,-0.19093237332080384,-0.009346294648249317
-1.876226501814834,226.25009,7.073435,0.1,-37.04859966771797,-0.19122730182118722,-0.002949284959885826
0.5083504292608438,226.3501,7.07656,0.1,-37.06771840274441,-0.19114739300973715,0.000799088102593316
0.6226683698151305,226.4501,7.079685,0.1,-37.08682824839414,-0.19104951428967426,0.0009787871860439312
0.3027897817189569,226.55011,7.0828094,0.1,-37.10593082029551,-0.19100191804467537,0.0004759624428964408
-0.12888343613005304,226.65012,7.0859346,0.1,-37.12503202535928,-0.19102217753813489,-0.00020259493157627544
-0.31099648984748285,226.75012,7.08906,0.1,-37.14413668771162,-0.1910710638150777,-0.0004888627621437292
-0.32812359177857076,226.85013,7.092185,0.1,-37.163246373304226,-0.19112264234185475,-0.0005157852600846383
-0.24264362481750368,226.95013,7.0953093,0.1,-37.18236054490962,-0.19116078406958634,-0.0003814172716323076
-4.1833340325257495,227.05014,7.0984344,0.1,-37.20150950301258,-0.19181837228274828,-0.006575882033631112
-5.543661979149192,227.15015,7.1015596,0.1,-37.22073491159705,-0.1926897936769996,-0.00871421381266108
-5.543840574354817,227.24991,7.1015596,0.1,-37.24004746372593,-0.1935612431450555,-0.008714494550702756
-1.9652036167772735,227.34991,7.104685,0.1,-37.25941903408032,-0.19387015816948536,-0.0030891501982666524
0.5512131265954565,227.44992,7.1109343,0.1,-37.27880171786106,-0.19378351166883037,0.0008664649936386314
0.3214976981602433,227.54993,7.1140594,0.1,-37.29817754246732,-0.19373297468200953,0.000505369860677672
-0.02849880679133321,227.64993,7.1171846,0.1,-37.317551064213966,-0.19373745447714172,-4.479795065418287e-5
-0.20882793394866894,227.74994,7.120309,0.1,-37.33692645125834,-0.1937702806361039,-0.00032826158473036156
-0.22693679456602922,227.84995,7.123434,0.1,-37.35630526324741,-0.19380595336988016,-0.00035672733244674276
-0.16278323153875363,227.94995,7.1265593,0.1,-37.37568713828735,-0.19383154165270147,-0.0002558828244001848
-4.083021307221088,228.04996,7.1296844,0.1,-37.395102383732805,-0.19447336147030198,-0.006418198080366393
-5.428269155128646,228.14996,7.1328087,0.1,-37.41459238429637,-0.19532664399245522,-0.008532825094383538
-1.9341844352127282,228.24997,7.135934,0.1,-37.43414025093918,-0.19563068303805572,-0.0030403904106995378
0.25781001960882577,228.34998,7.139059,0.1,-37.453701293246,-0.19559015726870246,0.000405257687493863
1.0199496929512861,228.44998,7.1421843,0.1,-37.47325229284846,-0.19542982895380145,0.0016032831251193297
0.621024527012537,228.54999,7.1453085,0.1,-37.49279039501895,-0.19533220863329329,0.0009762031905351713
0.025365040595488608,228.65,7.1484337,0.1,-37.51232341681379,-0.19532822144231302,3.987190920862011e-5
-0.24263493171411454,228.75,7.151559,0.1,-37.531858146267176,-0.19536636180355504,-0.0003814036067368083
-0.2852897714433382,228.85,7.154684,0.1,-37.551397025007525,-0.19541120718037128,-0.00044845376147988167
-0.19859526334448674,228.95001,7.1578083,0.1,-37.57093970689983,-0.19544242484153573,-0.00031217660699276497
-3.9502548306618337,229.05002,7.1609335,0.1,-37.59051499717267,-0.19606337478132835,-0.006209499305397332
-5.248984568301353,229.15002,7.1640587,0.1,-37.61016258996118,-0.19688847513342714,-0.008251003398038442
-1.8263608183903557,229.25003,7.167184,0.1,-37.62986579226788,-0.19717556512858805,-0.0028708999088293647
0.26295866250066524,229.35004,7.170308,0.1,-37.64958128231968,-0.19713423003182914,0.0004133509614296257
1.0337398249710077,229.45004,7.1734333,0.1,-37.669286580815566,-0.19697173401332052,0.0016249601608723501
0.6418538382498298,229.55005,7.1765585,0.1,-37.68897870978386,-0.19687083948390352,0.0010089452791356185
0.05023966412966274,229.65005,7.1796837,0.1,-37.708665399161,-0.19686294219176573,7.897292020126942e-5
-0.19552823606700542,229.75006,7.182808,0.1,-37.72835323045094,-0.19689367773962738,-0.0003073554740366503
-0.24587784088186737,229.85007,7.185933,0.1,-37.74804453102442,-0.19693232786146428,-0.00038650121260980815
-0.16604645425559994,229.95007,7.1890583,0.1,-37.76773906916586,-0.19695842909801553,-0.00026101236162303254
-3.7717745906278353,230.05008,7.1921835,0.1,-37.78746455707994,-0.19755132330493666,-0.005928941980863264
-5.045851304707902,230.15009,7.1953077,0.1,-37.807259348173,-0.19834449265683285,-0.00793169340077042
-1.741715562106961,230.25009,7.198433,0.1,-37.82710748695475,-0.1986182770631024,-0.0027378440218984307
0.29712903787843636,230.3501,7.201558,0.1,-37.84696697963603,-0.19857157064387365,0.0004670641853276107
0.2970067135822616,230.44986,7.201558,0.1,-37.866821802636736,-0.19852488345309158,0.0004668719008637744
1.1226984933825923,230.54987,7.2046833,0.1,-37.88666546729559,-0.1983484038101936,0.0017647964026821623
0.04510568984096608,230.64987,7.2109327,0.1,-37.90649995345864,-0.19834131353966888,7.09027041908637e-5
-0.26568992362679933,230.74988,7.214058,0.1,-37.9263361733297,-0.19838307796985172,-0.0004176442956049166
-0.27493033713534487,230.84988,7.217183,0.1,-37.94617664226997,-0.1984262949225825,-0.0004321695208682408
-0.12110510441095812,230.94989,7.2203093,0.1,-37.96602022389787,-0.1984453317216034,-0.0001903679873720764
-0.12126589494724271,231.0499,7.2203093,0.1,-37.985865710469454,-0.1984643937956706,-0.00019062073783152116
-9.369495628852746,231.1499,7.223436,0.1,-38.005785790809504,-0.19993720706874454,-0.014728132511273176
-0.4063895227309615,231.24991,7.2265625,0.1,-38.02578270588108,-0.20000108840311148,-0.0006388133341503618
0.5434142310336938,231.34991,7.2296886,0.1,-38.045778543990664,-0.1999156678293744,0.0008542057246421757
0.8906998425119923,231.44992,7.232814,0.1,-38.0657631105102,-0.1997756566054685,0.001400112218195576
0.5601949072024581,231.54993,7.235939,0.1,-38.08573627354996,-0.19968759823738566,0.0008805836677068215
0.03645341441892924,231.64993,7.2390637,0.1,-38.10570474716131,-0.1996818680385861,5.7301987141872014e-5
-0.21929080150390234,231.74994,7.2421885,0.1,-38.12567465780484,-0.1997163388805515,-0.0003447084145177455
-0.2791370287384467,231.84995,7.2453136,0.1,-38.14564848590116,-0.1997602170931275,-0.000438782119221321
-0.17877584865399854,231.94995,7.248439,0.1,-38.165625913018175,-0.19978831929342009,-0.0002810219987384542
-3.3605824075893906,232.04996,7.2515635,0.1,-38.185631158142165,-0.2003165772243929,-0.00528257923101144
-4.559097532621763,232.14996,7.2546883,0.1,-38.20569864893215,-0.2010332325946784,-0.007166553596065209
-1.640192915302805,232.24997,7.2578135,0.1,-38.22581486378238,-0.2012910584149521,-0.002578258164317975
0.31031863703026374,232.34998,7.2609386,0.1,-38.24594153093761,-0.20124227869130368,0.00048779722921531843
0.8772435185820768,232.44998,7.2640634,0.1,-38.26605886430689,-0.20110438269891887,0.001378959903299979
0.6630732213504302,232.54999,7.267188,0.1,-38.28616409137364,-0.2010001526442703,0.0010423005309541608
0.24766959501607744,232.65,7.2703133,0.1,-38.30626216034896,-0.2009612208723451,0.0003893177134505795
0.029029381721272784,232.75,7.2734385,0.1,-38.32635805457577,-0.20095665767487944,4.56319739767666e-5
-0.022858928931213995,232.85,7.276563,0.1,-38.34645390030518,-0.2009602509242145,-3.593249281508225e-5
0.02862533888540497,232.95001,7.279688,0.1,-38.3665497007128,-0.2009557512392019,4.4996849455381836e-5
-3.3399515900191545,233.05002,7.282813,0.1,-38.38667152688275,-0.20148076616295688,-0.00525014915931637
-4.537718735808085,233.15002,7.2859383,0.1,-38.40685526853913,-0.20219406094939063,-0.007132947758048291
0.03251479469278706,233.25003,7.2921877,0.1,-38.42707441938147,-0.20218894987158112,5.111077733336289e-5
0.8825285749496743,233.35004,7.295313,0.1,-38.44728637833166,-0.2020502231086324,0.0013872676088152924
0.7016839288026517,233.45004,7.298438,0.1,-38.46748588597535,-0.2019399237451682,0.0011029936182062813
0.31216894334716017,233.55005,7.301563,0.1,-38.48767742512186,-0.20189085316747485,0.0004907057696214612
0.31181054153915966,233.65001,7.301563,0.1,-38.50786406002743,-0.201841838927813,0.0004901423893148142
-0.00714854061172332,233.75002,7.3078127,0.1,-38.528048300405786,-0.20184296262389154,-1.1236960617971974e-5
-0.12144583347767934,233.85002,7.310938,0.1,-38.54823355148691,-0.20186205298292373,-0.00019090358747734346
-0.08102336688642708,233.95003,7.3140626,0.1,-38.56842039389878,-0.20187478923841778,-0.0001273625530426677
-16.46141517201704,234.05003,7.3171873,0.1,-38.58873725357294,-0.20446239818977563,-0.025876089127994623
-5.862003715463743,234.15004,7.3203125,0.1,-38.60922956681167,-0.20538386047770893,-0.009214622742024505
2.406176269676166,234.25005,7.3234377,0.1,-38.629749041537046,-0.20500562791453641,0.003782325575364065
1.1570185657790546,234.35005,7.3265624,0.1,-38.650240510909015,-0.20482375341793868,0.0018187449388760446
-0.05510955170080223,234.45006,7.329687,0.1,-38.670723319696094,-0.20483241621927115,-8.662801203373416e-5
-0.7854558096091466,234.55006,7.3328123,0.1,-38.69121273500656,-0.204955883883661,-0.0012346766255004224
-0.6787047780553905,234.65007,7.3359375,0.1,-38.71171365806122,-0.20506257109983736,-0.0010668721458657658
-0.3621646090659141,234.75008,7.339062,0.1,-38.73222276195257,-0.20511950061497874,-0.0005692951429306931
-0.09073643430991041,234.85008,7.342187,0.1,-38.75273542547351,-0.20513376369061234,-0.0001426307542106648
0.02041774171041766,234.95009,7.345312,0.1,-38.77324864167257,-0.20513055417729503,3.2095132694864384e-5
-2.989259275696668,235.0501,7.3484373,0.1,-38.793785191834615,-0.20560044294316926,-0.004698887588723259
-4.349357021733795,235.1501,7.351562,0.1,-38.81437942072387,-0.2062841287043559,-0.006836857509989081
-1.794424365990949,235.2501,7.3546867,0.1,-38.835021937393314,-0.20656619853270614,-0.0028206982414706676
0.27206092576957985,235.35011,7.357812,0.1,-38.855676419259204,-0.20652343262956357,0.0004276590250530551
0.8042893235831627,235.45012,7.360937,0.1,-38.87632244142235,-0.2063970044803773,0.0012642814730237024
0.475764617608462,235.55013,7.364062,0.1,-38.89695840284937,-0.20632221791006128,0.000747865692015978
-0.03699154900097312,235.65013,7.3671865,0.1,-38.9175909156873,-0.20632803269951402,-5.814789366098433e-5
-0.32214259970957926,235.75014,7.3703117,0.1,-38.93822625118276,-0.2063786710599412,-0.0005063835967261842
-0.4046656244878619,235.85014,7.373437,0.1,-38.95886729911387,-0.20644228141064858,-0.0006361034975950049
-0.330993914238384,235.95015,7.3765616,0.1,-38.979514129048574,-0.2064943111302309,-0.000520297188070178
-3.20795135878825,236.05016,7.3796864,0.1,-39.00018877374437,-0.20699857662410118,-0.005042654863561465
-4.275922693590928,236.15016,7.3828115,0.1,-39.02092223883797,-0.20767071906881993,-0.006721424347030567
-1.6266444582764734,236.25017,7.3859367,0.1,-39.041702095859804,-0.20792641517495228,-0.0025569610232218606
-0.18437406182948735,236.35017,7.3890615,0.1,-39.06249618679699,-0.20795539737167126,-0.00028982196287110734
0.8859240360417289,236.45018,7.392186,0.1,-39.08328476381875,-0.2078161368681283,0.001392605014678064
0.6562873640587554,236.55019,7.3953114,0.1,-39.10406121964668,-0.20771297349850573,0.0010316336808532218
0.09895464138361376,236.65019,7.3984365,0.1,-39.12483173956028,-0.20769741858338167,0.00015554914892274027
-0.25816394087374306,236.7502,7.4015613,0.1,-39.145603510798296,-0.20773799998645923,-0.0004058140247285171
-0.2582128154243435,236.84996,7.4015613,0.1,-39.166379340560816,-0.20777858907224347,-0.00040589085179436844
-0.3533400075002646,236.94997,7.407811,0.1,-39.18715997689545,-0.20783413142730386,-0.0005554235423273651
-3.1580429442108198,237.04997,7.4109364,0.1,-39.20796821136183,-0.20833055169894027,-0.0049642026423916946
-4.193125347615478,237.14998,7.414061,0.1,-39.22883422320931,-0.20898967903217827,-0.006591273234162447
-1.5091757546441613,237.24998,7.417186,0.1,-39.249745052970205,-0.2092269099537656,-0.0023723091805232573
-0.10584571111354535,237.34999,7.420311,0.1,-39.270668576184306,-0.20924354809250875,-0.0001663813849520006
0.8192981189076818,237.45,7.423436,0.1,-39.29158649193439,-0.2091147606751353,0.001287874154543653
0.587089002828634,237.55,7.426561,0.1,-39.3124933540177,-0.20902247476027996,0.0009228591348016997
0.06817123812297154,237.65001,7.4296856,0.1,-39.333395066005245,-0.20901175876143363,0.00010715998686640321
-0.22819999143709424,237.75002,7.432811,0.1,-39.3542980357578,-0.20904763006012647,-0.00035871298158324266
-0.3614484426011302,237.85002,7.435936,0.1,-39.37520563992232,-0.20910444699936015,-0.0005681693838705164
-0.31791262963564293,237.95003,7.4390607,0.1,-39.396118583605954,-0.20915442044074406,-0.0004997344063924156
-3.039579881186455,238.05003,7.4421854,0.1,-39.41705791590112,-0.20963221922212075,-0.004777987742569196
-4.027004981381197,238.15004,7.4453106,0.1,-39.43805278886009,-0.21026523370040803,-0.00633014468854624
-1.4551568398920836,238.25005,7.448436,0.1,-39.45909074952163,-0.21049397326047545,-0.002287395566589357
-0.12176786393087013,238.35005,7.4515605,0.1,-39.48014110421034,-0.2105131142402395,-0.00019140979478829558
0.7818934845562353,238.45006,7.454685,0.1,-39.50118627056326,-0.21039020654618623,0.0012290769222180022
0.5526183697690499,238.55006,7.4578104,0.1,-39.52222094816161,-0.21030333915201893,0.0008686739287287456
0.04918214660489184,238.65007,7.4609356,0.1,-39.54325089583726,-0.21029560809357276,7.731058330985165e-5
-0.2338099301712191,238.75008,7.4640603,0.1,-39.56428229461692,-0.2103323612318604,-0.000367531377399756
-0.35966775443631605,238.85008,7.467185,0.1,-39.585318357905,-0.2103888982604918,-0.000565370277889627
-0.3174185840292125,238.95009,7.47031,0.1,-39.606359742833654,-0.21043879404167334,-0.000498957804380274
-2.91033664186466,239.0501,7.4734354,0.1,-39.62742649668822,-0.21089627677127215,-0.0045748272278179165
-3.839097445033758,239.1501,7.47656,0.1,-39.648546298522376,-0.21149975361758797,-0.006034768373233222
-1.8381236533958827,239.2501,7.479685,0.1,-39.669710721150665,-0.21178869264072342,-0.002889390188299281
0.012294400056703125,239.35011,7.48281,0.1,-39.69088949410103,-0.21178676005477587,1.9325859187566507e-5
0.674027863187348,239.45012,7.485935,0.1,-39.71206287281997,-0.2116808080139566,0.0010595203924044208
0.49222095701242097,239.55013,7.48906,0.1,-39.733227085267664,-0.2116034346325613,0.0007737338024237173
0.07346020608576964,239.65013,7.4921846,0.1,-39.75438685167701,-0.21159188724827813,0.00011547384111103206
-0.14095789099661715,239.75014,7.49531,0.1,-39.77554714859244,-0.21161404475397833,-0.00022157505370030045
-0.22301243064495102,239.85014,7.498435,0.1,-39.796710306175875,-0.21164910060766834,-0.00035055853167649504
-0.17834649678009384,239.95015,7.5015597,0.1,-39.817876618287514,-0.21167713531712004,-0.00028034709033961157
-0.17834794429870726,240.04991,7.5015597,0.1,-39.83904573388152,-0.21170517025411065,-0.0002803493657284687
-2.644149070899971,240.14992,7.5078096,0.1,-39.860237033226355,-0.21212081032715954,-0.00415640066855371
0.07209066479754256,240.24992,7.510935,0.1,-39.88144854797,-0.21210947822432452,0.00011332102666170848
0.5279953848535683,240.34993,7.5140595,0.1,-39.90265534626601,-0.21202648137564256,0.0008299684744520465
0.3845753796548479,240.44994,7.5171843,0.1,-39.923854972103605,-0.21196602905824044,0.0006045231650130276
0.025390136376188366,240.54994,7.5203094,0.1,-39.945051375768486,-0.2119620379223948,3.991135786180926e-5
-0.21800820319779746,240.64995,7.5234346,0.1,-39.96624929333797,-0.21199630714968595,-0.00034269226780512244
1.109552304699946,240.74995,7.5265594,0.1,-39.98744020371059,-0.21182189398741288,0.0017441315967410636
1.3074222929087398,240.84996,7.529684,0.1,-40.00861211758403,-0.21161637717169668,0.0020551681265377065
0.31833480330055863,240.94997,7.5328093,0.1,-40.0297712536263,-0.21156633736783162,0.0005003980311942141
-3.2045883105801716,241.04997,7.5359344,0.1,-40.05095307452113,-0.2120700742161659,-0.005037368408280152
-3.853908527505684,241.14998,7.539059,0.1,-40.07219037251099,-0.21267587925171594,-0.006058050265228579
-1.7140489781665957,241.24998,7.542184,0.1,-40.09347143252479,-0.21294531468194003,-0.0026943542620918126
0.09804541853254989,241.34999,7.545309,0.1,-40.114765193710674,-0.2129299026897156,0.00015411991994786258
0.659847842459561,241.45,7.5484343,0.1,-40.13605299814437,-0.21282617964003606,0.0010372304813393767
0.4771070734656462,241.55,7.551559,0.1,-40.157331866545746,-0.21275118204589516,0.0007499759302335248
0.08760016509802426,241.65001,7.5546837,0.1,-40.17860629656345,-0.2127374119678685,0.00013770077821479134
-0.13257761619661323,241.75002,7.557809,0.1,-40.199881080086776,-0.21275825215826738,-0.00020840190088348718
-0.18095369305294184,241.85002,7.560934,0.1,-40.2211583278467,-0.21278669669909403,-0.0002844454040280406
-0.16051016516027516,241.95003,7.564059,0.1,-40.24243825938241,-0.21281192767321214,-0.00025230973742140897
-2.0973727589989437,242.05003,7.5671835,0.1,-40.26373593701739,-0.21314161867904652,-0.003296910009216094
-3.430125166714049,242.15004,7.5703087,0.1,-40.28507705867942,-0.21368080820150964,-0.005391895144285732
-1.8106809757108238,242.25005,7.573434,0.1,-40.306459371080365,-0.21396543344495575,-0.0028462523920485348
0.27257105000074944,242.35005,7.5765586,0.1,-40.32785377243912,-0.2139225873541736,0.00042846090143696
0.9712013543196463,242.45006,7.5796833,0.1,-40.349238398220805,-0.21376992190641306,0.0015266544548566251
0.6176375858457064,242.55006,7.5828085,0.1,-40.370610536333956,-0.21367283398723183,0.0009708791773450317
0.0328114740071328,242.65007,7.5859337,0.1,-40.391977562165394,-0.2136676762736962,5.15771345875978e-5
-0.2682393060939958,242.75008,7.5890584,0.1,-40.41334643836987,-0.21370984144736455,-0.00042165173040035645
-0.35971606105843534,242.85008,7.592183,0.1,-40.4347202500642,-0.21376638606942866,-0.0005654462122152223
-0.30217904954467656,242.95009,7.5953083,0.1,-40.45609926400184,-0.21381388631198642,-0.0004750024184993965
-1.9624840662740297,243.0501,7.5984335,0.1,-40.47749607732847,-0.21412237384381297,-0.003084875272297368
-3.2664039294435625,243.1501,7.601558,0.1,-40.49893398772191,-0.21463582763610578,-0.005134537846417545
-3.2663317503318545,243.24986,7.601558,0.1,-40.520423242928054,-0.21514927008239257,-0.0051344243863590865
0.11837745627943264,243.34987,7.607808,0.1,-40.5419372398552,-0.21513066204886042,0.0001860803325487449
0.7032280650897036,243.44987,7.6109333,0.1,-40.56344477927608,-0.2150201199589455,0.0011054208826772878
0.47834420294768876,243.54988,7.614058,0.1,-40.584943031989255,-0.21494492789748276,0.0007519206034226574
0.09597046634667272,243.64989,7.6171827,0.1,-40.60643677080801,-0.214929842071921,0.0001508582533695628
-0.08380482343153517,243.7499,7.6203094,0.1,-40.62793041400945,-0.21494301555117612,-0.00013173479058814977
-0.08384795066145756,243.8499,7.6203094,0.1,-40.649425374897795,-0.21495619580970293,-0.000131802583304247
-0.12101574108887103,243.9499,7.623436,0.1,-40.670921945936676,-0.21497521856149096,-0.0001902275150455519
-1.9208232370342497,244.04991,7.6265626,0.1,-40.69243456505175,-0.2152771573286132,-0.0030193876262298996
-3.370044666914235,244.14992,7.629689,0.1,-40.71398876837209,-0.21580690265460478,-0.005297453180977667
-1.868473686071432,244.24992,7.6328135,0.1,-40.735584144450186,-0.21610061247146634,-0.002937098124849297
0.19015464994726194,244.34993,7.6359386,0.1,-40.75719271147627,-0.2160707216103706,0.000298908606503183
0.9605993973322118,244.44994,7.639064,0.1,-40.77879223401412,-0.2159197227094115,0.001509988987090259
0.6255780269558855,244.54994,7.642189,0.1,-40.80037928980193,-0.2158213866134314,0.0009833609451478306
0.0670796334942736,244.64995,7.6453133,0.1,-40.821960901564516,-0.21581084220650953,0.00010544406764745683
-0.24412609151108988,244.74995,7.6484385,0.1,-40.843543904844786,-0.21584921696670195,-0.0003837475962059645
-0.3431511972151364,244.84996,7.6515636,0.1,-40.86513152390073,-0.21590315771847235,-0.0005394075096660674
-0.28640506419841927,244.94997,7.654689,0.1,-40.886724091028945,-0.21594817841080588,-0.0004502069166267941
-1.680518613485276,245.04997,7.657813,0.1,-40.90833211742764,-0.2162123431233617,-0.0026416470861946335
-3.1635315325384568,245.14998,7.6609383,0.1,-40.92997821621432,-0.21670962615923428,-0.00497283028462468
-1.875139687719546,245.24998,7.6640635,0.1,-40.95166391703646,-0.2170043838207285,-0.0029475765710200233
0.17771019694188084,245.34999,7.6671886,0.1,-40.97336295900748,-0.21697644913275976,0.0002793468755249268
0.921354098934728,245.45,7.670313,0.1,-40.995053362752,-0.21683161929347436,0.0014482983712728339
0.5674059217741103,245.55,7.673438,0.1,-41.01673206541016,-0.2167424274088828,0.0008919188326248737
0.046859851735987945,245.65001,7.6765633,0.1,-41.03840594017345,-0.21673506139748316,7.366011289881478e-5
-0.22325632157712283,245.75002,7.6796885,0.1,-41.06008120134576,-0.21677015558896812,-0.0003509419096201554
-0.8589677457190223,245.85002,7.685938,0.1,-41.08176496838678,-0.2169051787692065,-0.0013502317822638677
-0.35246757452212996,245.95003,7.689063,0.1,-41.103458256847716,-0.21696058398445478,-0.0005540521442267454
-1.352552886528954,246.05003,7.6921883,0.1,-41.12516494611966,-0.21717319498537993,-0.002126109977570122
-2.621459225317736,246.15004,7.6953125,0.1,-41.146902869612234,-0.217585268387707,-0.00412073396186713
-1.6285300982178068,246.25005,7.6984377,0.1,-41.16867419640114,-0.21784126090206066,-0.0025599251053907007
-0.037310240080040025,246.35005,7.701563,0.1,-41.190458616060226,-0.2178471257873211,-5.864885173050986e-5
-0.037326186787640214,246.45001,7.701563,0.1,-41.212243622333176,-0.2178529931792824,-5.867391873859201e-5
0.5069274808664779,246.55002,7.704688,0.1,-41.23402493771893,-0.21777330804447034,0.0007968513362465354
0.0790992085243829,246.65002,7.7109375,0.1,-41.25580164715825,-0.21776087425199964,0.00012433792285429426
-0.09438288238462711,246.75003,7.7140627,0.1,-41.27757847672142,-0.21777571052146744,-0.00014836269246724742
-0.12820264189508634,246.85004,7.717188,0.1,-41.299357055721984,-0.2177958629992641,-0.0002015247749635093
-0.09201859291124492,246.95004,7.720312,0.1,-41.32113736557752,-0.21781032762045371,-0.00014464620974092535
-1.44062734716681,247.05005,7.7234373,0.1,-41.342929721446026,-0.21803678325504805,-0.0022645563121987114
-2.8907559722420046,247.15005,7.7265625,0.1,-41.36475612033665,-0.2184911880526793,-0.004544047908601003
-1.7838049944014642,247.25006,7.7296877,0.1,-41.38661925949491,-0.21877158859678542,-0.0028040053992781015
-0.031158612966635246,247.35007,7.732812,0.1,-41.408496663575406,-0.21877648649316805,-4.897896309667949e-5
0.5523058609365421,247.45007,7.735937,0.1,-41.430369971637155,-0.21868966822300642,0.0008681826886792873
0.40624156100972186,247.55008,7.7390623,0.1,-41.45223574588149,-0.2186258101470939,0.0006385807496097059
0.11064495224189841,247.65009,7.7421875,0.1,-41.47409745759482,-0.21860841760423827,0.00017392542596465337
-0.08514593360093414,247.75009,7.7453117,0.1,-41.495958968895586,-0.21862180189578642,-0.00013384291348713474
-0.12140177796177909,247.8501,7.748437,0.1,-41.517822103582645,-0.21864088532962744,-0.00019083433556648996
-0.11303427415673184,247.9501,7.751562,0.1,-41.53968708084772,-0.21865865345567018,-0.00017768125777969682
-1.373750436993305,248.05011,7.7546873,0.1,-41.561563743673986,-0.21887459654990293,-0.0021594309101496682
-2.7274006187597024,248.15012,7.7578115,0.1,-41.58347263998452,-0.21930332313150563,-0.004287265752141658
-1.6067361803499125,248.25012,7.7609367,0.1,-41.60541560095848,-0.21955588980814297,-0.0025256667287380983
-0.050433629908440025,248.35013,7.764062,0.1,-41.62737158665557,-0.21956381759022225,-7.927781961161623e-5
0.46364312083660764,248.45013,7.767187,0.1,-41.64932432468354,-0.21949093642677578,0.0007288116236047521
0.3639200269919911,248.55014,7.7703114,0.1,-41.67127055838057,-0.21943373097332097,0.0005720545260236646
0.09296074779901176,248.65015,7.7734365,0.1,-41.69321320116884,-0.21941911825256666,0.0001461272053657531
-0.0756764381447006,248.75015,7.7765617,0.1,-41.715155708109016,-0.21943101401163134,-0.00011895758887426824
-0.12474354092572781,248.85016,7.779687,0.1,-41.737099790273845,-0.21945062274513027,-0.000196087332067469
-0.10527421513644697,248.95016,7.782811,0.1,-41.759045680290576,-0.2194671710490633,-0.00016548303686435704
-1.286387091925718,249.05017,7.7859364,0.1,-41.78100250823479,-0.21966938129157249,-0.002022102394960313
-2.550324001712937,249.15018,7.7890615,0.1,-41.80298949126596,-0.22007027277913507,-0.004008914815888318
-1.5098685720946925,249.25018,7.7921867,0.1,-41.82500838586334,-0.2203076126063431,-0.002373398236713873
0.014756206869439126,249.35019,7.795311,0.1,-41.8470390314741,-0.22030529304313518,2.3195631733644367e-5
0.41641415015940986,249.4502,7.798436,0.1,-41.869066288250174,-0.22023983591377147,0.0006545712838832877
0.31229129881093165,249.5502,7.8015614,0.1,-41.89108781767914,-0.22019074610273215,0.0004908981030783823
0.3122977471131723,249.64996,7.8015614,0.1,-41.91310443807625,-0.22014165527806887,0.0004909082393176887
0.07407588360266004,249.74997,7.8046865,0.1,-41.93511802172388,-0.2201300111139744,0.00011644163920947503
-0.12159626087452935,249.84998,7.810936,0.1,-41.957131978863565,-0.2201491251190464,-0.00019114004787200016
-0.1017999252061923,249.94998,7.814061,0.1,-41.97914769181213,-0.2201651272910929,-0.00016002171808025955
-1.2808565287182319,250.04999,7.8171864,0.1,-42.00117427191347,-0.22036646817123487,-0.0020134087714176545
-2.3510012757481036,250.15,7.8203106,0.1,-42.023229397032985,-0.22073602764605577,-0.003695594693140397
-1.372960475294633,250.25,7.823436,0.1,-42.04531379107259,-0.22095184656433275,-0.0021581891506102283
0.012185255525835714,250.35,7.826561,0.1,-42.0674088802868,-0.22094993113507325,1.9154292309564473e-5
0.3747886257034452,250.45001,7.829686,0.1,-42.089500928033786,-0.22089101722077104,0.0005891391342432588
0.27579762717135736,250.55002,7.8328104,0.1,-42.11158786242078,-0.22084766393665942,0.0004335328346560997
0.05489702009589337,250.65002,7.8359356,0.1,-42.133672197673874,-0.22083903454367476,8.629392856073566e-5
-0.08414694035592163,250.75003,7.839061,0.1,-42.1557567628202,-0.22085226180110185,-0.00013227257229981378
-0.11580085091480896,250.85004,7.842186,0.1,-42.177842899479955,-0.22087046481191658,-0.00018203010543485685
-0.10596284361668928,250.95004,7.84531,0.1,-42.199930779117835,-0.2208871213629961,-0.0001665655083131737
-1.1838517831391338,251.05005,7.8484354,0.1,-42.22202879620711,-0.22107321383676706,-0.0018609247099798422
-1.9779187818667916,251.15005,7.8515606,0.1,-42.244151663608015,-0.22138412758819942,-0.003109137467993792
-1.332669025988971,251.25006,7.854686,0.1,-42.266300550967365,-0.22159361299785657,-0.0020948540653557305
-0.15910145661976094,251.35007,7.85781,0.1,-42.28846116307416,-0.22161862253373313,-0.0002500953550388008
0.2111620378551784,251.45007,7.860935,0.1,-42.31062136600463,-0.22158542947143373,0.00033193061804783175
0.18459120423993713,251.55008,7.8640604,0.1,-42.33277845846545,-0.22155641314158347,0.00029016329417874714
0.05950135461467809,251.65009,7.8671856,0.1,-42.35493363245178,-0.22154705998231922,9.353159124879586e-5
-0.03960059057495069,251.75009,7.87031,0.1,-42.3770886500257,-0.2215532848932142,-6.224910802204673e-5
-0.06639414181550818,251.8501,7.873435,0.1,-42.39924450067781,-0.22156372154607085,-0.00010436652701131605
-0.05362166823955983,251.9501,7.87656,0.1,-42.42140129460845,-0.2215721504634679,-8.428917271446195e-5
-1.0609577361713818,252.05011,7.8796854,0.1,-42.44356684870842,-0.22173892493008826,-0.001667744641352252
-1.8060906610922132,252.15012,7.8828096,0.1,-42.46575493671611,-0.22202282861107617,-0.0028390367675742417
-1.254826142099482,252.25012,7.885935,0.1,-42.4879670823633,-0.2222200777129161,-0.0019724909890068247
-0.1844505092319224,252.35013,7.88906,0.1,-42.51019054017643,-0.22224907192658386,-0.0002899421323570441
0.1533611288035619,252.45013,7.892185,0.1,-42.532414242340245,-0.22222496472647163,0.0002410719975301236
0.14846883166592573,252.55014,7.8953094,0.1,-42.554635572235604,-0.22220162655816703,0.0002333816795683177
0.04529367290833197,252.65015,7.8984346,0.1,-42.57685537923152,-0.22219450673813743,7.119819923517693e-5
-0.04622863472819677,252.75015,7.90156,0.1,-42.59907519357588,-0.2222017735270363,-7.266788790588246e-5
-0.046192768447963356,252.84991,7.90156,0.1,-42.62129573431724,-0.22220903467802938,-7.261150884889912e-5
-0.06475606271202078,252.94992,7.904685,0.1,-42.643517147074135,-0.22221921383734086,-0.00010179159159795014
-0.9165505744652922,253.04993,7.9109344,0.1,-42.6657462725272,-0.2223632885992052,-0.0014407475971746921
-1.1684042629157463,253.14993,7.9140596,0.1,-42.687991784930674,-0.2225469528405801,-0.0018366423863806923
-0.7037456055339032,253.24994,7.917185,0.1,-42.7102520117186,-0.22265757628390676,-0.0011062344167824367
-0.16600491893730462,253.34995,7.920309,0.1,-42.73251907441417,-0.22268367099142267,-0.00026094707127059693
0.09614695195874465,253.44995,7.9234343,0.1,-42.75478668616674,-0.22266855742366834,0.000151135675291072
0.14151678763874487,253.54996,7.9265594,0.1,-42.77705242997289,-0.22264631206367744,0.00022245359659432926
0.05156088126121354,253.64996,7.9296846,0.1,-42.79931665626215,-0.22263820708628046,8.104977276201149e-5
-0.03627933062928079,253.74997,7.932809,0.1,-42.82158076244425,-0.22264390992043565,-5.702834070202401e-5
-0.08126019077097091,253.84998,7.935934,0.1,-42.84384579244219,-0.22265668340283862,-0.00012773482212646503
-0.10072816609332058,253.94998,7.9390593,0.1,-42.866112252799255,-0.22267251710252442,-0.0001583369944985621
-0.9074331159903579,254.04999,7.9421844,0.1,-42.88838663691977,-0.22281515866943458,-0.0014264156478463476
-1.5053251680525932,254.15,7.9453087,0.1,-42.91067998440084,-0.22305178430816938,-0.0023662563520879566
-1.0510961200706674,254.25,7.948434,0.1,-42.93299342437894,-0.22321700860393076,-0.001652242932993548
-0.32674917828221606,254.35,7.951559,0.1,-42.95531769369597,-0.2232683710833857,-0.0005136247868957445
0.36698188200048776,254.45001,7.9546843,0.1,-42.97764164679927,-0.22321068432966937,0.0005768675285674276
0.32906518768935755,254.55002,7.9578085,0.1,-42.999960129237884,-0.22315895779119455,0.000517265377040287
0.054595232191825716,254.65002,7.9609337,0.1,-43.022275596251816,-0.22315037583696737,8.581954099309325e-5
-0.1614750246712784,254.75003,7.964059,0.1,-43.04459190330019,-0.22317575847964383,-0.00025382642298226853
-0.24724651533172803,254.85004,7.967184,0.1,-43.06691142274409,-0.2232146237466685,-0.00038865266445533403
-0.24015639007074618,254.95004,7.9703083,0.1,-43.08923477298907,-0.22325237450006238,-0.00037750752831335234
-0.842818048908839,255.05005,7.9734335,0.1,-43.1115666350004,-0.22338485907109912,-0.0013248456906257218
-1.3240304847641369,255.15005,7.9765587,0.1,-43.13391552761538,-0.2235929865679422,-0.0020812749374172256
-0.901692776466291,255.25006,7.979684,0.1,-43.15628191356692,-0.22373472579724765,-0.001417392271933795
-0.27921225423689844,255.35007,7.982808,0.1,-43.17865758098194,-0.2237786158346984,-0.00043890036796739135
0.0964792776487684,255.45007,7.9859333,0.1,-43.201034684608516,-0.2237634500278795,0.00015165806592910142
0.15654134386326746,255.55008,7.9890585,0.1,-43.22340979958943,-0.22373884292220814,0.0002460710530469919
0.07136591150650418,255.65009,7.9921837,0.1,-43.24578312330618,-0.2237276247450644,0.0001121817697655823
-0.019180027961613888,255.75009,7.995308,0.1,-43.26815603686178,-0.22373063969921764,-3.014954108294549e-5
-0.06915692914072036,255.8501,7.998433,0.1,-43.290529644712194,-0.22374151064117634,-0.0001087094179670348
-0.08407604863287688,255.9501,8.001558,0.1,-43.31290445691541,-0.22375472675496508,-0.00013216113591814344
-0.08402977803973144,256.04987,8.001558,0.1,-43.33528059036636,-0.2237679355953694,-0.00013208840207480584
-1.2182129000278792,256.14987,8.0046835,0.1,-43.35766695894845,-0.22395942937472138,-0.0019149377649851048
-0.4169872289777601,256.24988,8.010933,0.1,-43.380066179580346,-0.2240249765877058,-0.0006554721200766548
0.05688659513401717,256.34988,8.014058,0.1,-43.402468230465985,-0.22401603444869508,8.942138877453554e-5
0.15182949289032877,256.4499,8.017183,0.1,-43.42486864092272,-0.2239921680100701,0.0002386643826933488
0.0831562129764194,256.5499,8.020309,0.1,-43.447267204481356,-0.22397909648743305,0.00013071522442263228
0.08320671078610076,256.6499,8.020309,0.1,-43.46966446049082,-0.22396601702692537,0.0001307946031279519
-0.017798280093686003,256.7499,8.023437,0.1,-43.492061202414945,-0.22396881478084918,-2.7977538821335714e-5
-0.08401637667492423,256.8499,8.026563,0.1,-43.51445874456347,-0.22398202151466112,-0.00013206733615145938
-0.10798376454461689,256.94992,8.029689,0.1,-43.53685779575993,-0.22399899573910156,-0.00016974224187497455
-0.6831150588672017,257.04993,8.032814,0.1,-43.559263064691635,-0.22410637621779436,-0.001073804770927061
-1.0350320425305313,257.14993,8.035939,0.1,-43.58168183760474,-0.22426907536305055,-0.001626991428317681
-0.7825499503823607,257.24994,8.039064,0.1,-43.604114896019595,-0.2243920862485263,-0.0012301088364276129
-0.3148133646050102,257.34995,8.042189,0.1,-43.626556579291886,-0.22444157250907842,-0.0004948625981471405
-0.04265008173714335,257.44995,8.045313,0.1,-43.64900107209063,-0.22444827677673257,-6.70426755424181e-5
0.07188537557487606,257.54996,8.048438,0.1,-43.6714453351111,-0.22443697694379808,0.00011299832766121399
0.0403223876772123,257.64996,8.051563,0.1,-43.693888716221316,-0.22443063857190215,6.338371801488621e-5
-0.009864698124737004,257.74997,8.054688,0.1,-43.716331857945704,-0.2244321892272318,-1.5506553065399586e-5
-0.04535141500364048,257.84998,8.057814,0.1,-43.738775433647696,-0.22443931812387852,-7.128896540497623e-5
-0.07746247601380318,257.94998,8.060939,0.1,-43.76121997462006,-0.2244514946344782,-0.00012176510418227375
-0.569301542156758,258.05,8.064064,0.1,-43.78366959891112,-0.22454098449614032,-0.0008948986032862454
-0.851284421454352,258.15,8.067188,0.1,-43.806130388466435,-0.2246747999163875,-0.0013381541825317465
-0.6132301382326659,258.25,8.0703125,0.1,-43.82860268854804,-0.2247711950184095,-0.0009639510058561142
-0.2031519013115144,258.35,8.073438,0.1,-43.85108140508133,-0.22480312894831928,-0.00031933929433930887
0.05257397117007656,258.45,8.076563,0.1,-43.87356130509977,-0.22479486472091315,8.264227282974408e-5
0.111622152459816,258.55002,8.079688,0.1,-43.89603991459926,-0.22477731856963412,0.00017546151017554888
0.06249895233352731,258.65002,8.082813,0.1,-43.91851715557322,-0.2247674942108643,9.824358623417667e-5
-0.01118630443344415,258.75003,8.085938,0.1,-43.94099399324933,-0.2247692526126288,-1.7584017382948647e-5
-0.058452484468386245,258.85004,8.089064,0.1,-43.963471378259776,-0.2247784408975034,-9.188284737680621e-5
-0.12772991830742697,258.95004,8.095312,0.1,-43.98595022659295,-0.22479851906675646,-0.00020078168953863203
-0.3913269833371622,259.05005,8.098437,0.1,-44.008433154515544,-0.22486003268477836,-0.0006151361710525961
-0.6119048596379362,259.15005,8.1015625,0.1,-44.03092396745808,-0.22495621946311015,-0.0009618677689850252
-0.6118081574659857,259.25,8.1015625,0.1,-44.05342439831855,-0.22505239104059785,-0.0009617157605462542
-0.5042961382390145,259.35,8.104688,0.1,-44.07593360133341,-0.2251316625484121,-0.0007927150663303086
-0.24508149828978754,259.45,8.107813,0.1,-44.0984486941709,-0.22517018749126544,-0.0003852494227926055
-0.0381674791480322,259.55002,8.110938,0.1,-44.12096601323739,-0.22517618712797116,-5.999636616323446e-5
0.03923993426914829,259.65002,8.114063,0.1,-44.1434833238748,-0.22517001890949756,6.168218381680705e-5
-0.0278868052380159,259.75003,8.120312,0.1,-44.16600054528094,-0.2251744025026519,-4.3835930890108754e-5
-0.05708759792623036,259.85004,8.123437,0.1,-44.1885184345535,-0.22518337623776893,-8.973734983328617e-5
-0.0790199762342042,259.95004,8.126562,0.1,-44.21103739357972,-0.22519579757552774,-0.0001242133757372296
-0.2960962386689072,260.05005,8.129687,0.1,-44.23355930087643,-0.22524234164659554,-0.00046544070374247165
-0.45806166101204504,260.15005,8.1328125,0.1,-44.25608713556681,-0.22531434544711468,-0.0007200379944619665
-0.4452303456776381,260.25006,8.135938,0.1,-44.2786220697881,-0.22538433226269844,-0.0006998681454087131
-0.22736133421044105,260.35007,8.139063,0.1,-44.30116229032365,-0.22542007173086978,-0.00035739467638785434
-0.05760072354171886,260.45007,8.142187,0.1,-44.32370475055237,-0.22542912612542115,-9.054394416442292e-5
0.011849672999321825,260.55008,8.145311,0.1,-44.34624757036692,-0.2254272634471761,1.8626782172973523e-5
-0.0010168633866296517,260.6501,8.148437,0.1,-44.36879030503971,-0.22542742329034718,-1.598431686976231e-6
-0.0399924585669309,260.7501,8.151562,0.1,-44.39133336203014,-0.2254337097999026,-6.286509461742314e-5
-0.07587131574042383,260.8501,8.154687,0.1,-44.413877329665674,-0.22544563619223945,-0.00011926392159130922
-0.1017509998829138,260.9501,8.157812,0.1,-44.436422693344916,-0.22546163067359815,-0.00015994481120363074
-0.18702835619949898,261.0501,8.160937,0.1,-44.45897032671984,-0.22549103010515384,-0.0002939943111760763
-0.271791206949314,261.15012,8.1640625,0.1,-44.48152156624167,-0.2255337536105544,-0.00042723504763922014
-0.3508977492909602,261.25012,8.167187,0.1,-44.50407769986137,-0.22558891206124582,-0.0005515844986948974
-0.2575122164114472,261.35013,8.170311,0.1,-44.52663861535152,-0.22562939101820711,-0.0004047895635812198
-0.1645308893228527,261.45013,8.173436,0.1,-44.54920284793964,-0.22565525401950667,-0.0002586300091418378
-0.11416658736577645,261.55014,8.176561,0.1,-44.57176927098371,-0.2256732001365523,-0.0001794611677820793
-0.08063856689868487,261.65015,8.179687,0.1,-44.59433722512205,-0.22568587590442227,-0.00012675767681087234
-0.06039175891042703,261.75015,8.182812,0.1,-44.61690628770499,-0.22569536902845272,-9.493123889002146e-5
-0.05141613698549463,261.85016,8.185937,0.1,-44.63947622905539,-0.2257034512531532,-8.082224580031767e-5
-0.06114631093402778,261.95016,8.189062,0.1,-44.66204705510373,-0.22571306298700852,-9.611733712096774e-5
-0.04124316080708468,262.05017,8.192186,0.1,-44.68461868589429,-0.22571954609741984,-6.48311031471039e-5
-0.09325576398821056,262.15018,8.195311,0.1,-44.70719137379515,-0.2257342051924697,-0.00014659094831410462
-0.25434362024752044,262.25018,8.198436,0.1,-44.72976679369469,-0.2257741860702737,-0.00039980877208233527
-0.26420695035681785,262.3502,8.201561,0.1,-44.75234628920408,-0.22581571738836573,-0.0004153131747318032
-0.2641171676672638,262.44995,8.201561,0.1,-44.77492993713968,-0.22585723459330354,-0.000415172043191606
-0.2526283736694257,262.54996,8.204686,0.1,-44.7975176464983,-0.22589694584742373,-0.00039711253528449807
-0.1596487922330434,262.64996,8.207811,0.1,-44.82010859619832,-0.2259220414202854,-0.0002509557248772518
-0.10618850397443325,262.74997,8.210937,0.1,-44.84270163527817,-0.22593873344345256,-0.00016692022918429078
-0.06100727181719634,262.84998,8.214062,0.1,-44.86529598845309,-0.22594832332141884,-9.589877823390899e-5
-0.08568360349997306,262.94998,8.22031,0.1,-44.88789149456239,-0.22596179213057555,-0.00013468808956000492
-0.0011957263083104408,263.05,8.223435,0.1,-44.91048768351011,-0.22596198008963414,-1.8795905578716858e-6
0.023878410440033804,263.15,8.226561,0.1,-44.93308369418058,-0.22595822658557915,3.753503999045559e-5
-0.1525853386920062,263.25,8.229686,0.1,-44.95568071643845,-0.22598221183740103,-0.00023985251464475434
-0.22583125939913273,263.35,8.232811,0.1,-44.97828071290656,-0.22601771078947844,-0.0003549895154842391
-0.203724001928002,263.45,8.235936,0.1,-45.00088408551531,-0.22604973464924302,-0.000320238592873956
-0.15180474044468895,263.55002,8.239061,0.1,-45.02349025244448,-0.22607359719697226,-0.00023862547373668748
-0.1130481117737645,263.65002,8.242186,0.1,-45.04609850101613,-0.22609136749818287,-0.00017770300945826848
-0.09559871789231761,263.75003,8.24531,0.1,-45.06870838947234,-0.22610639488772208,-0.00015027389315280335
-0.10089669070954632,263.85004,8.248435,0.1,-45.091319822307575,-0.22612225507819259,-0.00015860190234179126
-0.12151377700707355,263.95004,8.25156,0.1,-45.113933003204316,-0.22614135611742955,-0.00019101038952345573
0.09088528780537786,264.05005,8.254685,0.1,-45.13654642482931,-0.22612706964316143,0.00014286474055239058
0.21243311272796106,264.15005,8.257811,0.1,-45.15915746248728,-0.22609367677758363,0.0003339286508021717
-0.054850188964564006,264.25006,8.260936,0.1,-45.181767261603525,-0.2261022988090715,-8.622031359412555e-5
-0.23922168114720677,264.35007,8.264061,0.1,-45.204379372012596,-0.2261399026333495,-0.00037603823717638176
-0.30022007275781754,264.45007,8.267185,0.1,-45.22699572222826,-0.226187094939693,-0.0004719230564028371
-0.24546605416005463,264.55008,8.270309,0.1,-45.24961636132891,-0.226225680331797,-0.00038585391529034896
-0.15983439926611176,264.6501,8.273435,0.1,-45.27224018593665,-0.22625080508066905,-0.0002512474849768709
-0.09538355250665997,264.7501,8.27656,0.1,-45.29486601646023,-0.2262657986478502,-0.00014993566957734788
-0.08362638770603245,264.8501,8.279685,0.1,-45.31749325393372,-0.2262789440783698,-0.00013145430323706372
-0.11116449164777009,264.9501,8.28281,0.1,-45.340122022389274,-0.2262964182888587,-0.00017474210228508869
0.18121918146846383,265.0501,8.285935,0.1,-45.36275024024167,-0.22626793201527737,0.0002848627315682739
0.39287511841860123,265.15012,8.289061,0.1,-45.38537394593166,-0.2262061750422248,0.0006175697213233887
0.052299713567492745,265.25012,8.292185,0.1,-45.407994152717144,-0.22619795392602265,8.221116079628096e-5
-0.23478807083593267,265.35013,8.295309,0.1,-45.43061579379156,-0.22623486082056474,-0.0003690689399212863
-0.30700225750803156,265.45013,8.298434,0.1,-45.453241693131474,-0.2262831192346387,-0.00048258413354870686
-0.25593435717365765,265.55014,8.301559,0.1,-45.47587201693863,-0.22632335016415855,-0.00040230928920372407
-0.25579465816653624,265.6499,8.301559,0.1,-45.49850636274082,-0.22636355913405967,-0.00040208969301945975
-0.17256090720911743,265.7499,8.304685,0.1,-45.5211440752545,-0.22639068439294432,-0.0002712525848045666
-0.11653019641784113,265.8499,8.30781,0.1,-45.543784059914074,-0.22640900205131106,-0.0001831765809379864
-0.10542388181988827,265.94992,8.310935,0.1,-45.56642578904811,-0.22642557388170556,-0.00016571830147555535
0.3008296103204202,266.04993,8.31406,0.1,-45.58906598236759,-0.22637828576070476,0.00047288120296143794
0.12309430208199501,266.14993,8.320309,0.1,-45.61170284380669,-0.22635893627497708,0.00019349485439359767
-0.24157350678859046,266.24994,8.323434,0.1,-45.634340636447185,-0.22639690978831387,-0.00037973512770942644
-0.3492283998987986,266.34995,8.326559,0.1,-45.6569830725655,-0.22645180583000915,-0.0005489604087727402
-0.29954006373242237,266.44995,8.329684,0.1,-45.679630607756685,-0.22649889124411873,-0.000470854134079629
-0.1973682801673875,266.54996,8.332809,0.1,-45.702282048458066,-0.22652991603288314,-0.0003102478830211382
-0.12637331066268134,266.64996,8.335935,0.1,-45.724936033644966,-0.2265497809537582,-0.00019864920579040424
-0.11172590758302192,266.74997,8.33906,0.1,-45.74759189020098,-0.22656734341455145,-0.00017562460531576055
-0.13453871029872033,266.84998,8.342184,0.1,-45.77024968230303,-0.2265884918739904,-0.00021148459123812759
-0.16221864195356162,266.94998,8.345308,0.1,-45.79290980680477,-0.22661399140763377,-0.0002549953326338632
0.36745656214368694,267.05,8.3484335,0.1,-45.81556831821468,-0.22655623003781822,0.0005776136895483858
0.6900676889624169,267.15,8.351559,0.1,-45.83821851788702,-0.2264477566586863,0.0010847337751552996
0.2316180585486252,267.25,8.354684,0.1,-45.86086147346066,-0.22641134806590532,0.000364085922384456
-0.22247868554194383,267.35,8.357809,0.1,-45.883504357202305,-0.2264463200189348,-0.0003497195250836401
-0.38896322430149866,267.45,8.360934,0.1,-45.90615204664433,-0.2265074620720593,-0.000611420522133911
-0.3462123808448965,267.55002,8.364059,0.1,-45.928805514286424,-0.22656188401855562,-0.0005442194568536628
-0.23179926381265403,267.65002,8.367184,0.1,-45.951463524879756,-0.22659832109542247,-0.00036437076323887063
-0.13856858364212954,267.75003,8.370308,0.1,-45.97412444642321,-0.22662010302022434,-0.00021781924477301008
-0.11565685580680984,267.85004,8.373433,0.1,-45.99678736608173,-0.226638283396106,-0.00018180375610767907
-0.13956472918955443,267.95004,8.376558,0.1,-46.019452291684644,-0.2266602219073926,-0.00021938510959691897
0.4706125194516062,268.05005,8.3796835,0.1,-46.04211461537809,-0.22658624520762355,0.0007397669866671448
0.8454976001266914,268.15005,8.382809,0.1,-46.06476659494759,-0.22645333943156618,0.0013290577407691407
0.3063176478472087,268.25006,8.385934,0.1,-46.08740952168822,-0.22640518863291093,0.0004815079793774998
-0.21748024112457642,268.35007,8.389059,0.1,-46.11005175020069,-0.22643937486858975,-0.00034186235169401605
-0.42115237330904165,268.45007,8.392183,0.1,-46.132698998122116,-0.22650557681050495,-0.00066201940928727
-0.3912326587151256,268.55008,8.395308,0.1,-46.15535263108028,-0.22656707560141545,-0.0006149878999409524
-0.24600107444388186,268.6501,8.398433,0.1,-46.17801127245272,-0.2266057450946287,-0.0003866949263701942
-0.16287531424222834,268.7501,8.401558,0.1,-46.200673127437746,-0.2266313478521489,-0.00025602757138684174
-0.16268773278761728,268.84985,8.401558,0.1,-46.22333754122425,-0.22665692112329466,-0.00025573270764714785
-0.14018237843311,268.94986,8.404683,0.1,-46.24600433545439,-0.22667895672433294,-0.00022035600709929473
0.558687708893558,269.04987,8.407808,0.1,-46.26866784039213,-0.2265911352763323,0.0008782144669201869
1.0013593687108369,269.14987,8.4109335,0.1,-46.29131908395441,-0.22643372921865587,0.0015740605533089839
0.3794234478054932,269.24988,8.414059,0.1,-46.313959475089995,-0.22637408674565843,0.0005964247210869018
-0.45280396796619016,269.34988,8.420309,0.1,-46.3366004429685,-0.2264452640769192,-0.0007117733020014149
-0.45257967196414484,269.4499,8.420309,0.1,-46.35924852681736,-0.22651640615055865,-0.0007114207257933958
-0.42888575378560745,269.5499,8.423436,0.1,-46.38190353864852,-0.22658382372091992,-0.0006741756935666726
-0.2794739939382964,269.6499,8.426562,0.1,-46.40456411791733,-0.22662775490185605,-0.0004393118028149385
-0.17086337371802074,269.7499,8.429688,0.1,-46.42722823666622,-0.22665461332141912,-0.0002685841916285022
-0.1459793134949905,269.8499,8.432814,0.1,-46.44989484567787,-0.22667756015644913,-0.00022946834688071323
-0.1718858588656076,269.94992,8.435939,0.1,-46.47256395298863,-0.22670457930288124,-0.00027019146029492796
0.6263688301478396,270.04993,8.439064,0.1,-46.49522948823645,-0.22660611889866902,0.000984604027450529
1.154727562352491,270.14993,8.442188,0.1,-46.517881024745435,-0.22642460453034166,0.0018151436562257488
0.4834069096696112,270.24994,8.4453125,0.1,-46.54051968614179,-0.22634861664998399,0.0007598787922537159
-0.20379656288264414,270.34995,8.448438,0.1,-46.56315614990739,-0.2263806519157774,-0.00032035265316038416
-0.49950346069215357,270.44995,8.451563,0.1,-46.58579814134313,-0.22645917005122412,-0.0007851813427671529
-0.4828226624936005,270.54996,8.454688,0.1,-46.60844785348782,-0.22653506609238044,-0.0007589604002539241
-0.31367651874202807,270.64996,8.457813,0.1,-46.63110382581251,-0.22658437364943104,-0.0004930755631584766
-0.18683897988057652,270.74997,8.460938,0.1,-46.65376373199826,-0.22661374331247333,-0.0002936966260465803
-0.1551713696171646,270.84998,8.464064,0.1,-46.67642632625502,-0.2266381350686389,-0.0002439175580209096
-0.18094951924513225,270.94998,8.467188,0.1,-46.69909156229386,-0.22666657895337478,-0.00028443884312050286
0.7400214385161235,271.05,8.470312,0.1,-46.72175240424048,-0.22655025322569639,0.0011632572594500491
1.3012073724567017,271.15,8.473437,0.1,-46.744397202906605,-0.2263457133480882,0.0020453987456029673
0.685722120144419,271.25,8.4765625,0.1,-46.76702638506417,-0.22623792305924073,0.0010779028724126546
-0.16544750066623237,271.35,8.479688,0.1,-46.789651478061515,-0.22626393014485457,-0.00026007085226311105
-0.4990954276172488,271.45,8.482813,0.1,-46.812281794113005,-0.22634238414061306,-0.0007845399458943401
-0.5022539590372617,271.55002,8.485938,0.1,-46.834919980389046,-0.22642133463342787,-0.0007895049163834363
-0.3581703099821709,271.65002,8.489063,0.1,-46.857564929271916,-0.2264776362752087,-0.0005630164094187347
-0.17850690697878235,271.75003,8.495312,0.1,-46.880214096233175,-0.22650569619992056,-0.0002805992429373639
-0.19629369683661935,271.85004,8.498437,0.1,-46.902866208984335,-0.22653655207237877,-0.0003085587199843124
-0.21784122052395105,271.95004,8.501562,0.1,-46.92552157667811,-0.22657079505126682,-0.0003424297837777087
-0.21758531752811905,272.05,8.501562,0.1,-46.94818036665852,-0.22660499780415508,-0.00034202752378614213
1.9530408831815294,272.15,8.504687,0.1,-46.9708255166196,-0.22629799466870903,0.00307003130871343
0.9847213164739514,272.25,8.5078125,0.1,-46.99344757688943,-0.22614320398598375,0.0015479068041872354
-0.27496435695127275,272.35,8.510938,0.1,-47.01606405874006,-0.22618642628637023,-0.00043222299742416676
-0.667840259946476,272.45,8.514063,0.1,-47.03868795067565,-0.22629140568313877,-0.0010497939520421338
-0.37535506493968995,272.55002,8.520311,0.1,-47.06132004172892,-0.22635040863736997,-0.0005900295335199612
-0.23110019989479724,272.65002,8.523437,0.1,-47.08395689928944,-0.2263867358267191,-0.0003632718880780414
-0.20130948278082883,272.75003,8.526562,0.1,-47.10659715542526,-0.22641838014248378,-0.00031644315293148314
-0.23407300615500048,272.85004,8.529687,0.1,-47.12924083350152,-0.2264551746343102,-0.00036794491278129075
-0.2416016828638341,272.95004,8.532812,0.1,-47.15188825019954,-0.22649315257671118,-0.00037977941835070256
0.940403137842992,273.05005,8.535937,0.1,-47.174530174584454,-0.22634532837375299,0.0014782420075545302
1.656543650597011,273.15005,8.5390625,0.1,-47.19715168795736,-0.2260849323425608,0.0026039602731196742
0.7458439818861571,273.25006,8.542187,0.1,-47.219754319479065,-0.2259676913554599,0.0011724098535387227
-0.31728217634578115,273.35007,8.545311,0.1,-47.242353582668315,-0.22601756569439369,-0.0004987433819058191
-0.596222035842942,273.45007,8.548436,0.1,-47.26496002565252,-0.22611128725240204,-0.0009372155661180599
-0.5354282580608256,273.55008,8.551561,0.1,-47.28757536297674,-0.2261954524920786,-0.0008416523842239732
-0.36304749515475976,273.6501,8.554687,0.1,-47.31019776197795,-0.22625252079018138,-0.0005706829725240851
-0.23523462770160108,273.7501,8.557812,0.1,-47.33282486324863,-0.22628949788005787,-0.00036977089325494604
-0.22077217505483304,273.8501,8.560937,0.1,-47.35545554855899,-0.22632420158265043,-0.0003470370207545226
-0.23173350868268017,273.9501,8.564062,0.1,-47.37808979039157,-0.22636062832331222,-0.0003642674011897366
0.9970944606634475,274.0501,8.567186,0.1,-47.400718016778754,-0.2262038926766621,0.0015673564431456883
1.762796484634464,274.15012,8.570311,0.1,-47.423324551474956,-0.22592679451010736,0.0027709816242565376
0.8143928889380732,274.25012,8.573436,0.1,-47.445910830444895,-0.22579877815748414,0.0012801635071563817
-0.3112014565640635,274.35013,8.576561,0.1,-47.46849315452195,-0.22584769665363202,-0.0004891849541892544
-0.611405677404818,274.45013,8.579686,0.1,-47.49108272993946,-0.2259438049643229,-0.0009610830925875041
-0.5559505861683114,274.55014,8.582811,0.1,-47.513681480332295,-0.22603119615750095,-0.0008739119187581589
-0.3750644451398806,274.65015,8.585937,0.1,-47.53628754814845,-0.22609015342851552,-0.0005895727013604145
-0.2740238608279961,274.75015,8.589062,0.1,-47.558898717551315,-0.22613322789008244,-0.00043074460925060265
-0.26028631008674097,274.85016,8.592186,0.1,-47.581514086428484,-0.2261741429134178,-0.0004091502272569244
-0.27887502764642136,274.95016,8.59531,0.1,-47.604133692908285,-0.2262179799414198,-0.0004383702734876441
-115.09560664335731,275.05017,8.598435,0.1,-47.627660098842625,-0.24431013173396945,-0.1809215152295559
-112.49053282510431,275.15018,8.601561,0.1,-47.65297524509581,-0.2619927857852485,-0.1768265378778693
-112.45202537560544,275.24994,8.601561,0.1,-47.680058354126594,-0.27966938675907477,-0.1767660071042443
10.038498704382619,275.34995,8.604686,0.1,-47.70794639444529,-0.27809141130348874,0.015779754320723736
6.724020832733252,275.44995,8.607811,0.1,-47.73570268774893,-0.2770344464973599,0.010569647903788264
-1.021818504902991,275.54996,8.610936,0.1,-47.7634141639155,-0.27719506857525056,-0.0016062207549719552
-2.2064079047578957,275.64996,8.614061,0.1,-47.7911510127113,-0.2775418990746358,-0.0034683049421705015
-1.3799724367765052,275.74997,8.62031,0.1,-47.81891604908976,-0.2777588202197935,-0.0021692114192530497
-0.534957256652433,275.84998,8.623435,0.1,-47.84669613608578,-0.2778429114216399,-0.0008409120059335516
-0.41220743406451277,275.94998,8.62656,0.1,-47.8744836674353,-0.27790770728730857,-0.0006479586470309733
-89.93538781826166,276.05,8.629685,0.1,-47.90298129645032,-0.2920448645201795,-0.1413715702221092
-88.88833791145225,276.15,8.632811,0.1,-47.93288441179648,-0.30601743349116256,-0.1397256876277551
7.4254661735939465,276.25,8.635936,0.1,-47.96342779426746,-0.30485020682577485,0.011672266479947041
5.746688135954736,276.35,8.639061,0.1,-47.993867648625724,-0.3039468712676913,0.009033355446227615
-0.9127502160450831,276.45,8.642185,0.1,-48.02426951007424,-0.3040903486421887,-0.0014347737235938336
0.3443669446178319,276.55002,8.645309,0.1,-48.05467583879865,-0.30403621678419634,0.000541318571857291
1.1933771260235062,276.65002,8.648435,0.1,-48.085070081440726,-0.303848626999152,0.0018758978224902249
1.3751007240269644,276.75003,8.65156,0.1,-48.1154441368258,-0.3036324716500931,0.002161553458379346
1.0706935843547853,276.85004,8.654685,0.1,-48.145798969199745,-0.3034641667823714,0.001683048652137341
0.2947409720698033,276.95004,8.65781,0.1,-48.17614306977847,-0.3034178357488795,0.0004633103280157102
-117.60331307643355,277.05005,8.660935,0.1,-48.207409171025425,-0.3219041798721491,-0.18486343847801592
-115.39443300936546,277.15005,8.664061,0.1,-48.24050654575677,-0.34004330489096785,-0.18139124748524715
11.319058161783616,277.25006,8.667185,0.1,-48.27442191326933,-0.3382640352525858,0.017792696118688514
8.213097584053939,277.35007,8.670309,0.1,-48.30818376548179,-0.3369729989349428,0.012910362984050556
-3.00288238140854,277.45007,8.673434,0.1,-48.34190466738848,-0.3374450291491626,-0.004720302071859541
-2.1505150121206498,277.55008,8.676559,0.1,-48.375666073034616,-0.3377830737119929,-0.0033804455779305803
-1.0445722188239017,277.6501,8.679685,0.1,-48.40945259084869,-0.3379472725002212,-0.001641987857815655
-0.5396584510522189,277.7501,8.68281,0.1,-48.44325156011204,-0.338032102693982,-0.000848301924966982
-0.3417081443382699,277.8501,8.685935,0.1,-48.47705745658093,-0.338085816608843,-0.0005371391406061774
-0.4879653718448367,277.9501,8.68906,0.1,-48.51086987396745,-0.33816252104469763,-0.0007670443471164133
-144.4822971329122,278.0501,8.692184,0.1,-48.545821702366354,-0.36087403651691546,-0.22711515133789908
-140.59726947194576,278.15012,8.695309,0.1,-48.583014147509566,-0.3829748552630779,-0.22100818416834594
2.5319343747815934,278.25012,8.698434,0.1,-48.62129173356733,-0.3825768544846532,0.003980007724940578
1.9533740674165756,278.35013,8.701559,0.1,-48.65953406681018,-0.3822697989751858,0.003070555048918753
1.9794860483031158,278.4499,8.701559,0.1,-48.697745489271405,-0.3819586388614196,0.0031116010912953036
3.852342923560598,278.5499,8.704684,0.1,-48.73591107577953,-0.38135307992687245,0.006055589255236494
0.9590097420800419,278.6499,8.707809,0.1,-48.774038846889404,-0.3812023309075983,0.0015074901702778467
-1.5597104322477584,278.7499,8.710935,0.1,-48.81217133927776,-0.3814475054951922,-0.00245174583940469
-1.9427995229755197,278.8499,8.71406,0.1,-48.85033136005949,-0.3817528987669013,-0.003053932671584522
-1.2715166771769049,278.94992,8.720308,0.1,-48.888516644141525,-0.38195277149359474,-0.001998727237150999
-153.65553520354302,279.04993,8.7234335,0.1,-48.92791959580571,-0.406106250047143,-0.24153478193633393
-153.22247907021665,279.14993,8.726559,0.1,-48.96973449170508,-0.43019165547846416,-0.24085405072420663
2.2259470714027465,279.24994,8.729684,0.1,-49.01273616279833,-0.429841753571063,0.003499019021871764
2.277414301506728,279.34995,8.732809,0.1,-49.055702439187506,-0.42948376140751277,0.0035799215821574384
1.8499482661048772,279.44995,8.735934,0.1,-49.098636276079915,-0.4291929636454188,0.0029079775776072237
-4.866159294440422,279.54996,8.739059,0.1,-49.14159381924147,-0.42995788678340224,-0.007649231265851791
-1.2977588388487646,279.64996,8.742184,0.1,-49.18459980845037,-0.43016188457782134,-0.002039977913793102
-1.4360924707737617,279.74997,8.745308,0.1,-49.227627284688644,-0.4303876273644238,-0.002257427832386694
-3.1955778529146284,279.84998,8.748433,0.1,-49.270691164090444,-0.4308899478375153,-0.0050232046560631525
-1.6641268430576703,279.94998,8.751558,0.1,-49.313793238919025,-0.43115153588874255,-0.0026158804732930056
-171.54022369387417,280.05,8.7546835,0.1,-49.35825663393138,-0.4581163511072269,-0.2696481481667734
-170.8241904179282,280.15,8.757809,0.1,-49.40541088275711,-0.48496861135428593,-0.2685225984692915
0.8811145560889706,280.25,8.760934,0.1,-49.4539008193906,-0.4848301068643206,0.0013850448790143678
7.998277660939884,280.35,8.764059,0.1,-49.50232096738536,-0.48357283860064937,0.012572682449364964
4.899382845124052,280.45,8.767183,0.1,-49.55063974468409,-0.4828026929738188,0.007701456153545496
-10.019935888947444,280.55002,8.770308,0.1,-49.5989987675782,-0.4843777504963547,-0.01575057499065717
-2.194517323518369,280.65002,8.773433,0.1,-49.64745379141941,-0.4847227118870314,-0.003449613855364023
-0.8962034696713914,280.75003,8.776558,0.1,-49.695933107148115,-0.48486358823916315,-0.0014087635003250706
-0.9040853886459708,280.85004,8.779683,0.1,-49.74442657246112,-0.48500570356886025,-0.0014211532757942265
-0.9676586189693381,280.95004,8.782808,0.1,-49.792934748968676,-0.4851578121256361,-0.0015210855450925784
-187.18387756248558,281.05005,8.7859335,0.1,-49.84292172484251,-0.514581690453784,-0.29423877889697975
-196.45678803047485,281.15005,8.789059,0.1,-49.8959239701352,-0.5454631996041529,-0.30881508690198606
1.2595039552811613,281.25006,8.792183,0.1,-49.95046039168735,-0.5452652151857479,0.0019798441545486917
10.614111131990274,281.35007,8.795307,0.1,-50.00490349115017,-0.5435967578454256,0.01668457315460362
3.438873379524125,281.45007,8.798432,0.1,-50.059236139510595,-0.5430561931706114,0.005405646667591516
-0.8187875603221073,281.55008,8.801558,0.1,-50.11354819499504,-0.543184900332068,-0.0012870715953877522
-0.7451596356740993,281.64984,8.801558,0.1,-50.1678725425084,-0.5433020337451623,-0.0011713341134888808
-1.8545956094508256,281.74985,8.804683,0.1,-50.22221732310717,-0.5435935620341955,-0.0029152828468912754
-3.05692574483885,281.84985,8.807808,0.1,-50.2766007063919,-0.544074087453081,-0.004805254117250906
-1.9224196050168985,281.94986,8.810933,0.1,-50.33102322543337,-0.5443762771570781,-0.0030218969949426405
-203.1129312779376,282.04987,8.814058,0.1,-50.38705724418993,-0.576304081274719,-0.31927803641879493
2.648583134485623,282.14987,8.820309,0.1,-50.44466683632215,-0.5758877442006829,0.0041633706783215565
2.7517440065144356,282.24988,8.820309,0.1,-50.50223398394121,-0.5754551910241367,0.004325531701006711
2.846286776106375,282.34988,8.823436,0.1,-50.55975713317183,-0.5750077764450727,0.004474145723969156
-2.654596190129464,282.4499,8.826562,0.1,-50.617278775787504,-0.5754250587256081,-0.004172822743174165
-2.7819632339844134,282.5499,8.829688,0.1,-50.67484314768828,-0.5758623621342994,-0.004373034021750164
-2.624725704118333,282.6499,8.832813,0.1,-50.73245001410351,-0.576274949002188,-0.004125868617405291
-11.72910722130564,282.7499,8.835938,0.1,-50.79016969617502,-0.5781186752262176,-0.018437261965559268
4.567005093227124,282.8499,8.839064,0.1,-50.84794566963964,-0.5774007768476979,0.00717898367822225
0.6999172098496729,282.94992,8.842188,0.1,-50.90568024710229,-0.5772907551989823,0.0011002164707609565
-216.3838602960941,283.04993,8.845312,0.1,-50.965110018156366,-0.611304648171158,-0.3401389246532924
-213.9056299980384,283.14993,8.848437,0.1,-51.02792170061271,-0.6449289822362918,-0.3362433356409214
-4.062918107384917,283.24994,8.8515625,0.1,-51.092446532785225,-0.6455676419841593,-0.006386597383507539
3.8684423064488556,283.34995,8.854688,0.1,-51.15697289346342,-0.6449595523493753,0.006080896257226848
0.2698983780324511,283.44995,8.857813,0.1,-51.22146672836103,-0.6449171263822482,0.0004242596649491552
-1.3014324091096512,283.54996,8.860938,0.1,-51.285968670722994,-0.6451217016339024,-0.0020457524860577176
-2.4470264458263387,283.64996,8.864063,0.1,-51.35050007454295,-0.6455063555332945,-0.003846538936603688
-2.5608573483360715,283.74997,8.8671875,0.1,-51.415070838420924,-0.6459089027826325,-0.00402547243339496
-2.9015498639138997,283.84998,8.870312,0.1,-51.479684534737764,-0.6463650042977341,-0.0045610150830523635
0.5962675926109,283.94998,8.873437,0.1,-51.54431634969467,-0.6462712755785492,0.0009372871778826467
-221.2445970795918,284.05,8.876562,0.1,-51.610682376428095,-0.6810492393113333,-0.3477796321455205
-224.06249797977023,284.15,8.879687,0.1,-51.680548347213744,-0.7162701555799198,-0.3522091574375394
13.357699982990141,284.25,8.8828125,0.1,-51.75207037740807,-0.7141704269913174,0.02099728557314023
9.634411568054318,284.35,8.885938,0.1,-51.823411698368325,-0.7126559709525109,0.01514456016239391
-3.580619755306884,284.45,8.889063,0.1,-51.894705438832155,-0.7132188170768217,-0.005628461159237404
-2.4393316677865187,284.55002,8.895311,0.1,-51.966046493819846,-0.7136022614157765,-0.003834443332410618
-2.3079728564050583,284.65002,8.898437,0.1,-52.03742486081181,-0.7139650571511563,-0.0036279572997375466
-4.537520390727877,284.75003,8.901562,0.1,-52.10885703077175,-0.7146783207592557,-0.007132635974710109
-4.434537626529163,284.84998,8.901562,0.1,-52.18035971768829,-0.7153753962620379,-0.006970754923949474
-16.106638192529317,284.94998,8.904687,0.1,-52.252023850418134,-0.7179072369772955,-0.025318406775301724
-233.30677828510852,285.05,8.907812,0.1,-52.325648277545326,-0.7545812836248312,-0.3667404610104988
-235.28934513427333,285.15,8.910937,0.1,-52.402955691611766,-0.7915669746645384,-0.36985690488577405
0.5786649676947206,285.25,8.9140625,0.1,-52.482107842171644,-0.7914760129437752,0.000909617194077609
-2.010808651503794,285.35,8.920311,0.1,-52.561271248835055,-0.7917920967319385,-0.003160837834532261
-5.7840966600033425,285.45,8.923436,0.1,-52.64049592048343,-0.792701312624773,-0.009092158792860532
-4.6404214150541065,285.55002,8.926561,0.1,-52.71980252487089,-0.793430751489305,-0.007294388536625548
-3.629819380294066,285.65002,8.929687,0.1,-52.79917413019906,-0.7940013314195304,-0.005705799217231129
-2.20797766841838,285.75003,8.932812,0.1,-52.87859161838714,-0.7943484086737941,-0.003470772490917928
0.3046618367498013,285.85004,8.935937,0.1,-52.95802406591227,-0.7943005181560182,0.00047890517062212186
-1.827011572343622,285.95004,8.939062,0.1,-53.03746847852612,-0.7945877104447387,-0.002871922844410489
-231.03530119021525,286.05005,8.942186,0.1,-53.118743100170065,-0.8309046982123344,-0.36316987226430325
-222.54734984046198,286.15005,8.945311,0.1,-53.20358270858219,-0.8658874447460021,-0.3498274601238417
-1.1145070293338861,286.25006,8.948436,0.1,-53.29018021394755,-0.8660626367532093,-0.001751920045965675
-0.37020457162486764,286.35007,8.951561,0.1,-53.37678938858025,-0.8661208300891624,-0.0005819333508604024
-2.120546265597568,286.45007,8.954686,0.1,-53.463418139565256,-0.8664541637935426,-0.00333333699413131
-16.56060841508544,286.55008,8.957811,0.1,-53.55019371730631,-0.8690573651663901,-0.026032013340567546
-5.061958514650087,286.6501,8.960937,0.1,-53.63713924018266,-0.8698530664488763,-0.007957012706292572
-4.611592312468247,286.7501,8.964062,0.1,-53.724160793481744,-0.8705779735982957,-0.007249071386174237
5.696047547638045,286.8501,8.967186,0.1,-53.81117382337598,-0.8696825983545753,0.008953752303783076
-1.5714636879559354,286.9501,8.97031,0.1,-53.89815443561304,-0.8699296204643512,-0.0024702210609497907
-224.35301699244883,287.0501,8.973435,0.1,-53.986910728164155,-0.9051962041066046,-0.35266583116740363
-228.14548234956783,287.15012,8.976561,0.1,-54.07922348646438,-0.9410589343865102,-0.3586272974550933
1.2190700303308404,287.25012,8.979686,0.1,-54.173319799879486,-0.94086730587281,0.0019162851084474962
1.4680576376670391,287.35013,8.982811,0.1,-54.267394993495245,-0.9406365384056973,0.0023076746367396836
-25.66972553636083,287.45013,8.985936,0.1,-54.36166040299697,-0.9446716235355408,-0.04035085069716051
-8.662721570406404,287.55014,8.989061,0.1,-54.45619565244821,-0.9460333373155814,-0.01361713759749438
-5.201274632925333,287.65015,8.992186,0.1,-54.550839867625776,-0.946850938029614,-0.008176007018493909
-0.6147677850532318,287.75015,8.99531,0.1,-54.645529794680144,-0.9469475748379921,-0.0009663680693807605
-2.625953208676492,287.85016,8.998435,0.1,-54.74024519256643,-0.9473603546602378,-0.004127798160948178
-3.235087731231033,287.95016,9.00156,0.1,-54.83500665600074,-0.9478688857849489,-0.005085311171333445
-3.1558899532719806,288.04993,9.00156,0.1,-54.929818350083934,-0.9483649676228256,-0.004960818304845803
-428.51234162110813,288.14993,9.004685,0.1,-55.028022791950384,-1.015723840438997,-0.6735887181244586
-16.13004242701794,288.24994,9.007811,0.1,-55.12972195349384,-1.0182593601214653,-0.02535519644686226
2.511105996981314,288.34995,9.010936,0.1,-55.231528154687204,-1.0178646334052202,0.003947267103631922
0.29692062952381093,288.44995,9.014061,0.1,-55.333312285861474,-1.0178179597461956,0.0004667365832895749
-4.755324248139914,288.54996,9.020309,0.1,-55.43513145838901,-1.0185654604599867,-0.007475007026525596
-5.231632874019965,288.64996,9.023435,0.1,-55.5370291245933,-1.0193878332580464,-0.008223727858052662
-5.901658384467282,288.74997,9.02656,0.1,-55.639014294223784,-1.0203155289575914,-0.009276956857211697
7.665525228681872,288.84998,9.029685,0.1,-55.74098560053311,-1.019110566839127,0.012049621005091198
0.605960625437632,288.94998,9.03281,0.1,-55.84289189611604,-1.0190153144490883,0.0009525238861926019
890.2372687956376,289.05,9.035935,0.1,-55.93779650343291,-0.8790768036044168,1.3993850875942526
915.4027782098055,289.15,9.039061,0.1,-56.01850946814383,-0.7351824665598037,1.4389433490042045
20.172232060038368,289.25,9.042185,0.1,-56.09186916983935,-0.7320115454875891,0.0317092102496425
-5.814682184351852,289.35,9.045309,0.1,-56.165116026664776,-0.732925569191645,-0.009140236904359346
-4.856739453582122,289.45,9.048434,0.1,-56.238446756797195,-0.7336890116024691,-0.007634423994479689
-0.12619633112058182,289.55002,9.051559,0.1,-56.31181665090579,-0.7337088487035096,-0.00019837100744856398
1.2346540595672106,289.65002,9.054685,0.1,-56.385177832959094,-0.7335147704992373,0.0019407820138034274
1.0572278542824556,289.75003,9.05781,0.1,-56.45852100169404,-0.7333485823416106,0.0016618815515032812
-0.12722847237466794,289.85004,9.060935,0.1,-56.53185686098828,-0.7333685816873864,-0.0001999934547779293
-0.545872709552043,289.95004,9.06406,0.1,-56.60519801060128,-0.7334543887152013,-0.0008580702653633287
-2.872547730705719,290.05005,9.067184,0.1,-56.678566027696114,-0.7339059313160958,-0.004515425941659917
-3.4959905223275882,290.15005,9.070309,0.1,-56.75198409907445,-0.7344554743702565,-0.005495430459718406
-2.227076110337748,290.25006,9.073434,0.1,-56.82544715157535,-0.7348055537539696,-0.0035007937849650815
0.4028794980636121,290.35007,9.076559,0.1,-56.89892454156638,-0.7347422241687174,0.0006332958430850621
0.24675432757038607,290.45007,9.079684,0.1,-56.972396825683134,-0.734703436269856,0.0003878789828339724
-1.5930084192177674,290.55008,9.082809,0.1,-57.04587969084396,-0.7349538450471137,-0.002504087735263281
-2.675629669466028,290.6501,9.085935,0.1,-57.11939610587331,-0.7353744336302264,-0.004205885768454639
-2.849400712517877,290.7501,9.08906,0.1,-57.192955945535765,-0.7358223376963513,-0.004479040594506162
-2.605326662824524,290.8501,9.092184,0.1,-57.26655865727649,-0.7362318751828607,-0.004095374804068418
-1.8224224105801594,290.9501,9.095308,0.1,-57.340196169437434,-0.7365183460903431,-0.0028647090321365595
7.183246322247669,291.0501,9.0984335,0.1,-57.413791547565545,-0.7353891945387284,0.011291515347890033
8.705958009163425,291.15012,9.101559,0.1,-57.487262042603284,-0.734020684320181,0.013685101981550228
8.690420898420157,291.24988,9.101559,0.1,-57.5605958087329,-0.7326546164169763,0.013660678828486953
-7.941194845808923,291.34988,9.104684,0.1,-57.633923686231284,-0.7339029116973494,-0.012482952617721055
-5.407103697628159,291.4499,9.107809,0.1,-57.707356476268934,-0.7347528671709643,-0.008499554609495434
-2.011469981388558,291.5499,9.110934,0.1,-57.78084757346834,-0.735069054915143,-0.0031618773946710667
-1.2932032130690345,291.6499,9.114059,0.1,-57.85436464413959,-0.7352723365999249,-0.00203281681752779
-1.5139744411503315,291.7499,9.120308,0.1,-57.92790377815732,-0.7355103218384423,-0.0023798523497121403
-2.1480379756224295,291.8499,9.123433,0.1,-58.001471694196994,-0.7358479770300218,-0.0033765518654804987
-2.430958677253738,291.94992,9.126558,0.1,-58.07507559940522,-0.7362301051987066,-0.003821281629906304
13.824267388962028,292.04993,9.1296835,0.1,-58.14858995754917,-0.7340570357713313,0.02173069394994059
21.150149583917255,292.14993,9.132809,0.1,-58.221829430105124,-0.7307323935207103,0.03324642201079981
-0.2690444595974242,292.24994,9.135934,0.1,-58.294904785132985,-0.7307746852583703,-0.00042291737029818527
-7.207629170541452,292.34995,9.139059,0.1,-58.36803890396608,-0.7319076696078244,-0.011329843325712793
-5.206181083161942,292.44995,9.142183,0.1,-58.44127059061663,-0.7327260415784239,-0.008183719584047833
-12.045660021031722,292.54996,9.145308,0.1,-58.514637870163256,-0.734619527488944,-0.018934858823048933
-5.973287527805354,292.64996,9.148433,0.1,-58.588146771770255,-0.7355584827436695,-0.009389552407339647
-1.7547005900713657,292.74997,9.151558,0.1,-58.66171641241858,-0.7358343082973279,-0.0027582554954822818
13.759480379069242,292.84998,9.154683,0.1,-58.73519170007301,-0.7336714228939248,0.021628853711734838
-9.907241712208119,292.94998,9.157808,0.1,-58.80863671059968,-0.7352287657511388,-0.015573428340078193
16.573856290789934,293.05,9.1609335,0.1,-58.882029324076534,-0.7326234819132419,0.026052837990751258
34.93328617395491,293.15,9.164059,0.1,-58.95501711104396,-0.7271322356832256,0.054912461481903006
4.613649370924122,293.25,9.167183,0.1,-59.027694074170086,-0.7264070051799014,0.00725230492517374
-10.688927461139087,293.35,9.170307,0.1,-59.1004187866666,-0.7280872230767124,-0.0168021787177374
-6.136536129493564,293.45,9.173432,0.1,-59.17327574089443,-0.7290518397668984,-0.009646166758120705
-0.03375898508755881,293.55002,9.176558,0.1,-59.24618119129025,-0.7290571464219513,-5.3066549738765614e-5
0.36144017095061276,293.65002,9.179683,0.1,-59.31908406623683,-0.729000330782958,0.000568156381466787
-0.6513764304600045,293.75003,9.182808,0.1,-59.39198921997192,-0.7291027221912634,-0.001023914067795958
-0.94524119083394,293.85004,9.185933,0.1,-59.464906922513,-0.729251306899263,-0.0014858470578549773
-1.4375224205205086,293.95004,9.189058,0.1,-59.537843352667956,-0.7294772744630627,-0.00225967560432542
34.521332096408514,294.05005,9.192183,0.1,-59.61051975668772,-0.7240507842730022,0.054264901091994854
48.11528684568975,294.15005,9.195307,0.1,-59.68254666837698,-0.7164874280464548,0.07563356113844612
4.026989974457993,294.25006,9.198432,0.1,-59.754163761642836,-0.7158544159271415,0.006330121098807552
-7.898925358265842,294.35007,9.201557,0.1,-59.825811286845145,-0.7170960667663658,-0.012416508207223545
-7.889243466946709,294.44983,9.201557,0.1,-59.89758290103725,-0.7183361956860965,-0.012401289012513767
-5.18264216643297,294.54984,9.204682,0.1,-59.96945725526849,-0.7191508675184639,-0.00814671820227777
-0.21095816486446603,294.64984,9.207808,0.1,-60.04137400114273,-0.7191840285334836,-0.0003316101452559522
-0.16241743106076356,294.74985,9.210933,0.1,-60.113293681606855,-0.7192095593152589,-0.0002553078139486153
-0.2509147000223493,294.84985,9.214058,0.1,-60.185216610704,-0.719249001192948,-0.0003944187710142533
-1.5721503640401693,294.94986,9.220308,0.1,-60.25715386839775,-0.7194961312429686,-0.0024713004633809925
-1.5653112579402197,295.04987,9.220308,0.1,-60.3291157853441,-0.7197421862376566,-0.0024605499102147653
88.82967966624165,295.14987,9.223435,0.1,-60.40039183761286,-0.7057788378955681,0.13963348134018505
10.039376274501876,295.24988,9.226562,0.1,-60.470890816782784,-0.7042007244926505,0.01578113379401839
-8.765664356712662,295.34988,9.229688,0.1,-60.541379785062475,-0.7055786200937885,-0.013778955806057213
-6.359094440681176,295.4499,9.232813,0.1,-60.61198762818198,-0.7065782212535483,-0.009996011448646237
-0.927835472878769,295.5499,9.235938,0.1,-60.68265274379342,-0.706724069915399,-0.0014584865967744278
0.22280948498192288,295.6499,9.239063,0.1,-60.753323400640426,-0.7066890459632198,0.00035023951657300726
0.8288330570065838,295.7499,9.2421875,0.1,-60.823985791977854,-0.7065587597262785,0.0013028623499994432
1.2514196873718006,295.8499,9.245312,0.1,-60.89463183332153,-0.7063620460931485,0.001967136301987339
0.8981895725775004,295.94992,9.248437,0.1,-60.96526097955569,-0.7062208575407833,0.0014118855026121649
53.08844811003502,296.04993,9.251562,0.1,-61.03546581139298,-0.6978757582824435,0.08345099133988125
63.87834169643827,296.14993,9.254687,0.1,-61.10475132884065,-0.6878345700222397,0.10041188110578449
7.388548112030737,296.24994,9.2578125,0.1,-61.17347671569558,-0.6866731465946398,0.011614234102933288
-8.682145684562155,296.34995,9.260938,0.1,-61.24221226973442,-0.6880379136973223,-0.013647670823457901
-5.007739835654663,296.44995,9.264063,0.1,-61.31105542105597,-0.6888250922168726,-0.007871785078204276
0.9760658728859058,296.54996,9.267187,0.1,-61.37993025979832,-0.688671662103884,0.001534301107022916
0.9092585017964829,296.64996,9.270311,0.1,-61.44879028060962,-0.6885287336002431,0.0014292850151102607
-0.41605517020164245,296.74997,9.273437,0.1,-61.517646425030705,-0.6885941343006946,-0.0006540069947693029
-0.9233366712594604,296.84998,9.276562,0.1,-61.58651309656119,-0.6887392757852329,-0.0014514148237552839
-2.4975566251780172,296.94998,9.279687,0.1,-61.65540665500922,-0.6891318726435406,-0.003925968524576189
59.53389633354564,297.05,9.282812,0.1,-61.72385192956477,-0.6797735980692036,0.09358274434887842
73.74923603806616,297.15,9.285937,0.1,-61.791249649496606,-0.6681807804813024,0.1159281741515472
5.814178684344569,297.25,9.2890625,0.1,-61.85802203131184,-0.6672668359236085,0.009139445440750155
-7.436292299586597,297.35,9.295311,0.1,-61.92480716232187,-0.6684357643734561,-0.011689284324292096
0.3126089442340003,297.45,9.298436,0.1,-61.991648282768104,-0.6683866246309782,0.0004913974174564315
0.6972617039697298,297.55002,9.301561,0.1,-62.05848146601592,-0.6682770204075394,0.0010960422180547778
0.6973564501041452,297.64996,9.301561,0.1,-62.125303688096565,-0.6681674012907308,0.0010961911517517319
1.191242040810721,297.74997,9.304687,0.1,-62.19211106651285,-0.6679801471248025,0.0018725416313800092
-0.79388437313537,297.84998,9.307812,0.1,-62.25891532184931,-0.6681049396951132,-0.001247925684511841
-1.2281163328013918,297.94998,9.310937,0.1,-62.32573546934069,-0.6682979902185863,-0.0019305052059640636
70.7702135676976,298.05,9.314062,0.1,-62.39200904245162,-0.6571734522488145,0.11124537804003219
6.214460106152501,298.15,9.320311,0.1,-62.45767754536778,-0.6561965865036463,0.009768657306118186
-6.469688636954061,298.25,9.323436,0.1,-62.52334805428292,-0.6572135722278105,-0.010169857090098792
-4.798380482571645,298.35,9.326561,0.1,-62.589107125926866,-0.6579678410533626,-0.007542688143126385
-0.37515757260541704,298.45,9.329686,0.1,-62.65490685960819,-0.6580268129633047,-0.0005897190906333479
0.5622625720440304,298.55002,9.332811,0.1,-62.72070512271553,-0.6579384295740741,0.0008838338791356843
0.43486863345424354,298.65002,9.335937,0.1,-62.78649554875162,-0.6578700715406467,0.0006835803240877996
-0.1824443095815127,298.75003,9.339062,0.1,-62.852283990828724,-0.6578987503950261,-0.00028678853952070037
-1.1259052423867573,298.85004,9.342186,0.1,-62.918082716034675,-0.658075734114417,-0.0017698371675359602
-1.5080741843847534,298.95004,9.34531,0.1,-62.983902143315056,-0.6583127918775588,-0.00237057759609292
79.60222238150982,299.05005,9.348435,0.1,-63.049107780353765,-0.6457999294638509,0.12512862227251673
89.52651041550507,299.15005,9.351561,0.1,-63.112984130010844,-0.6317270446411175,0.1407288461303107
5.434326168046091,299.25006,9.354686,0.1,-63.176114123683746,-0.6308728100027167,0.008542346256717605
-6.618217932819775,299.35007,9.357811,0.1,-63.239253422294716,-0.6319131433996966,-0.010403333814777534
-3.6248412722420325,299.45007,9.360936,0.1,-63.302473227447216,-0.6324829408092929,-0.005697974011056742
-0.5099921312485094,299.55008,9.364061,0.1,-63.3657255308144,-0.6325631076837779,-0.0008016687329042903
0.36062721026755185,299.6501,9.367186,0.1,-63.42897900813294,-0.6325064198360054,0.0005668784692780342
0.5608391474236214,299.7501,9.37031,0.1,-63.4922252430771,-0.632418260198272,0.0008815963641978862
0.25940090081485323,299.8501,9.373435,0.1,-63.55546503124709,-0.6323774843545231,0.000407758431412235
0.7799477534272228,299.9501,9.37656,0.1,-63.61869665053277,-0.6322548825145676,0.0012260183812853231
92.81029575448702,300.0501,9.379685,0.1,-63.68119268617348,-0.6176658116744904,0.14589070622683162
101.92169756429519,300.15012,9.382811,0.1,-63.742158202562756,-0.6016444979417999,0.16021313493954348
7.092803384531692,300.25012,9.385936,0.1,-63.80226690652206,-0.6005295633303921,0.011149345947939863
-5.972964554018745,300.35013,9.389061,0.1,-63.86236680897494,-0.6014684678161009,-0.00938904471718051
-3.0401121611846627,300.45013,9.392185,0.1,-63.92253755077575,-0.6019463502678347,-0.0047788244461290505
1.4142616124141227,300.55014,9.395309,0.1,-63.98272107114223,-0.6017240391257122,0.0022231113880985436
2.2318555444990125,300.65015,9.398435,0.1,-64.04287593441747,-0.6013732084513908,0.003508306690936161
1.88478903552034,300.75015,9.40156,0.1,-64.10299844243524,-0.6010769339859958,0.0029627446098010883
1.8960262076663454,300.8499,9.40156,0.1,-64.16309123468614,-0.6007788931228198,0.002980408587348471
2.199444084601332,300.94992,9.404685,0.1,-64.22315183810139,-0.6004331572828661,0.003457358348019296
98.78644512948597,301.04993,9.40781,0.1,-64.28241873091505,-0.5849046813275053,0.15528475723968474
110.17716601255233,301.14993,9.410935,0.1,-64.34004324938512,-0.567585670900385,0.17319010169046922
7.587088466038182,301.24994,9.414061,0.1,-64.39674218569716,-0.5663930384429499,0.011926324396636193
-5.2206995828089475,301.34995,9.420309,0.1,-64.45342252309446,-0.5672136926109943,-0.008206541558157891
1.5782146027723982,301.44995,9.423434,0.1,-64.51013148903549,-0.5669656093088831,0.002480832984144781
2.059959140920281,301.54996,9.426559,0.1,-64.56681186031746,-0.5666417994385423,0.003238098655156454
1.4447956396716959,301.64996,9.429685,0.1,-64.62346468556258,-0.5664146885801483,0.0022711085500981194
0.4443728125678206,301.74997,9.43281,0.1,-64.68010266266367,-0.566344836562231,0.0006985201687646659
-0.2082193376348762,301.84998,9.435935,0.1,-64.73673878368845,-0.566377567054493,-0.00032730491774310037
-0.6526920305474277,301.94998,9.43906,0.1,-64.79338167114848,-0.566480165265101,-0.001025982090791747
107.07502984035818,302.05,9.442184,0.1,-64.84918811959288,-0.5496487869913296,0.1683137802296433
118.71243360461085,302.15,9.445309,0.1,-64.90321996462647,-0.5309880975777641,0.18660689135499525
7.236746324218075,302.25,9.448434,0.1,-64.95626189710744,-0.5298505362337622,0.011375613270508947
-7.765015813165519,302.35,9.451559,0.1,-65.00930798158525,-0.5310711375135196,-0.012206012615690476
-4.780210163812029,302.45,9.454684,0.1,-65.06245266675802,-0.5318225501035063,-0.00751412578789783
2.1325890070033893,302.55002,9.457809,0.1,-65.11561816122402,-0.5314873233719997,0.0033522672651138527
2.449728243404973,302.65002,9.460935,0.1,-65.16874764042284,-0.5311022447706286,0.0038507859563295123
1.5677556191025772,302.75003,9.46406,0.1,-65.22184554372964,-0.5308558055410035,0.002464392259529039
0.5747975670075363,302.85004,9.467184,0.1,-65.27492660738497,-0.5307654517461405,0.0009035379351664208
-0.11725056703967596,302.95004,9.470308,0.1,-65.32800407489526,-0.5307838826412764,-0.00018430894861239352
115.07062602355654,303.05005,9.4734335,0.1,-65.38017805268537,-0.5126956576116892,0.18088224760051658
126.96327961817224,303.15005,9.476559,0.1,-65.43044973622082,-0.49273799811518343,0.19957659199113523
7.563162032561422,303.25006,9.479684,0.1,-65.47966409319547,-0.49154912671065837,0.011888713868094751
-7.8678315909833145,303.35007,9.482809,0.1,-65.52888084475673,-0.4927858898467472,-0.012367631176596464
-4.822607599783396,303.45007,9.485934,0.1,-65.57819733833345,-0.49354396699040004,-0.007580771323565898
1.982791539169142,303.55008,9.489059,0.1,-65.62753615178211,-0.4932322872786732,0.003116797070824844
2.071877876190136,303.6501,9.492184,0.1,-65.67684309707448,-0.492906603874025,0.0032568339979512835
0.8867498714306589,303.7501,9.495308,0.1,-65.72612678868035,-0.4927672135554557,0.001393903164922481
8.281729173936682,303.8501,9.498433,0.1,-65.77533841953519,-0.4914653888751798,0.013018246608772006
5.841111220202901,303.9501,9.501558,0.1,-65.82443905024701,-0.49054721072820207,0.009181781332958123
5.849690386066655,304.04987,9.501558,0.1,-65.87344779571379,-0.48962768400176426,0.009195267127357605
246.7373339353075,304.14987,9.5046835,0.1,-65.9204713034351,-0.45084245641024495,0.3878522701357441
17.097060788242743,304.24988,9.507809,0.1,-65.96542117336614,-0.44815492881463637,0.026875275555613285
-4.97159250340934,304.34988,9.510934,0.1,-66.01027574173771,-0.448936425249171,-0.007814964228894234
-4.262203219657749,304.4499,9.514059,0.1,-66.0552028842245,-0.4496064110971946,-0.006699858380400455
1.8062276274227904,304.5499,9.520308,0.1,-66.10014932974342,-0.4493224858861439,0.0028392520681994014
13.025494064113445,304.6499,9.523433,0.1,-66.1449792035825,-0.4472749775350117,0.020475083206218977
4.460435246859243,304.7499,9.526558,0.1,-66.1896716446814,-0.44657383112377574,0.007011464007880682
1.3620055444919164,304.8499,9.529683,0.1,-66.23431832361473,-0.4463597342370927,0.002140968834927772
0.5976802099772911,304.94992,9.532808,0.1,-66.2789496001649,-0.44626578346522855,0.0009395077046414048
130.16295036629242,305.04993,9.5359335,0.1,-66.3225531479941,-0.4258051601237121,0.20460623036629383
143.4439370919854,305.14993,9.539059,0.1,-66.36400624996462,-0.4032568669327233,0.22548292854993096
8.893671275602902,305.24994,9.542183,0.1,-66.40426203639211,-0.4018588496199527,0.013980172919385019
-6.782828120604712,305.34995,9.545307,0.1,-66.44450123239689,-0.4029250584833458,-0.010662088475053627
-3.246177726612277,305.44995,9.548432,0.1,-66.48481925256537,-0.40343533287077266,-0.005102743798231887
-0.7220038574772654,305.54996,9.551558,0.1,-66.52516846112877,-0.4035488263720908,-0.001134934996269123
2.898123499260591,305.64996,9.554683,0.1,-66.56550056622115,-0.40309326345538754,0.004555629099148334
2.842216082176107,305.74997,9.557808,0.1,-66.60578755443215,-0.40264648875837156,0.004467746903585143
2.3441027845814126,305.84998,9.560933,0.1,-66.64603378015347,-0.402278013673763,0.0036847507911785884
1.5645844630113963,305.94998,9.564058,0.1,-66.68624928508271,-0.4020320729256962,0.0024594074440197583
135.3315545944247,306.05,9.567183,0.1,-66.72538883853265,-0.38075898440867795,0.2127308820002452
147.4798119406073,306.15,9.570307,0.1,-66.76230560242638,-0.35757628246390183,0.2318270159932693
7.751437247480993,306.25,9.573432,0.1,-66.79800230786306,-0.3563578156311373,0.012184668146080086
-7.46747498226847,306.35,9.576557,0.1,-66.83369678146455,-0.35753164576094326,-0.011738301123145318
-4.132980351278803,306.45,9.579682,0.1,-66.86948243022381,-0.3581813187593459,-0.006496729887217629
1.480057920019461,306.55002,9.582808,0.1,-66.9052889299423,-0.35794866493934624,0.002326538165328661
1.8030310396240665,306.65002,9.585933,0.1,-66.94106962583282,-0.3576652422075244,0.0028342272759855555
1.0977215766994988,306.75003,9.589058,0.1,-66.97682752291331,-0.357492688745487,0.0017255345946613739
4.0739383651639525,306.85004,9.592182,0.1,-67.01254477271767,-0.356852296697123,0.006403920388214239
3.684885802824132,306.95004,9.595306,0.1,-67.0482010411211,-0.3562730607451419,0.005792359433497954
147.52761297234792,307.05005,9.598432,0.1,-67.08266883691411,-0.33308284484264566,0.231902155569351
155.36891335697146,307.15005,9.601557,0.1,-67.11475598144975,-0.3086600363074073,0.24422808171310156
155.5361754803107,307.24982,9.601557,0.1,-67.14439953047892,-0.2842109354417069,0.24449100501380425
7.936650849110066,307.34982,9.604682,0.1,-67.17275824539573,-0.2829633544429681,0.012475809801483918
-5.58470204992269,307.44983,9.607807,0.1,-67.20109847489135,-0.28384122702342596,-0.008778725673765189
-3.7410377179730308,307.54984,9.610932,0.1,-67.22951200114734,-0.2844292896283258,-0.005880625961370385
3.7455228061528825,307.64984,9.614058,0.1,-67.25792549215224,-0.28384052200176163,0.005887676177908635
3.7425802565004487,307.74985,9.620308,0.1,-67.28628012952092,-0.2832522169215667,0.005883050714285109
3.791359386581745,307.84985,9.620308,0.1,-67.31457555299534,-0.2826562441340502,0.005959727786358191
4.202292401775617,307.94986,9.623435,0.1,-67.34280814941323,-0.28199567580979445,0.00660568314412524
148.37273852034355,308.04987,9.626561,0.1,-67.3698415642373,-0.2586726126149991,0.23323062847254675
160.64772709392565,308.14987,9.629687,0.1,-67.39444619597518,-0.23342001480978875,0.25252597428917295
8.59761991211942,308.24988,9.6328125,0.1,-67.41772062378818,-0.232068534514049,0.013514802756011378
-2.1959076211961968,308.34988,9.635938,0.1,-67.4409447365824,-0.23241371444892003,-0.003451799297274696
0.1392788305153445,308.4499,9.639063,0.1,-67.46418501369509,-0.23239182087872512,0.0002189356986867314
12.98427038237763,308.5499,9.642187,0.1,-67.48732214471259,-0.2303507925760428,0.02041028272268623
6.193584309497748,308.6499,9.645311,0.1,-67.51030854510127,-0.22937720834693656,0.009735842145986964
3.585467023490181,308.7499,9.648437,0.1,-67.53321808587344,-0.22881360026902642,0.005636080695117375
2.8444990624919035,308.8499,9.651562,0.1,-67.55607708956276,-0.2283664667049119,0.004471335574517241
2.8246893273146156,308.94992,9.654687,0.1,-67.57889153559198,-0.22792244708012355,0.004440196181719419
155.42512292230276,309.04993,9.657812,0.1,-67.6004621984089,-0.2034908028297973,0.24431643886266372
165.4772126022726,309.14993,9.660937,0.1,-67.61951069117055,-0.1774790467261501,0.26011755716041834
8.168329993044729,309.24994,9.6640625,0.1,-67.63719439614698,-0.17619504753247342,0.012839991745436204
-5.593223814407054,309.34995,9.667187,0.1,-67.65485786177028,-0.17707425966933213,-0.00879212123757431
9.934075058003373,309.44995,9.670311,0.1,-67.67248720995718,-0.17551269881475584,0.01561560831307229
8.407533175496793,309.54996,9.673436,0.1,-67.68997240009371,-0.174191098704655,0.013216000904074729
7.495551565078166,309.64996,9.676561,0.1,-67.70733259804513,-0.17301285515010742,0.011782435369903654
5.448852399709654,309.74997,9.679687,0.1,-67.72459105791475,-0.1721563370988475,0.008565180384967964
4.3308512718601815,309.84998,9.682812,0.1,-67.74177265304074,-0.17147556030043987,0.006807767882632863
3.7540825697715405,309.94998,9.685937,0.1,-67.75889070366806,-0.17088544714430062,0.005901131473458649
164.28528676343376,310.05,9.689062,0.1,-67.7746880288954,-0.145061052694418,0.25824394065069184
5.921126244924665,310.15,9.695311,0.1,-67.78914759658537,-0.14413029679564615,0.009307558849024827
-2.3094496151563533,310.25,9.698436,0.1,-67.8035787778735,-0.14449332466624182,-0.00363027865186127
0.7770107662153407,310.35,9.701561,0.1,-67.81802200354694,-0.14437118449828237,0.0012214016613940934
0.8034955831823964,310.44995,9.701561,0.1,-67.83245280704284,-0.14424488111903502,0.0012630337736527738
4.5084935279458875,310.54996,9.704686,0.1,-67.84684186032882,-0.14353618031244317,0.007087007960313774
4.25227937833845,310.64996,9.707811,0.1,-67.86116205727866,-0.14286775441660843,0.006684258858744092
4.215691692278,310.74997,9.710937,0.1,-67.87541569920319,-0.14220507982605154,0.006626745806822731
3.5439832150598107,310.84998,9.714062,0.1,-67.8896083530403,-0.14164799268652423,0.005570871312260811
4.044131835945983,310.94998,9.72031,0.1,-67.90374136718509,-0.14101228599728685,0.00635706679764619
165.238461165309,311.05,9.723435,0.1,-67.91654388466569,-0.11503805979911744,0.2597422581112328
173.63467089211395,311.15,9.726561,0.1,-67.92668298847926,-0.08774401345064341,0.27294045941761047
8.73295034182604,311.25,9.729686,0.1,-67.93538875229368,-0.08637126024321042,0.01372753186977379
-1.50116150229519,311.35,9.732811,0.1,-67.94403767700399,-0.08660723138543493,-0.0023597113870827066
0.851172337599035,311.45,9.735936,0.1,-67.95269171038142,-0.0864734335839152,0.0013379779952598936
5.088854627508873,311.55002,9.739061,0.1,-67.96129905741076,-0.085673504437563,0.007999291344323258
5.881825033800197,311.65002,9.742186,0.1,-67.96982017907908,-0.0847489263895192,0.009245780342665082
5.858067314171848,311.75003,9.74531,0.1,-67.97824902966785,-0.08382808287385501,0.009208435019425431
4.777293621458099,311.85004,9.748435,0.1,-67.986594290373,-0.08307712874208853,0.0075095412057639595
3.9175208221397995,311.95004,9.75156,0.1,-67.99487121315039,-0.08246132433884794,0.006158043940643968
165.32971096035544,312.05005,9.754685,0.1,-68.00181791718929,-0.05647275436865138,0.25988569582936694
171.37651920157623,312.15005,9.757811,0.1,-68.00611823858421,-0.02953367224815529,0.26939081719072494
12.668812616551577,312.25006,9.760936,0.1,-68.00897203381419,-0.02754223150098366,0.019914407174968493
-1.152522368052205,312.35007,9.764061,0.1,-68.01173531539189,-0.027723399229580996,-0.0018116772589772457
1.8413493495777784,312.45007,9.767185,0.1,-68.01449318305204,-0.027433953151600778,0.0028944607366713586
4.788861934580439,312.55008,9.770309,0.1,-68.0171989397784,-0.02668118056921661,0.00752772571166981
4.758421731754169,312.6501,9.773435,0.1,-68.01982965849379,-0.025933192954618708,0.007479876034520195
1.9658154362574374,312.7501,9.77656,0.1,-68.02240752726777,-0.02562418175683152,0.003090111931825616
14.623893347538662,312.8501,9.779685,0.1,-68.02485500725336,-0.02332541722569208,0.02298764496885179
6.082205205862174,312.9501,9.78281,0.1,-68.02713974519581,-0.02236934094244287,0.009560762690025638
166.3211075462989,313.0501,9.785935,0.1,-68.02806945880619,0.003775069011942519,0.2614440956480333
172.8302870646142,313.15012,9.789061,0.1,-68.02633357171193,0.030942672355935126,0.27167602939163776
6.855364999722902,313.25012,9.792185,0.1,-68.02318542387404,0.03202028346365222,0.010776110916594346
-0.05336233093837661,313.35013,9.795309,0.1,-68.01998381488754,0.032011895312101545,-8.388151425681986e-5
3.3992494885344264,313.45013,9.798434,0.1,-68.01675590850317,0.03254623141337323,0.0053433609330946225
5.03152364827158,313.55014,9.801559,0.1,-68.01346173945507,0.033337148566922,0.007909171417631826
5.074284968192226,313.6499,9.801559,0.1,-68.01008814260275,0.034134787473919195,0.007976388951114506
5.665803543383515,313.7499,9.804685,0.1,-68.00663013274799,0.03502540859077289,0.008906211035824048
3.63075469756711,313.8499,9.80781,0.1,-68.00309905548855,0.0355961355457421,0.005707269464647121
1.993446674119443,313.94992,9.810935,0.1,-67.99952377414981,0.035909490163440735,0.0031335461302929198
165.0936180765558,314.04993,9.81406,0.1,-67.99463525216217,0.06186094813244615,0.2595145758229856
7.824276399886491,314.14993,9.820309,0.1,-67.98838766142622,0.06309086472459072,0.012299165738173884
0.6587331677292223,314.24994,9.823434,0.1,-67.9820733974681,0.06319441255590172,0.001035478297680222
2.58667409631715,314.34995,9.826559,0.1,-67.97573362584578,0.06360101800117679,0.004066054392161724
7.585209996943869,314.44995,9.829684,0.1,-67.96931390709118,0.06479335517759319,0.011923371586491944
6.815614417989153,314.54996,9.832809,0.1,-67.9627810033451,0.06586471779694879,0.010713626033910588
6.547201816737868,314.64996,9.835935,0.1,-67.95614307295624,0.06689388800195865,0.010291701896740304
5.372370128401888,314.74997,9.83906,0.1,-67.94941145927467,0.06773838362332489,0.008444956087822756
4.690433715069797,314.84998,9.842184,0.1,-67.94260075579001,0.06847568404008961,0.007373004057780856
4.625010908549626,314.94998,9.845308,0.1,-67.9357168364609,0.06920270049049994,0.0072701643957694614
164.23363873248945,315.05,9.8484335,0.1,-67.92750575250084,0.09501897626371991,0.258162753885275
172.87114722063234,315.15,9.851559,0.1,-67.91664515340018,0.12219300251269131,0.2717402584404686
4.561082720062068,315.25,9.854684,0.1,-67.90439000459497,0.12290996993930595,0.007169674159309881
-2.4296940138139482,315.35,9.857809,0.1,-67.89211810388684,0.1225280405660712,-0.003819293675435625
3.4149506085030055,315.45,9.860934,0.1,-67.87983845943738,0.1230648447636853,0.005368041896151003
5.036343283852148,315.55002,9.864059,0.1,-67.86749239103887,0.12385651952719896,0.007916747517167862
7.813785230854858,315.65002,9.867184,0.1,-67.85504532552766,0.12508478698756398,0.012282674420624171
8.558101754061454,315.75003,9.870308,0.1,-67.84246958322437,0.12643005533017193,0.013452683225618852
8.218240283854982,315.85004,9.873433,0.1,-67.82976198526646,0.127721900041012,0.01291844691590087
6.548094130397203,315.95004,9.876558,0.1,-67.81693832954777,0.12875121051092547,0.010293104545755459
164.0264474985761,316.05005,9.8796835,0.1,-67.80277402294107,0.15453491740194944,0.257837065068168
165.93252982095873,316.15005,9.882809,0.1,-67.78601636452622,0.18061824590070774,0.26083328110086434
3.1199277477508076,316.25006,9.885934,0.1,-67.76793001822398,0.18110867475407835,0.004904288460626394
-0.7054309779831067,316.35007,9.889059,0.1,-67.74982469489733,0.18099778638305317,-0.0011088836937281753
2.9813987634802936,316.45007,9.892183,0.1,-67.7317014833313,0.18146643953634117,0.004686531463045295
14.071860142602446,316.55008,9.895308,0.1,-67.7134442396496,0.18367842865676332,0.022119890874609374
5.463238594698533,316.6501,9.898433,0.1,-67.69503345753701,0.18453720810818477,0.008587794386246404
3.7822655893742336,316.7501,9.901558,0.1,-67.67655000928517,0.18513175142011792,0.005945433030737576
3.8095500262012933,316.84985,9.901558,0.1,-67.65800689225597,0.1857305836374841,0.005988322084428676
11.37852768975042,316.94986,9.904683,0.1,-67.63934440272439,0.187519201432224,0.01788617768087429
150.87088059900816,317.04987,9.907808,0.1,-67.61940669467998,0.21123495351415134,0.23715751728535095
156.41066825723647,317.14987,9.9109335,0.1,-67.59705387077236,0.23582151797662182,0.2458656409610213
14.469950756060797,317.24988,9.914059,0.1,-67.57335799032512,0.2380960839061501,0.022745658956346185
4.1833822277036905,317.34988,9.920307,0.1,-67.54951550178977,0.23875367969522654,0.006575957792774958
7.145112574729637,317.4499,9.923432,0.1,-67.52558397560277,0.23987683691249054,0.011231572005276427
6.867533068132339,317.5499,9.926558,0.1,-67.5015423153615,0.24095636074778348,0.010795238192067805
6.34630194722191,317.6499,9.929683,0.1,-67.47739679941306,0.24195395102511072,0.009975902624619738
5.486751253903863,317.7499,9.932808,0.1,-67.45315828017625,0.2428164264872818,0.00862475449319198
5.414762810860594,317.8499,9.935933,0.1,-67.42883407919368,0.2436675859150982,0.008511594151331474
5.511258815991155,317.94992,9.939058,0.1,-67.40442400384522,0.2445339137791661,0.008663278511586138
131.15867822526707,318.04993,9.942183,0.1,-67.37893975487913,0.2651510579479671,0.2061714386158163
131.8689513445379,318.14993,9.945307,0.1,-67.3513882089894,0.2858798516354838,0.20728793378633562
6.665756564747617,318.24994,9.948432,0.1,-67.32274783309371,0.286927657742934,0.010478060918366955
5.201837490703507,318.34995,9.951557,0.1,-67.29401418243171,0.2877453469339177,0.008176891787991684
5.378855885237417,318.44995,9.954682,0.1,-67.26519737155228,0.2885908620668064,0.008455151202895483
1.8188640690038085,318.54996,9.957808,0.1,-67.23632398933718,0.2888767736301244,0.0028591155905754702
0.5951219351192254,318.64996,9.960933,0.1,-67.20743163411211,0.2889703222606869,0.0009354862916857466
1.2939843268445959,318.74997,9.964058,0.1,-67.17852443123179,0.2891737267305986,0.002034044668806937
-1.902059725307133,318.84998,9.967182,0.1,-67.14962200759236,0.28887473744445336,-0.00298989281689963
-1.9311239042971238,318.94998,9.970306,0.1,-67.12074971131536,0.2885711794909771,-0.003035579489528812
108.06189951237047,319.05,9.973432,0.1,-67.09104326759052,0.30555768615258383,0.1698650640848804
110.07040312001973,319.15,9.976557,0.1,-67.05962238710133,0.32285991426703514,0.17302227856628047
2.7656169527902232,319.25,9.979682,0.1,-67.02731465849831,0.32329464816495856,0.004347338914453973
1.4095110033535718,319.35,9.982807,0.1,-66.99497411498078,0.32351621254755886,0.0022156437929872776
10.38455584253842,319.45,9.985932,0.1,-66.96254087459278,0.3251485855466742,0.0163237297479106
3.2375788650455206,319.55002,9.989058,0.1,-66.93000056941763,0.32565750825862666,0.005089227043689488
6.337904927820433,319.65002,9.992182,0.1,-66.89738500458927,0.3266537785885289,0.00996270315056653
8.116103294370305,319.75003,9.995306,0.1,-66.86465583676497,0.3279295681433879,0.012757895358482936
10.434782031499642,319.85004,9.998431,0.1,-66.8317808660521,0.3295698363164473,0.01640268148617484
8.820805213465235,319.95004,10.001556,0.1,-66.79875455376215,0.3309563996398332,0.013865633027244674
