forces,force_addedmass,force_inertia,force_drag,time,displacement,velocity,acceleration,enstrophy
-0.0,0.0,0.0,0.0,0.0,0.0,0.0,0.0,0.0
-0.0,0.0,0.0,0.0,0.00625,0.0,0.0,0.0,0.0
-390.5010694382912,-340.5867954373247,-49.914274000966465,0.0,0.0125,-0.002427094808330502,-0.04854189616661003,-0.4854189616661003,657.7194656774387
-13.687006136080509,31.646539264827076,-45.33354540090761,-1.1003985004351238,0.018750000000000003,-0.009484884724006243,-0.09261390214690476,-0.4407200598029472,1565.0821711373005
2.6598255822407397,41.97689408571814,-39.317068503477415,-2.1001769894098317,0.025,-0.020656778302206115,-0.13082396941709268,-0.38210067270187925,2430.534617222498
-2.664243823259417,32.10527830046908,-34.769522123728485,-2.967581892151593,0.03125,-0.035428175525042266,-0.16460397503963026,-0.3378000562253756,3313.538743368971
-21.220857749117357,11.889765056662737,-33.110622805780125,-3.7348746474260905,0.0375,-0.053496543350629006,-0.19676338147210448,-0.32159406432474236,4164.67556608059
-31.210512811746156,1.6756488971971013,-32.88616170894327,-4.465632689853977,0.04375,-0.07476957242486663,-0.2286972000126481,-0.319338185405436,5085.371977012685
-16.933119054495876,14.036812650045718,-30.96993170454161,-5.191406790116583,0.049999999999999996,-0.09914265046638292,-0.25876436081767756,-0.3006716080502947,5798.2917326035085
15.052542048802565,40.53925298056385,-25.48671093176131,-5.874859686985668,0.056249999999999994,-0.12625607927605367,-0.28350421537573745,-0.24739854558059854,6150.678142505898
13.58347220142325,34.45745175971281,-20.87397955828955,-6.437335150551495,0.06249999999999999,-0.15561949054798271,-0.3037640100628433,-0.2025979468710585,6351.962752815518
-7.958473654375044,11.405225084612026,-19.36369873898707,-6.897994459456915,0.06874999999999999,-0.18693550275191678,-0.32255623401583766,-0.1879222395299437,7020.289641950363
-13.202321406378504,5.44750987862895,-18.649831285007462,-7.325206281765849,0.075,-0.2200960392598124,-0.3406544961420745,-0.18098262126236817,7409.348210412753
-3.132860668504977,13.73228194265942,-16.865142611164398,-7.736523957657148,0.08125,-0.2549797740033908,-0.35702019872949364,-0.16365702587419143,7688.353847382253
-0.9915110425061904,14.062371711423197,-15.053882753929384,-8.108351115743396,0.08750000000000001,-0.29141218445113176,-0.37162801022532554,-0.1460781149583189,7956.181765318288
2.3981465651692737,15.475821089308777,-13.077674524139482,-8.44010584076283,0.09375000000000001,-0.3292094939995008,-0.3843181807420545,-0.12690170516728963,8155.545219116476
-1520.4485622596071,-1339.6827344070327,-180.76582785257466,-8.727659720073035,0.10937500000000003,-0.3764124481614348,-0.5597409024966258,-1.7542272175457128,29497.89264163519
1768.2866441436242,1733.5881534770842,34.69849066654,-12.710696769307395,0.11562500000000003,-0.43070279984373494,-0.526066131149376,0.3367477134724989,16495.551970517623
-20.50422696432443,-49.13396707858997,28.629740114265573,-11.94515957018205,0.12187500000000004,-0.4819200613040885,-0.49827909805769494,0.27787033091681024,14328.062827648173
-56.98926235128052,-76.25828563109646,19.269023279815915,-11.313257668963221,0.12812500000000004,-0.5308127999978771,-0.4795756758180775,0.18703422239617482,13767.347265861887
-45.05331051378076,-57.32429604131376,12.270985527532991,-10.887543587509368,0.13437500000000005,-0.5781747697932595,-0.46766372008957224,0.11911955728505239,13717.81137747564
-0.6536941289653482,-11.523815599686028,10.870121470720672,-10.6159501429622,0.14062500000000006,-0.6244134800718566,-0.45711048548236755,0.10553234607204715,13662.339939194755
-5.029531703216947,-14.183280582574907,9.15374887935797,-10.375138925962922,0.14687500000000006,-0.6696801300559477,-0.4482225141994541,0.08887971282913446,13760.624064942467
-0.8186827650606946,-8.900029633698992,8.081346868638294,-10.17207714337699,0.15312500000000007,-0.7141099948824665,-0.4403747823309223,0.0784773186853177,13917.517056255752
14.429522529404775,5.670462678654288,8.759059850750491,-9.992590692629394,0.15937500000000007,-0.7577221213624322,-0.4318677472683918,0.08507035062530557,14045.54085394277
-7.1592717528101915,-14.22231542699351,7.063043674183318,-9.798136249637599,0.16562500000000008,-0.8005658554452642,-0.42500693438824594,0.06860812880145825,14591.695739398667
21.74560721726781,13.125569173961837,8.62003804330597,-9.641048036359376,0.17187500000000008,-0.8426478253776536,-0.41663246425954237,0.08374470128703573,14590.158108709882
43.33002875357648,31.038145458628573,12.291883294947898,-9.449669982779195,0.1781250000000001,-0.8837138972627341,-0.4046889734420683,0.11943490817474067,14356.629489987776
45.15510607056248,29.394088181537334,15.761017889025135,-9.177437503470015,0.1843750000000001,-0.9234169677583826,-0.389372436470901,0.15316536971167322,13942.301947638945
34.71651707843836,16.957914001408213,17.758603077030134,-8.828859294042203,0.1906250000000001,-0.9614912014613306,-0.3721122375880601,0.17260198882840888,13542.741112143558
32.378186364089004,13.080045628286836,19.29814073580215,-8.43639872165214,0.1968750000000001,-0.9977644773205537,-0.35335327959640256,0.1875895799165756,13136.36328017462
37.10141620900001,15.927102833524117,21.174313375475897,-8.010176133726912,0.20312500000000006,-1.0320705507497352,-0.3327681889872264,0.20585090609176207,12654.833920644704
42.53972878921844,19.110353059105922,23.4293757301125,-7.542790957607226,0.20937500000000006,-1.0642083877059298,-0.30998855013666693,0.22779638850559425,12196.867798635862
43.56071574991791,18.001754599262085,25.558961150655822,-7.025900928345529,0.21562500000000007,-1.0939646373685958,-0.2851364431166507,0.2485210702001623,11813.888052835578
53.54621837282176,25.016517720092843,28.529700652728888,-6.462265259623387,0.22187500000000007,-1.1210911696056924,-0.25739420162528187,0.27742241491368835,11526.612440411624
39.36331576781608,9.679453647616029,29.683862120200015,-5.83332616128459,0.22812500000000008,-1.1453873140828623,-0.22852868791811706,0.28865513707164814,11317.43193227912
56.007681106742226,23.50397762970737,32.50370347703484,-5.179084398307893,0.23437500000000008,-1.1666597830401888,-0.1969206912284113,0.3160799668970577,11244.803862627134
58.96965856412781,23.61295691483009,35.356701649297754,-4.462793399174586,0.2406250000000001,-1.1846327459747634,-0.16253856746308326,0.3438212376532805,11262.157110772683
51.23274246039492,14.151758487561764,37.08098397283323,-3.6836825128237414,0.2468750000000001,-1.1990837017375515,-0.12648054779267842,0.36058019670404845,11525.382258926089
43.50250398224215,5.717568497716251,37.78493548452591,-2.8665896121169276,0.2531250000000001,-1.209894696730503,-0.08973935206635128,0.36741195726327136,11850.402378012714
48.00175110416154,9.08725237814071,38.9144987260208,-2.033971065645051,0.2593750000000001,-1.2169767414661141,-0.05190154264586908,0.37837809420482194,12469.035934977313
49.7876829004212,9.659257255486057,40.12842564493516,-1.1764254972386263,0.26562500000000006,-1.2202160885320414,-0.012885398672678967,0.39016143973190115,13230.693194444928
46.302283179031626,5.47649018249599,40.82579299653565,-0.2920819728470201,0.27187500000000003,-1.2195200231933399,0.02680670544671069,0.39692104119389654,14132.030129498231
41.54262842695879,0.6334034432992113,40.90922498365955,0.6076752732393221,0.278125,-1.2148507888924247,0.06657798057159434,0.3977127512488365,15210.25962093971
47.64711276994147,5.959620011427136,41.68749275851432,1.509303316713319,0.284375,-1.2061666791084502,0.10710421510789396,0.4052623453629962,16448.355716287097
43.56557841904898,1.6577857791607482,41.907792639888214,2.4280904977366085,0.29062499999999997,-1.1934192958649745,0.14784344976162045,0.4073923465372648,17906.726103917084
42.02530318988059,0.10317712417737746,41.9221260657032,3.3517027689301,0.29687499999999994,-1.1765973164154864,0.1885961392281439,0.40752689466523434,18335.54089575789
57.76099876843997,13.940163505804412,43.820835262635555,4.275552123997239,0.3031249999999998,-1.155607761194661,0.23119496518836694,0.4259882596022304,18298.886570472492
51.381375394195686,6.645681472062145,44.73569392213354,5.241107117990728,0.3093749999999998,-1.1303137822362337,0.2746846139801773,0.43489648791810376,19161.342028369327
55.445270432419775,9.40424566949306,46.04102476292671,6.226617440980834,0.31562499999999977,-1.1006072515807035,0.31944599913042865,0.4476138515025134,20585.585977134317
13.325876205659721,-28.68577732859765,42.01165353425732,7.24061682412211,0.32187499999999974,-1.0666202645913412,0.36029374065681585,0.4084774152638723,21835.558312119232
10.370428479290256,-27.720024398097603,38.09045287738778,8.16548607950671,0.3281249999999997,-1.0287389066505532,0.39733341815894374,0.3703967750212786,22992.72710760573
-2.279291451676183,-35.33734983810544,33.05805838642929,9.003585046477989,0.3343749999999997,-0.9873980190354482,0.42948433414315657,0.3215091598421282,24403.826633469424
-39.42506855732187,-63.3972303041913,23.972161746869418,9.730450125258251,0.3406249999999997,-0.9432836676784658,0.45280269299649034,0.23318358853333804,25643.36184965386
-92.34837232979298,-101.65906397938805,9.310691649595048,10.25685422019409,0.34687499999999966,-0.897550476654105,0.46186112749072594,0.09058434494235625,26653.401894566698
-148.42236706105834,-137.74805611122355,-10.674310949834794,10.460123094231971,0.35312499999999963,-0.8518837147665218,0.4514741102609378,-0.10387017229788127,26094.863635142276
-116.77101506045348,-92.59348051992727,-24.17753454052623,10.223230383294574,0.3593749999999996,-0.8079128340114785,0.4279435048399276,-0.23530605421010187,24116.741760527075
-236.8410272077775,-185.49825264047374,-51.34277456730374,9.689296876492516,0.3656249999999996,-0.7676172168072783,0.37796883924407654,-0.49974665595851053,21317.652341375633
-109.88173509474169,-51.04094557836834,-58.84078951637335,8.5571258720281,0.37187499999999957,-0.732684200628821,0.3206914843250704,-0.5727735491900615,18194.139239727556
-52.52944764347403,5.49761058010234,-58.02705822357635,7.259988096034505,0.37812499999999954,-0.703439466897496,0.26420319030142925,-0.5648829402364114,15401.732861497696
-0.8634521491120318,49.79927666049089,-50.66272880960294,5.980962025357814,0.3843749999999995,-0.6794851984532828,0.21488217858283437,-0.4932101171859487,13149.714454636985
25.247422384863636,66.11142383785678,-40.86400145299318,4.8643327968534855,0.3906249999999995,-0.6599861162398958,0.1750994656849052,-0.39782712897929157,11375.281391637189
37.591245845573866,68.30934162218765,-30.718095776613758,3.963708465553681,0.3968749999999995,-0.643971454053003,0.1451937780529496,-0.29905687631955585,10006.597138987969
2.509936185898005,28.92313295003074,-26.413196764132753,3.2867132466503506,0.40312499999999973,-0.6307378174100482,0.11947895480614741,-0.257148232468022,8931.473376202593
29.79932726918335,48.91741956664067,-19.11809229745733,2.7046080197467175,0.4093749999999997,-0.6197205540275285,0.10086631284424774,-0.18612641961899676,8078.77223490441
-0.5677485184236929,16.13912136920955,-16.706869887633243,2.2832830710078107,0.4156249999999997,-0.6104471798543935,0.08460117061845247,-0.16265142225795268,7390.800856258504
1.0564470872808662,15.451015419517299,-14.39456833223643,1.9151016544448278,0.42187499999999967,-0.6026877586935259,0.07058725259889823,-0.1401391801955425,6813.582802044127
5.88339424877681,17.634699441999615,-11.751305193222807,1.5978808971761969,0.42812499999999964,-0.5962010575904765,0.0591467694620896,-0.11440483136808625,6330.84637979871
0.9898000232230831,11.078178163689238,-10.088378140466148,1.3389130726083494,0.4343749999999996,-0.5907774540210347,0.049325301926746765,-0.09821467535342832,5891.220737501129
2.8570275302291313,11.2537762323226,-8.39674870209347,1.1165924546947517,0.4406249999999996,-0.5862536501526429,0.041150775441089124,-0.08174526485657643,5543.356131605959
2.095646697433343,9.119765339448438,-7.024118642015091,0.9315512189752064,0.4468749999999996,-0.5824804808062741,0.03431261148628474,-0.06838163954804383,5244.698570391456
1.1469597115072108,7.100992594997568,-5.954032883490358,0.7767590685545522,0.45312499999999956,-0.5793390374605671,0.02851625542785513,-0.057963560584296116,4983.822045554086
-1.8775225468909114,3.5421322075735846,-5.419654754464497,0.645548478012704,0.45937499999999953,-0.5767512160819904,0.023240172143678628,-0.052760832841765005,4737.287429972873
-0.9574674743753585,3.8766879101686658,-4.834155384544025,0.5261134316137259,0.4656249999999995,-0.5746625015875634,0.018534117744861803,-0.04706054398816825,4537.468351995201
0.8930196006972949,4.975002543192744,-4.081982942495451,0.4195806576391241,0.4718749999999995,-0.5730077789092944,0.014560335820517746,-0.03973781924344057,4357.23986618542
5.081632020638222,7.959078176507489,-2.8774461558692668,0.32962351082878794,0.47812499999999947,-0.5716918029681396,0.011759183002579164,-0.028011528179385826,4198.436455623303
-2.4302227271087413,0.3884058535376429,-2.818628580646384,0.2662115515710471,0.48437499999999944,-0.5706530784706463,0.009015306947288044,-0.027438760552911192,4051.6541313744383
1.238754871290007,3.5232280422738325,-2.2844731709838255,0.2040952515528533,0.4906249999999994,-0.5698627414472139,0.006791433521359752,-0.022238734259282925,3918.805166908704
-3.0050546956644895,-0.6256368494581883,-2.3794178462063034,0.15375035332523906,0.4968749999999994,-0.5692994124616798,0.004475146189323001,-0.0231628733203675,3793.0742532413133
-3.810258146987034,-1.2421979209961227,-2.568060225990912,0.10131268211765344,0.5031249999999997,-0.5689768935243098,0.001975232558076684,-0.024999136312463168,3673.5005713009086
-2.349412015551611,0.18981297441327014,-2.539224989964882,0.044717380734515394,0.5093749999999997,-0.5689029620100707,-0.0004966022732962485,-0.024718348313729325,3559.8941281243856
-1.614598949100686,0.8025885588351769,-2.4171875079358633,-0.01124263139799516,0.5156249999999997,-0.5690702737357962,-0.002849632241213659,-0.0235302996791741,3451.705032090657
-1.7707854057788226,0.5610397637840345,-2.3318251695628587,-0.0645132379538072,0.5218749999999996,-0.5694687334293365,-0.005119561629591745,-0.02269929388378086,3348.470984301835
-1.9360103913475242,0.34351770244138347,-2.2795280937889077,-0.11590259635233219,0.5281249999999996,-0.5700916405230824,-0.007338580245326575,-0.022190186157348298,3250.250440601894
-1.8720201620149688,0.3536391360224623,-2.2256592980374332,-0.16613931574936427,0.5343749999999996,-0.5709338275400966,-0.00950516009495842,-0.021665798496318445,3156.5456953269713
-1.8073997298075846,0.36294430258917554,-2.1703440323967587,-0.2151886747578026,0.5406249999999996,-0.5719899802912398,-0.011617894927906665,-0.02112734832948244,3066.9559698473286
-1.8078527740982169,0.31453097893966236,-2.1223837530378793,-0.2630187202570844,0.5468749999999996,-0.5732550723446654,-0.013683946140606522,-0.02066051212699857,2981.420367760737
-1.8209350303183724,0.26154875615976936,-2.0824837864781416,-0.30979147599677737,0.5531249999999995,-0.5747248277311483,-0.01571116158904989,-0.02027215448443369,2899.804622199971
-1.7666162916825774,0.27404465596785826,-2.0406609476504363,-0.35568451847746196,0.5593749999999995,-0.5763952693481179,-0.017697670750341732,-0.0198650916129184,2822.161385479907
-1.7655422649144525,0.2386789511149736,-2.004221216029426,-0.40065542211105126,0.5656249999999995,-0.5782625886375445,-0.019648715038191593,-0.0195104428784986,2747.87222537005
-1.8184303607102053,0.16117314198024282,-1.9796035026904488,-0.444822781220517,0.5718749999999995,-0.5803238145825256,-0.02157580386142956,-0.019270888232379678,2676.8147087681796
-1.6740403354773497,0.26507084012660864,-1.939111175603958,-0.488447100515088,0.5781249999999994,-0.5825757790056844,-0.02346348460174677,-0.018876807403172113,2608.753744503172
-1.5877164578315925,0.30482089058224326,-1.892537348413836,-0.5311785117668666,0.5843749999999994,-0.5850142451183058,-0.025305837650681156,-0.01842353048934386,2543.846407012722
-1.7277370538290269,0.14294844106234053,-1.8706854948913685,-0.5728829801678342,0.5906249999999994,-0.5876358834992619,-0.027126929968441404,-0.01821092317760249,2481.7693663498253
-1.7965219070234912,0.06432218378127014,-1.860844090804762,-0.6141053304811749,0.5968749999999994,-0.5904391527087408,-0.028938454221138162,-0.018115242526967574,2422.381099102062
-1.6691027188660774,0.16631229381570548,-1.8354150126817839,-0.6551102550096655,0.6031249999999997,-0.5934223372366391,-0.030725236336826237,-0.017867821156880733,2365.553341743013
-1.6438173759453147,0.16618564843339906,-1.8100030243787137,-0.6955542435129688,0.6093749999999997,-0.5965829637124116,-0.03248729317862471,-0.017620568417984747,2311.3062076652573
-1.5766009864166137,0.20244678420894724,-1.7790477706255614,-0.7354376950466641,0.6156249999999996,-0.5999182897899914,-0.034219228372970874,-0.017319351943461594,2259.4692745525326
-1.9474603835958522,-0.14609791730620889,-1.801362466289642,-0.7746384770485801,0.6218749999999996,-0.6034278962827483,-0.03597290148216643,-0.017536731091955575,2209.8752373818365
-2.7468957242162797,-0.820186751155793,-1.9267089730604867,-0.8143305926796738,0.6281249999999996,-0.6071189722613387,-0.0378486180896426,-0.01875716607476163,2162.575455430675
-2.955699276762876,-0.8925726269951092,-2.0631266497677676,-0.8567846949670359,0.6343749999999996,-0.6110042610974167,-0.039857158631916204,-0.020085405422736027,2117.603678148807
1.7911898581564392,3.3432501561649635,-1.552060298008524,-0.9022447923414532,0.6406249999999996,-0.615065527388981,-0.041368167199369754,-0.015110085674535487,2072.7151354999796
-0.36859153558071894,1.026537721679848,-1.3951292572605667,-0.9364416379864711,0.6468749999999995,-0.6192702560901953,-0.042726406824916026,-0.013582396255462703,2030.6492128652478
-2.4435565650479267,-0.9094248505363267,-1.5341317145115991,-0.9671798247092999,0.6531249999999995,-0.623617575718912,-0.044219985749417365,-0.014935789245013376,1990.0626011893887
-1.9218745213199782,-0.3363361907519896,-1.5855383305679875,-1.0009812303973358,0.6593749999999995,-0.6281167562533406,-0.04576362493915538,-0.015436391897380186,1951.1201262221196
-1.2014052557601986,0.3331734025068467,-1.5345786582670453,-1.0359154506199657,0.6656249999999995,-0.6327678206478484,-0.0472576629510001,-0.01494038011844715,1913.726250746679
-1.2322254879907812,0.2622336413194971,-1.4944591293102787,-1.0697265868149906,0.6718749999999994,-0.6375663364212705,-0.048712652517440246,-0.014549895664401506,1877.7067143900892
-1.962661354459185,-0.4060913527968264,-1.5565700016623576,-1.1026536067118595,0.6781249999999994,-0.6425133752384519,-0.050228123826188235,-0.015154713087479904,1843.0046727066838
-1.850230249765241,-0.2547016406202217,-1.5955286091450198,-1.136949539829552,0.6843749999999994,-0.6476138582375454,-0.05178153615568147,-0.015534123294932322,1809.517881765749
-1.3467639086191863,0.2157403865092724,-1.5625042951284593,-1.1721042104349177,0.6906249999999994,-0.6528680753546895,-0.05330280618720185,-0.015212700315203794,1777.269077894105
-1.1566455423073,0.3519802019576483,-1.5086257442649487,-1.206531312728466,0.6968749999999994,-0.658271797108554,-0.05477162889008842,-0.014688227028865708,1746.161369610492
-1.2464693125564799,0.227349050866704,-1.4738183634231825,-1.2397713262260417,0.7031249999999997,-0.6638207071093418,-0.05620657112566777,-0.014349422355793482,1716.0721027304483
-1.321629675191961,0.1319779327201044,-1.453607607912066,-1.2722446089994026,0.7093749999999996,-0.6695121278433284,-0.05762184355406345,-0.014152724283956763,1686.9216074485466
-1.2951954702360304,0.13737453445420894,-1.4325700046902397,-1.3042729024492146,0.7156249999999996,-0.6753440520346836,-0.059016640273041786,-0.013947967189783382,1658.6816271923874
-1.2392162368424504,0.16767670933023202,-1.406892946172682,-1.3358380378730081,0.7218749999999996,-0.6813142062122234,-0.06038644327775432,-0.0136980300471253,1631.3564335753538
-1.253101739113056,0.1333669081029485,-1.386468647216004,-1.3668378187901722,0.7281249999999996,-0.6874203466754201,-0.06173636598617984,-0.013499227084255225,1604.8685397092572
-1.2419492993475818,0.12532651648843077,-1.3672758158360132,-1.397388049072414,0.7343749999999996,-0.6936605453041979,-0.0630676065893756,-0.01331240603195756,1579.1366069563592
-1.1943695835214514,0.14994508615689578,-1.3443146696783486,-1.4275159039775145,0.7406249999999995,-0.7000327503981242,-0.06437649528915079,-0.013088886997751872,1554.0667763867668
-1.167714184485993,0.15314996405742184,-1.320864148543415,-1.4571383657274986,0.7468749999999995,-0.7065347029039941,-0.06566255482824887,-0.012860595390980762,1529.5243634019337
-1.1589969134077063,0.14037428707176097,-1.299371200479468,-1.4862446709063952,0.7531249999999995,-0.7131642151685835,-0.06692769046353884,-0.012651356352899799,1505.4066286574252
-1.1796591900859663,0.10381729671412893,-1.2834764868000954,-1.5148779742732714,0.7593749999999995,-0.7199194673043489,-0.06817735225176753,-0.01249661788228696,1481.7296346831752
-1.1556162636453549,0.11088551295568672,-1.2665017766010411,-1.5431616556624193,0.7656249999999994,-0.7267988593181772,-0.06941048802479928,-0.012331357730317514,1458.6092578205123
-1.0964575804151835,0.14747208662635047,-1.243929667041533,-1.5710719100487784,0.7718749999999994,-0.7338004660825218,-0.07062164726209234,-0.01211159237293058,1436.0557508214713
-1.0915702273021064,0.13213736464962522,-1.223707591951732,-1.5984853680881932,0.7781249999999994,-0.7409222043233754,-0.07181311755497874,-0.011914702928863952,1413.4381143710546
-0.9028195460835956,0.27830385560652826,-1.181123401690123,-1.6254537985229545,0.7843749999999994,-0.7481610164722241,-0.07296312542199497,-0.011500078670162315,1391.56089518352
-1.0378793246102194,0.12423759598891813,-1.1621169205991386,-1.651484349144602,0.7906249999999994,-0.7555139040950608,-0.07409462703473876,-0.011315016127437925,1369.5475078651243
-0.9031151334828833,0.22464123006933634,-1.1277563635522203,-1.6770965903112518,0.7968749999999993,-0.762978269070524,-0.0751926724745264,-0.01098045439787641,1348.3412349252585
-0.9712797008249443,0.13572179902875237,-1.1070014998536972,-1.7019520963870047,0.8031249999999996,-0.7705514281302287,-0.0762705087195662,-0.010778362450397908,1327.6965795611577
-1.575409982461802,-0.4062869532072784,-1.1691230292545232,-1.7263506552459127,0.8093749999999996,-0.7782353949843689,-0.07740882836323712,-0.011383196436709197,1307.5050015824684
-1.1248089633323775,0.03843987374590819,-1.1632488370782863,-1.7521186524312717,0.8156249999999996,-0.786032907747265,-0.07854142689468459,-0.011325985314474622,1288.1110338942067
-0.4964305517874792,0.5784248762864981,-1.074855428073977,-1.777757513404997,0.8218749999999996,-0.7939393770598462,-0.07958795935693942,-0.010465324622548369,1269.2465224297146
-0.7359548066508762,0.29398766226513645,-1.0299424689160133,-1.801448583012983,0.8281249999999996,-0.801948313056212,-0.08059076057037648,-0.010028012134370566,1250.7776618112705
-0.9430831539936007,0.07535245016208611,-1.0184356041556875,-1.8241500110336453,0.8343749999999995,-0.810056968901575,-0.08158235633688453,-0.009915957665080516,1232.7020374901902
-0.9029964488357043,0.10014982371888163,-1.0031462725545865,-1.8465979259646088,0.8406249999999995,-0.8182640399134722,-0.08255906390105915,-0.00976707564174622,1215.0621061975874
-1.7855797237157414,-0.6788220251614845,-1.1067576985542567,-1.8687088875658882,0.8468749999999995,-0.8265738256167438,-0.08363665016437144,-0.010775862633122961,1198.4120104574063
-1.1990802747085951,-0.08009935371619861,-1.1189809209923955,-1.89310318345889,0.8531249999999995,-0.8349919649028305,-0.08472613555736339,-0.010894853929919445,1181.9266997711197
0.08730892187966789,1.0466573222056494,-0.9593484003259816,-1.9177667124517515,0.8593749999999994,-0.8435112814144238,-0.08566019467450346,-0.0093405911714008,1165.8319046938202
-0.43069887445228344,0.4587164689022532,-0.8894153433545364,-1.938912019887014,0.8656249999999994,-0.8521205992931791,-0.08652616290060158,-0.008659682260981164,1150.0274961948417
-0.9144738786566677,-0.021743712215634124,-0.8927301664410336,-1.9585158848529307,0.8718749999999994,-0.8608166753055696,-0.08739535734720881,-0.00869194446607223,1134.5871016177305
-0.8873467457022226,0.004672766813176752,-0.8920195125153987,-1.978192554248606,0.8781249999999994,-0.869599636112009,-0.08826385878157905,-0.008685014343702373,1119.6011938015122
-0.769284936260371,0.10651784667149918,-0.8758027829318702,-1.997853347361202,0.8843749999999994,-0.8784686575545098,-0.08911657006843657,-0.008527112868575099,1105.0597810204345
-0.8164441379679876,0.05151938712285011,-0.8679635250908382,-2.0171566239229177,0.8906249999999993,-0.887422568452342,-0.0899616478882076,-0.008450778197710318,1090.9335642671342
-1.935828975930125,-0.9268840027853883,-1.0089449731447364,-2.036287164283765,0.8968749999999993,-0.8964678502882998,-0.09094398883094751,-0.009823409427399142,1077.5307301227479
-1.267810611419893,-0.22470478164485294,-1.0431058297750406,-2.0585249617436414,0.9031249999999996,-0.9056130291628984,-0.0919595886610254,-0.010155998300778816,1064.7355465891405
-0.3955952825663601,0.5621082083053698,-0.9577034908717298,-2.081516249604445,0.9093749999999996,-0.9148556104342639,-0.09289203676628391,-0.009324481052585194,1052.540133763538
-1.018716016975367,-0.05296766518920781,-0.96574835178616,-2.102626587581676,0.9156249999999996,-0.9241918280563979,-0.09383231567639612,-0.00940278910112212,1040.848783279271
-1.6240259415926894,-0.5715419071164868,-1.0524840344762023,-2.1239161048366157,0.9218749999999996,-0.9336262958324125,-0.09485703984389689,-0.010247241675007668,1029.7929368406492
-1.8162819583975733,-0.6632140951272112,-1.1530678632703621,-2.1471199877349765,0.9281249999999995,-0.9431681323331401,-0.09597969017065545,-0.011226503267585721,1019.5389231918292
-2.095997253484909,-0.8188277652114679,-1.2771694882734406,-2.172544741585109,0.9343749999999995,-0.9528282748821656,-0.09722316080985442,-0.012434706391989736,1010.1980330944632
-2.613729580671838,-1.1607600024377736,-1.4529695782340664,-2.200710409499631,0.9406249999999995,-0.962621321955326,-0.09863778065335455,-0.014146198435001199,1001.9199348271362
-3.2796553916442965,-1.586574611038588,-1.6930807806057082,-2.2327586585369863,0.9468749999999995,-0.9725675186864767,-0.1002861539696607,-0.01648373316306155,994.9423110377319
-4.11013335606585,-2.099557965260102,-2.010575390805748,-2.270109872087306,0.9531249999999994,-0.9826940066217303,-0.10224360473541137,-0.019574507657506707,989.5990895182198
-5.203846363049621,-2.7741224881911997,-2.4297238748584196,-2.3144735250845025,0.9593749999999994,-0.9930366405402706,-0.1046090736353942,-0.023654688999828304,986.3820496483169
-6.630840223636273,-3.6501114269516846,-2.9807287966845877,-2.3680953186050275,0.9656249999999994,-1.0036426384215935,-0.10751088399106237,-0.02901810355668165,986.0986164621675
-8.482720681114323,-4.780981313559791,-3.701739367554533,-2.4338883836957272,0.9718749999999994,-1.0145739057504106,-0.11111446258527821,-0.03603578594215835,989.9906958065732
-10.853279327977495,-6.215231776340892,-4.638047551636605,-2.515609086455661,0.9781249999999994,-1.0259110922698182,-0.11562926780287525,-0.045148052175970364,1000.0417433221933
-14.049245036370941,-8.180309086756274,-5.868935949614667,-2.618015388152085,0.9843749999999993,-1.0377596474196924,-0.12134183519460778,-0.0571256739173253,1019.5532156568706
-18.063531941373878,-10.601487017917455,-7.462044923456425,-2.747617194391927,0.9906249999999993,-1.0502569579737573,-0.12860437588668924,-0.07262540692081453,1053.5709753479475
-23.868061216551666,-14.26552426603484,-9.602536950516821,-2.9124218734468745,0.9968749999999993,-1.0635846289180335,-0.13794904299883706,-0.09344667112147813,1110.9530696749255
-27.155991463528075,-15.266427167993205,-11.889564295534887,-3.124526063591057,1.0031249999999996,-1.0779579579716132,-0.14951753807275656,-0.11568495073919499,1208.836771109983
-39.489750736082826,-24.010845376304918,-15.478905359777913,-3.387203791159,1.0093749999999997,-1.0936626120367479,-0.16457554322993737,-0.15058005157180804,1372.5931665852404
-47.55196531703691,-27.913695980423338,-19.63826933661358,-3.7292136866468346,1.0156249999999998,-1.1110751537346253,-0.1836752907276123,-0.19099747497674913,1622.183870171048
-58.82146836957991,-34.132234982664656,-24.689233386915273,-4.163166243994965,1.0218749999999999,-1.1306429584080466,-0.20768080274081402,-0.24005512013201707,2048.0517876407444
-40.72352344805918,-13.979122510037323,-26.744400938021855,-4.7087211179497555,1.028125,-1.1527108270590865,-0.23367657027998234,-0.25995767539168335,2552.656052923158
-19.30574100203196,6.505196814611389,-25.81093781664335,-5.299811254015099,1.034375,-1.1773325054690198,-0.2587569979186856,-0.2508042763870325,3140.0212847018392
-38.98183297136456,-11.516286232591446,-27.46554673877314,-5.870472156331651,1.0406250000000001,-1.2045421987511715,-0.28543686772435023,-0.26679869805664636,4035.358460973589
-54.20253505254819,-23.425694758773634,-30.776840293774576,-6.477637646918344,1.0468750000000002,-1.234580275128298,-0.3153246598181776,-0.2988779209382733,5130.454650452882
-80.59292572779809,-43.731035961887464,-36.86188976591061,-7.157721709711329,1.0531250000000003,-1.2679021397920296,-0.35111263345645494,-0.3578797363827737,6422.750387789837
-51.59677767064384,-12.95380894481062,-38.64296872583319,-7.97176545370623,1.0593750000000004,-1.3048888675066679,-0.38862192083631275,-0.37509287379857803,7846.169386346694
54.2161518021516,81.8250152984801,-27.60886349632848,-8.824826269562926,1.0656250000000005,-1.3450907857867556,-0.41541644476544015,-0.2679452392912738,8453.527094153511
4.738226127454894,28.548042699102908,-23.809816571647996,-9.434331538152053,1.0718750000000006,-1.3877876776388471,-0.43852139227639125,-0.23104947510951082,9482.22949989648
26.763597197640717,44.693155236418924,-17.92955803877821,-9.959673229482954,1.0781250000000007,-1.4325097015203432,-0.4559190853535293,-0.1739769307713809,9829.853930066973
18.972140305503288,32.652452595769965,-13.68031229026669,-10.355093651737457,1.0843750000000008,-1.4787653166665342,-0.46919321757029053,-0.13274132216761206,10009.253272469821
11.491234947289604,22.299070454204518,-10.80783550691492,-10.656597069721265,1.0906250000000008,-1.5262089848310316,-0.4796801457196577,-0.10486928149367172,10059.864498600571
5.913709292070622,14.829269972810561,-8.915560680739954,-10.89457206205821,1.096875000000001,-1.5746095497032142,-0.488331151723996,-0.08651006004338271,10109.505993537008
4.7242980801470225,12.108300032449627,-7.384001952302599,-11.09065294666691,1.103125000000001,-1.6238009225542713,-0.49549630529714517,-0.07165153573149188,10379.826709059267
-6.203423020067998,1.0486711578309105,-7.252094177898915,-11.252808352921942,1.109375000000001,-1.673702428822504,-0.5025338200675074,-0.07037514770362217,11358.964005933558
3.4319821971158277,9.500946665024227,-6.0689644679083985,-11.41189461512556,1.1156250000000012,-1.7242502994563738,-0.5084235926098866,-0.05889772542379171,11738.742551248679
6.745411280753001,11.404176103197976,-4.658764822444977,-11.544750975068144,1.1218750000000013,-1.7753187367178684,-0.5129451526200091,-0.045215600101224544,12076.078881998414
7.800592191250853,11.09597034517017,-3.2953781539193163,-11.646378521317871,1.1281250000000014,-1.8267731826207498,-0.51614376543762,-0.03198612817610868,12448.413684822795
-2.2688070381061105,0.9145399109991957,-3.183346949105307,-11.717814777837164,1.1343750000000015,-1.8785420683921834,-0.5192339499910524,-0.030901845534324485,13207.329685333652
32.307413092965184,31.645056789043547,0.6623563039216394,-11.786642735318516,1.1406250000000016,-1.9304333111667995,-0.5185909055012708,0.006430444897815397,13494.422598679634
17.839787670398835,15.32373253847213,2.516055131926706,-11.770597519263974,1.1468750000000016,-1.9821702518691835,-0.5161479085464087,0.024429969548621717,13801.980581768883
13.437522858160673,9.7481334791274,3.6893893790332686,-11.713598723139851,1.1531250000000017,-2.0336059059645435,-0.5125651733607952,0.03582735185613436,14107.181431599907
23.729805590950825,17.89777105845974,5.83203453249109,-11.630663308858848,1.1593750000000018,-2.084579211667831,-0.5069009407049581,0.056642326558372036,14339.58690429498
-1.0730109539855959,-6.168952848849878,5.095941894864286,-11.50046077891313,1.165625000000002,-2.135021803737745,-0.5019509006933153,0.04950040011642732,15086.168887875761
25.67942196728048,18.39979741877717,7.279624548503318,-11.386460471109602,1.171875000000002,-2.1848632810973636,-0.4948786464990566,0.07072254194258648,15206.863666759871
45.63526924149693,34.29741295691471,11.33785628458222,-11.224356339016971,1.178125000000002,-2.2338003195246268,-0.4838621220462055,0.11016524452851105,15025.29141870574
46.369043571726145,31.33266344279526,15.036380128930887,-10.972886100177018,1.1843750000000022,-2.2814559136052366,-0.4692497595659906,0.146123624802149,14612.388203354189
35.34619387605552,18.169139058357167,17.177054817698387,-10.640025185474624,1.1906250000000023,-2.3275461394329926,-0.45255475698912945,0.16695002576861112,14222.9420389552
32.658734798175644,13.851087093810944,18.80764770436468,-10.260145889577691,1.1968750000000024,-2.3718875051113546,-0.4342725565781069,0.18282200411022534,13825.095872884174
37.06917397178393,16.336883374141504,20.73229059764241,-9.844522307711573,1.2031250000000009,-2.414306990792254,-0.414117157039875,0.20155399538231897,13332.549844340569
42.4254097131584,19.403330193728024,23.02207951943037,-9.386698897411996,1.209375000000001,-2.454599523052691,-0.39173348816886744,0.22383668871007537,12846.191351593998
43.466935126024566,18.28199797548582,25.184937150538737,-8.87864181143321,1.215625000000001,-2.49254844901964,-0.3672450311701103,0.2448845699875712,12416.813577754876
53.29385097559033,25.125179771952162,28.168671203638187,-8.323146117830962,1.2218750000000012,-2.527903391830587,-0.339853825048832,0.27391206121278344,12082.69800122798
39.36688386548711,10.005148838476561,29.361735027010567,-7.7021020061039795,1.2281250000000012,-2.5604611596670948,-0.311301531681325,0.2855229336750699,11841.512981977341
55.7056987235196,23.52192676075833,32.18377196276125,-7.054937689505358,1.2343750000000013,-2.590026467542176,-0.28000462582030133,0.3129690586102367,11727.754441417184
58.978130889120266,23.90593336340639,35.072197525713875,-6.345711922533085,1.2406250000000014,-2.616321655920304,-0.24589914174225957,0.34105484078041753,11689.817380041604
51.33811626011125,14.49930038885491,36.83881587125629,-5.572916551912728,1.2468750000000015,-2.6391204424982435,-0.2100765898165323,0.3582255192572728,11893.198532355313
43.72185794526981,6.128584960591709,37.5932729846781,-4.761230935021638,1.2531250000000016,-2.658300359272812,-0.17352174567484036,0.3655484414169193,12153.756965371907
48.20171755947209,9.43564272624719,38.76607483322486,-3.9329242948953644,1.2593750000000017,-2.6737678585287914,-0.13582823944474837,0.3769350623009199,12706.484395218324
50.110294377017176,10.077781446494571,40.03251293052266,-3.078747702412048,1.2656250000000018,-2.6854045373884228,-0.09690533774788168,0.3892290169686669,13400.961336271721
46.76195767100185,5.969489260529026,40.79246841047283,-2.196617728855485,1.2718750000000019,-2.6931120854224355,-0.05724562293237332,0.39659714815508357,14242.028124856897
41.90770749313916,0.9864194539605579,40.92128803917861,-1.2976880952143781,1.278125000000002,-2.6968474971824117,-0.01746261226714714,0.39783010665226176,15274.27538953463
47.90015312641199,6.172812819126921,41.727340307285196,-0.39587224032385804,1.284375000000002,-2.6965655094750898,0.023102366413585138,0.4056497868073228,16478.37906763909
43.879835187480246,1.9001578166204076,41.979677370859854,0.5237387622364924,1.2906250000000021,-2.692214816820265,0.0639114866829065,0.40809120269321364,17872.295734788757
42.33357045721638,0.3115985350683569,42.021971922147976,1.4489129207919187,1.2968750000000022,-2.6837811804357665,0.10476124100706471,0.4084975432415822,18221.868439195918
58.47216968942392,14.478190472964434,43.99397921645948,2.3749802694067133,1.303125000000001,-2.67116669908183,0.14752838607166457,0.42767145064599865,18175.425305991022
52.101795385461195,7.126644211898795,44.97515117356246,3.3444154951141405,1.309375000000001,-2.6542277385160564,0.19125082524380996,0.43722439172145383,19003.18510293005
56.141774691415755,9.805494332746994,46.33628035866876,4.335319863021165,1.3156250000000012,-2.6328502341477815,0.2362992621216855,0.4504843687787554,20382.53005846051
13.836275265946304,-28.497084107247204,42.33335937319352,5.355998662896023,1.3218750000000012,-2.607162281119817,0.2774597984376051,0.41160536315919605,21714.916666555306
11.081294725530318,-27.3790021740475,38.460296899577784,6.288185986118111,1.3281250000000013,-2.577546335273092,0.31485911849689535,0.3739932005929027,22854.981873616696
-1.5663709503460177,-35.03694956039657,33.470578610050524,7.1347152103640274,1.3343750000000014,-2.5444328175694557,0.34741123557582637,0.32552117078931025,24181.402122940457
-38.68549371121231,-63.11108772489258,24.42559401368027,7.870991718008053,1.3406250000000015,-2.5085037227659783,0.371170660493722,0.23759424917895614,25342.311059132302
-91.40221475493405,-101.22835331522546,9.826138560291417,8.407731135333671,1.3468750000000016,-2.4709086608967175,0.38073057689149736,0.09559916397775386,26301.146813073246
-147.55385735424366,-137.4396402709779,-10.114217083265745,8.622697209648353,1.3531250000000017,-2.433327703113521,0.3708885787724362,-0.09841998119061153,25714.44755919915
-116.18849485265031,-92.5738295553704,-23.614665297279927,8.39844249808483,1.3593750000000018,-2.3973879851023643,0.3479057814506944,-0.22982797321741827,23707.21989535655
-236.77278412011535,-185.92963414098475,-50.84314997913064,7.877120088810957,1.3656250000000019,-2.3650718246884654,0.2984174268272814,-0.49488354623412995,20845.517570514905
-110.09198623970337,-51.659819705097014,-58.43216653460635,6.7561005176469315,1.371875000000002,-2.3380740614851296,0.24153783723943825,-0.5687958958784315,17735.581350672073
-52.71061870756935,4.9836202232426015,-57.694238930812,5.468064796691361,1.378125000000002,-2.3167284927949074,0.18537353656500344,-0.5616430067443482,15025.497530276349
-1.0004264108462686,49.390001643015374,-50.39042805386161,4.196437136063778,1.3843750000000021,-2.3006439352655486,0.13631761402217246,-0.4905592254283097,12869.720918224562
25.054011402375625,65.70582686420782,-40.65181546183219,3.0858503178478487,1.3906250000000022,-2.288990980942532,0.09674147243815628,-0.39576141584016183,11177.062088154304
37.38174858299364,67.94219072112105,-30.560442138127424,2.1899266857232864,1.3968750000000023,-2.280804443876159,0.06698926888930204,-0.2975220354885425,9879.223584883413
2.3653842734950334,28.6600792671361,-26.294694993641077,1.5164184035815509,1.403125000000001,-2.2753854897241554,0.041389814150777735,-0.2559945473852431,8860.357032945876
29.695839378573755,48.72423912477721,-19.028399746203462,0.9369283765926476,1.4093750000000012,-2.272172774346681,0.022864493398716185,-0.1852532075206155,8062.673364219813
-0.6454549854453266,15.993481431336203,-16.638936416781544,0.5175772682421547,1.4156250000000012,-2.2706962752528987,0.006665488476922211,-0.16199004921793972,7411.460856136341
1.0026874849097867,15.345163652887212,-14.342476167977424,0.15088547721079623,1.4218750000000013,-2.2707278865747575,-0.0072977149140983355,-0.13963203391020546,6868.043547894208
5.844625098299059,17.55568210337187,-11.711057005072812,-0.1651980891585423,1.4281250000000014,-2.2720277230421275,-0.018699014433303133,-0.11401299519204797,6412.692942914767
0.955673940836587,11.01351116110567,-10.057837220269082,-0.4232920088011995,1.4343750000000015,-2.2743872112178267,-0.028490749080678304,-0.09791734647375169,5997.822603730821
2.8586743961712164,11.228657825504692,-8.369983429333484,-0.6449540945451845,1.4406250000000016,-2.277643709604172,-0.03663921864622836,-0.08148469565550054,5673.349013779372
2.1044153049136627,9.104122929988845,-6.999707625075185,-0.8294207926401513,1.4468750000000017,-2.281648351428314,-0.043453617836611266,-0.06814399190382912,5395.794887463259
1.1732161538969592,7.10259614326801,-5.929379989371047,-0.9836905513123614,1.4531250000000018,-2.286282331013581,-0.04922597386872453,-0.05772356032113264,5153.489102791552
-1.8651465416687871,3.531464609990299,-5.396611151659085,-1.1143732593343754,1.4593750000000019,-2.291467610906835,-0.0544796239963538,-0.05253650127629273,4922.742909630542
-0.9547843831960697,3.8589989857362816,-4.813783368932353,-1.2333153882600352,1.465625000000002,-2.2971498844177063,-0.059165846221072564,-0.046862222247187606,4737.258671840247
0.8924550531357137,4.956815642444931,-4.064360589309221,-1.3394133460706845,1.471875000000002,-2.3032643003741518,-0.06312247290783321,-0.03956626686760652,4570.017147461095
5.0649732355187025,7.92930320218965,-2.8643299666709456,-1.4289952778008674,1.4781250000000021,-2.3097159668846796,-0.06591085730272625,-0.027883843948930384,4423.15131168636
-2.406809384804763,0.39734828434551134,-2.8041576691502748,-1.4921301576139527,1.4843750000000022,-2.316443542061218,-0.06864064622804354,-0.027297889253172933,4286.411920870544
1.2434360276956165,3.51472707014283,-2.2712910424472144,-1.55393821197955,1.4906250000000023,-2.3234181587328755,-0.07085168720510585,-0.02211040977062297,4161.722032635959
-2.990749956272493,-0.6246621990938039,-2.366087757178688,-1.604001851285779,1.4968750000000024,-2.33061849299918,-0.07315499812098547,-0.023033109158796243,4042.768596834141
-3.8041612814494994,-1.2484776114816594,-2.5556836699678414,-1.6561535101263414,1.5031250000000012,-2.3380583860863893,-0.07564286362320133,-0.024878655022158618,3929.5186333906117
-2.344601923072543,0.18324460781560092,-2.5278465308881417,-1.7124822687816958,1.5093750000000012,-2.345745710366346,-0.07810362197593548,-0.024607583527341544,3822.363290924609
-1.6003581899704598,0.8050730319092257,-2.4054312218796867,-1.7681961600439966,1.5156250000000013,-2.353673151849935,-0.0804452076958449,-0.02341585719909424,3720.267854844941
-1.7644204172613456,0.55636044098485,-2.320780858246197,-1.821210734217101,1.5218750000000014,-2.3618306315313395,-0.0827043859322488,-0.02259178236403897,3622.7016712976765
-1.9244803613906352,0.3439392353013907,-2.2684195966920258,-1.8723581729706082,1.5281250000000015,-2.370211480374105,-0.08491259092306015,-0.022082049908113566,3530.008795741599
-1.8615112647218817,0.3531187980939373,-2.214630062815816,-1.9223500026937648,1.5343750000000016,-2.3788105316355166,-0.0870684343051751,-0.021558433821149407,3442.2346889405135
-1.8023175415965789,0.35778374249666023,-2.1601012840932383,-1.9711546995627887,1.5406250000000017,-2.387622513264345,-0.08917119827139429,-0.021027639662191993,3359.1316006766065
-1.812758583727423,0.30138656546534354,-2.114145149192767,-2.018755944909193,1.5468750000000018,-2.396642534655424,-0.09122922955017604,-0.020580312787817565,3280.3430453977503
-1.8245507327439325,0.25126332771908794,-2.075814060463021,-2.0653426567097406,1.5531250000000019,-2.4058664937471645,-0.0932499522846353,-0.020207227344592613,3205.5919438542824
-1.784297234392944,0.25291772579555233,-2.0372149601884963,-2.111082887687112,1.559375000000002,-2.415290646706524,-0.09523310690255658,-0.019831546179212796,3134.8761446757117
-1.781379364103544,0.221949438616351,-2.0033288027198957,-2.1559707592698776,1.565625000000002,-2.424911466174403,-0.0971832824550248,-0.019501755524682272,3067.4917703269
-1.8218208239785578,0.15745757113603986,-1.9792783951145982,-2.2001101805231262,1.5718750000000021,-2.4347261330369094,-0.09911005479510358,-0.019267723400787782,3003.2559087186974
-1.6764933191133884,0.2626608115690792,-1.9391541306824673,-2.243717972568749,1.5781250000000022,-2.4447315246442254,-0.10099777735121732,-0.01887722556113728,2941.8933524195636
-1.5975747727128882,0.29630618024767713,-1.8938809529605651,-2.2864399715438166,1.5843750000000023,-2.4549234854306072,-0.10284143837641868,-0.018436610252013718,2883.5357950333396
-1.7412939306144413,0.13235381171744395,-1.873647742331884,-2.3281627944928203,1.5906250000000024,-2.465298828069947,-0.10466541441037502,-0.01823976033956348,2827.809104258003
-1.8095453981714869,0.05559452402054348,-1.8651399221920306,-2.3694383765939353,1.5968750000000025,-2.47585615482235,-0.10648112063768407,-0.01815706227309049,2774.576442320026
-1.6827370659141903,0.1582116708920898,-1.8409487368062802,-2.410525232674203,1.6031250000000012,-2.486593875346769,-0.10827328985069443,-0.01792169213010353,2723.75188950537
-1.6534813447507735,0.16260290966047575,-1.8160842544112492,-2.4510778497893746,1.6093750000000013,-2.497509603180975,-0.11004126683342194,-0.01767976982727511,2675.1211665540245
-1.604922932980479,0.18315455451533288,-1.7880774874958116,-2.4910815190111144,1.6156250000000014,-2.508600766153672,-0.11178199262052312,-0.01740725787101177,2628.607978406355
-1.9780703831334236,-0.1648172765108591,-1.8132531066225652,-2.5304671274644877,1.6218750000000015,-2.5198672278635312,-0.11354724157666438,-0.017652489561412618,2584.339808015262
-2.7541788169478956,-0.8161901597101126,-1.9379886572377838,-2.5704068540619516,1.6281250000000016,-2.531316286909349,-0.11543393933969372,-0.01886697763029343,2542.3356078158718
-2.9629855292563505,-0.8891087569829554,-2.0738767722733953,-2.613094942376687,1.6343750000000017,-2.5429606311552457,-0.11745294557823946,-0.0201900623854574,2502.6681180992537
1.776854697374143,3.3401403873732756,-1.5632856899991332,-2.6587772969913566,1.6406250000000018,-2.5547820225655564,-0.11897488262797735,-0.015219370497378999,2462.9992853406566
-0.3837205108809597,1.023151645739028,-1.406872156619987,-2.6932069151248554,1.6468750000000019,-2.5667479944294707,-0.12034455465030398,-0.013696720223266316,2425.646013503486
-2.458753028006971,-0.9124205852871031,-1.5463324427198686,-2.724189416356883,1.653125000000002,-2.578857722751612,-0.12185001179252494,-0.015054571422209556,2388.8362409428883
-1.9367723221310547,-0.3386756984895576,-1.5980966236414982,-2.758245455328155,1.659375000000002,-2.5911205172118494,-0.12340587741222107,-0.015558656196961318,2353.071863562605
-1.2185396143229892,0.3292041885385424,-1.5477438028615311,-2.7934425054526337,1.6656250000000021,-2.6035364477209906,-0.12491273277060565,-0.01506855358384569,2318.63639956026
-1.2504242793216827,0.2578676554288213,-1.508291934750504,-2.827530244459555,1.6718750000000022,-2.61610114385001,-0.12638118980978927,-0.01468457039183608,2285.5060892022457
-1.9796224221903709,-0.4088046501752605,-1.5708177720151093,-2.860749057227104,1.6781250000000023,-2.6288157299754866,-0.12791053269974478,-0.015293428899555123,2253.736614706981
-1.8706146764473424,-0.2600240610752693,-1.610590615372074,-2.895346475523763,1.6843750000000024,-2.6416851870830778,-0.12947860945207942,-0.01568076752334631,2223.283184047033
-1.3615479961452965,0.2159813326939473,-1.5775293288392436,-2.9308211877639723,1.6906250000000025,-2.654709842956123,-0.1310145080088321,-0.015358985567526707,2194.13987391868
-1.1757988428034807,0.34839979959143574,-1.524198642394917,-2.9655681875211113,1.6968750000000026,-2.6678854929935687,-0.13249849274008124,-0.014839847312491434,2166.108007472725
-1.2678634750074809,0.22230044104273664,-1.4901639160502171,-2.9991408945854268,1.7031250000000013,-2.6812078850989782,-0.13394934936810576,-0.01450856628024531,2139.03432115931
-1.341946962975007,0.12853338348624138,-1.4704803464612484,-3.031964665332985,1.7093750000000014,-2.694674405045372,-0.13538104955976452,-0.014317001916587548,2112.8514982386373
-1.3147241563403465,0.13507112305401364,-1.4497952793943596,-3.064355868452313,1.7156250000000015,-2.708283088391663,-0.13679261736606294,-0.014115678062984287,2087.506027839187
-1.2609757602007767,0.16374439850710015,-1.424720158707878,-3.096292515676525,1.7218750000000016,-2.722031708140177,-0.1381797776042187,-0.013871602381557775,2062.9354186039905
-1.275645352725769,0.1292766527855579,-1.404922005511328,-3.12767792851679,1.7281250000000017,-2.7359180803833234,-0.13954766725871226,-0.013678896544935575,2039.034163388488
-1.26310930800273,0.12297918215573554,-1.3860884901584671,-3.158628458094089,1.7343750000000018,-2.749940324982216,-0.14089722471913804,-0.01349557460425783,2015.7583721113779
-1.2259817697473985,0.13884496479066816,-1.3648267345380671,-3.189165405029763,1.7406250000000019,-2.764096490465215,-0.14222608494084146,-0.013288602217034283,1993.0184781940764
-1.196624359489127,0.14586683414980448,-1.3424911936389314,-3.219235282126952,1.746875000000002,-2.7783844547950087,-0.14353320165503078,-0.013071167141893233,1970.7672660504468
-1.1775159040373568,0.1430696568398879,-1.3205855608772445,-3.2488144364152487,1.753125000000002,-2.792802064512716,-0.14481899269911327,-0.012857910440824837,1948.9983312570696
-1.1976843168013347,0.10658310049455418,-1.3042674172958886,-3.2779123375824066,1.7593750000000021,-2.807347459030487,-0.14608889765630495,-0.012699049571916688,1927.7110844169094
-1.1766727014106497,0.11065523005080244,-1.287327931461453,-3.3066521027201765,1.7656250000000022,-2.822019019459248,-0.14734231091891276,-0.012534132626077986,1906.9129210256876
-1.1186383552390686,0.1462972622709288,-1.2649356175099966,-3.335020001064845,1.7718750000000023,-2.8368148311411967,-0.14857392272006217,-0.012316118011494267,1886.5482065874482
-1.1061468092641922,0.1377133971587944,-1.243860206422987,-3.3628958082229197,1.7781250000000024,-2.8517327780135915,-0.14978501472782915,-0.012110920077669738,1865.7515363393748
-0.9612624468383344,0.24509497929910268,-1.2063574261374383,-3.390308476230285,1.7843750000000025,-2.8667700083426695,-0.1509595918537301,-0.011745771259009247,1845.6340665345679
-1.0550467571621271,0.13123384901876128,-1.1862806061808888,-3.4168958889545675,1.7906250000000026,-2.8819237189640328,-0.15211462057353253,-0.011550287198024301,1825.0370691725072
-0.9478747036844765,0.20677778122408494,-1.1546524849085604,-3.4430419817182716,1.7968750000000027,-2.89719139267031,-0.15323885355201006,-0.01124232978477532,1805.0460013080515
-0.9941990182216558,0.1391711232225956,-1.133370141444252,-3.4684920680155327,1.8031250000000014,-2.9125704535342005,-0.1543423637258047,-0.011035101737946479,1785.3580623023056
-1.5797925296076532,-0.387216623260899,-1.1925759063467543,-3.4934740206065027,1.8093750000000015,-2.9280627476366687,-0.1555035183235623,-0.011611545977575806,1765.8291759514182
-1.1423229032279356,0.043591383770893805,-1.1859142869988293,-3.51976151473179,1.8156250000000016,-2.943670832807631,-0.15665818509567878,-0.011546667721164874,1746.840397368583
-0.5185970358932995,0.5788577304200594,-1.097454766313359,-3.54590280061591,1.8218750000000017,-2.959390078132043,-0.15772672139256594,-0.01068536296887163,1728.156442962735
-0.7585483206333021,0.2939927491966409,-1.052541069829943,-3.570095037637713,1.8281250000000018,-2.9752139904858685,-0.15875152568394416,-0.010248042913782155,1709.6471356786806
-0.9624257948394163,0.07817704488608705,-1.0406028397255027,-3.5932977338648033,1.8343750000000019,-2.991139801994616,-0.1597647044910063,-0.01013178807062136,1691.3212208124698
-0.9249803049199572,0.10030894847634829,-1.0252892533963056,-3.616237446454571,1.840625000000002,-3.0071661857911844,-0.1607629714403605,-0.00998266949354214,1673.1928830966926
-1.8058850756089302,-0.6772276999845717,-1.1286573756243592,-3.638839629796808,1.846875000000002,-3.023297428371134,-0.1618618801586352,-0.010989087182747067,1655.8740948388238
-1.2210577471725832,-0.08016681720919178,-1.1408909299633914,-3.6637196732143638,1.8531250000000021,-3.039539157280496,-0.16297269802860365,-0.011108178699684479,1638.6667535076551
0.0650707595502315,1.0463726265667284,-0.9813018670164966,-3.688869004371167,1.8593750000000022,-3.0558841987768957,-0.16392813189938707,-0.009554338707834257,1621.8903989819196
-0.45345549160897874,0.45801959543816784,-0.9114750870471457,-3.710500852176451,1.8656250000000023,-3.0723213842879415,-0.16481557832153432,-0.008874464221472398,1605.1832124553662
-0.9360810346771696,-0.021350948008028874,-0.9147300866691405,-3.730593353420322,1.8718750000000024,-3.088847472838411,-0.16570619268785178,-0.008906143663174557,1588.6058356851254
-0.9097776597546543,0.004298769726640843,-0.9140764294812955,-3.7507570941749124,1.8781250000000025,-3.1054625909482523,-0.1665961695089752,-0.008899768211234296,1572.3517898550424
-0.7895391193052298,0.10808239700609851,-0.8976215163113279,-3.770906002814877,1.8843750000000026,-3.1221659056364257,-0.16747012425449737,-0.008739547455221576,1556.4715586646396
-0.8372714058329206,0.05237992041373557,-0.8896513262466558,-3.790692013726869,1.8906250000000027,-3.13895622775067,-0.16833631803039625,-0.008661937758988747,1540.953002386485
-1.9568649202380644,-0.9263181846115414,-1.0305467356265232,-3.8103024092449838,1.8968750000000028,-3.1558400282090258,-0.16933969113671896,-0.010033731063226903,1526.0963921363566
-1.2919198580166518,-0.22688135674883253,-1.06503850126782,-3.833018385270939,1.9031250000000015,-3.1728258450302858,-0.1703766452884825,-0.010369541517635514,1511.8314656363186
-0.41948489871665645,0.5604094040658246,-0.979894302782481,-3.856495672553763,1.9093750000000016,-3.189911212245544,-0.17133069901668962,-0.009540537282071158,1498.198007909025
-1.0423858077761148,-0.054251633805443115,-0.9881341739706715,-3.8780986569152374,1.9156250000000017,-3.207092385865041,-0.1722927733732519,-0.00962074356562299,1484.9113667752144
-1.649051615962339,-0.5738338817226317,-1.0752177342397073,-3.8998866592660146,1.9218750000000018,-3.2243740061150143,-0.17333963162621266,-0.010468582529607568,1472.0966134669698
-1.8436330508636478,-0.6672233680506539,-1.1764096828129937,-3.9235990111408188,1.9281250000000019,-3.2417652380974893,-0.1744850080232845,-0.011453763970718601,1459.9840647141157
-2.124050992913571,-0.8229194431473001,-1.3011315497662703,-3.949548972208702,1.934375000000002,-3.259277078922216,-0.17575180847124777,-0.012668004479632717,1448.706324863574
-2.6441233611696306,-1.1663456116467308,-1.477777749522899,-3.9782581760277034,1.940625000000002,-3.276924198430689,-0.17719058169821295,-0.014387732269651683,1438.4279369141468
-3.312416187616643,-1.5934816951783608,-1.7189344924382826,-4.0108749697871025,1.9468750000000021,-3.294726933817282,-0.17886412603364615,-0.016735443354332153,1429.4119767929444
-4.1461684963316365,-2.108401723399137,-2.0377667729324997,-4.048826305514599,1.9531250000000022,-3.3127125426046926,-0.1808480497145679,-0.019839236809217283,1422.035167358984
-5.243072567789886,-2.7845772222116913,-2.458495345578194,-4.093830848498672,1.9593750000000023,-3.3309170215510586,-0.18324152921275022,-0.023934794981823392,1416.8503912396852
-6.675609450833162,-3.6640104318097704,-3.0115990190233894,-4.148143104824495,1.9656250000000024,-3.349387767634889,-0.18617339246385933,-0.02931863251109102,1414.71371278349
-8.533048326478111,-4.797888182811321,-3.735160143666789,-4.21469194978144,1.9718750000000025,-3.3681869125380652,-0.18980950559966275,-0.036361131358034156,1416.9396592087564
-10.913522863257285,-6.238541841087668,-4.674981022169616,-4.297249033767364,1.9781250000000026,-3.3873954009625753,-0.19436026289054278,-0.04550757290880036,1425.667241335023
-14.123925315006876,-8.213117829556994,-5.910807485449882,-4.400600027669408,1.9843750000000027,-3.4071190934179505,-0.2001135862169639,-0.05753323326421113,1444.2177158713644
-18.155587031526775,-10.645113100891253,-7.510473930635528,-4.531294004572583,1.9906250000000028,-3.4274959357850383,-0.2074232611247896,-0.07309674907825692,1477.8733048568502
-23.981482032042425,-14.322034599160343,-9.65944743288209,-4.6973832623999145,1.9968750000000028,-3.448708264362557,-0.2168233104255856,-0.09400049300796029,1535.7244736774421
-27.298362443983088,-15.340751715608103,-11.957610728374975,-4.9110169225642935,2.0031250000000016,-3.4709723306031792,-0.22845801438685717,-0.11634703961271552,1635.0370903129983
-39.66464756077072,-24.103796425797512,-15.560851134973209,-5.175539019879192,2.0093750000000017,-3.494575018175588,-0.24359573706131832,-0.15137722674461132,1802.1369488985943
-47.780149904141936,-28.040967610217326,-19.7391822939246,-5.519778569946365,2.0156250000000018,-3.5198944865424004,-0.2627936302749343,-0.19197893213615957,2056.66179665828
-59.10927624669268,-34.29503619733078,-24.814240049361906,-5.95645481960868,2.021875000000002,-3.547380202412585,-0.2869206871287578,-0.2412705685382348,2492.2984629465327
-41.06709887718658,-14.16973337006284,-26.89736550712376,-6.505317202312252,2.028125000000002,-3.577379493640483,-0.31306513742920083,-0.2614445030044304,3010.738762016771
-19.76389993632808,6.238649332170703,-26.002549268498807,-7.1003530075740935,2.034375000000002,-3.609949338185219,-0.3383317534655184,-0.25266616036317585,3615.215600937168
-39.40262575321426,-11.716746799726263,-27.68587895348798,-7.675800671278287,2.040625000000002,-3.6451272084926245,-0.3652256526825941,-0.2689389921707566,4531.131900272072
-54.57081197926334,-23.555299638602854,-31.015512340660507,-8.288345707751397,2.046875000000002,-3.6831557522428735,-0.39534522232238895,-0.3011956963979483,5649.384203802539
-81.09461437529977,-43.96190802017297,-37.13270635512681,-8.974150903006855,2.0531250000000023,-3.724492819494636,-0.43139612271285455,-0.360509003904656,6975.8952136750495
-52.18415890508061,-13.232205100603233,-38.95195380447735,-9.794545625005636,2.0593750000000024,-3.7695228921490576,-0.46920533037557643,-0.3780920766272189,8445.565175011085
53.629380047230384,81.58029798905646,-27.950917941826052,-10.654714269351354,2.0656250000000025,-3.817799749650556,-0.4963318196543879,-0.2712648927881148,9098.54588337218
4.243728164974945,28.413549724180303,-24.169821559205342,-11.271963348002984,2.0718750000000026,-3.8686056463590797,-0.519786114516091,-0.23454294861703154,10183.277090468666
26.13914252628661,44.459480053542094,-18.320337527255486,-11.805353036323584,2.0781250000000027,-3.921473101832051,-0.5375629949433389,-0.17776880427247904,10566.00942227892
18.521244067437987,32.59926854274143,-14.078024475303438,-12.209436575857271,2.0843750000000028,-3.975912403125872,-0.5512230309330827,-0.1366003598974378,10780.925597963207
11.027508429597127,22.240589910955453,-11.213081481358314,-12.519707268198818,2.090625000000003,-4.031578713295124,-0.5621031724519621,-0.10880141518879434,10867.564150067958
5.609723397559679,14.91906525011818,-9.309341852558504,-12.766577006021018,2.096875000000003,-4.088240685658528,-0.5711362748161128,-0.09033102364150768,10951.72836944726
4.363062963851065,12.137179646711166,-7.774116682860107,-12.971267933399659,2.1031250000000017,-4.145731498440794,-0.5786799808292057,-0.07543706013092871,11267.694426252021
-6.569435233909775,1.0700698020978012,-7.639505036007593,-13.141924273357743,2.1093750000000018,-4.203970169657642,-0.5860934435077524,-0.07413462678546737,12292.8407709122
3.1024798163634815,9.552422503059192,-6.449942686695716,-13.309425843275765,2.115625000000002,-4.262892489109333,-0.5923529455260781,-0.06259502018325676,12700.058266131055
6.392794143802678,11.42939080353506,-5.036596659732385,-13.450530905425385,2.121875000000002,-4.322372196879948,-0.5972412098862032,-0.048882643601250865,13059.557209030836
7.405840339703032,11.080871186463973,-3.6750308467609383,-13.560313735954914,2.128125000000002,-4.382274673738858,-0.6008083272920112,-0.03567117405807937,13450.272542095763
-2.582587467259228,0.9732082435202949,-3.555795710779524,-13.639921989992235,2.134375000000002,-4.442528093137943,-0.6042600606896857,-0.03451733397674555,14227.63173693444
32.048729428160605,31.746458172807998,0.30227125535260463,-13.716740699821244,2.140625000000002,-4.502939426298688,-0.603966602525216,0.0029345816446979343,14530.888744525922
17.58875294358244,15.420974743138823,2.1677782004436175,-13.708392719556029,2.1468750000000023,-4.563230844907748,-0.6018617696559755,0.02104832869240416,14836.672382942168
13.27306257721737,9.912155905556391,3.360906671660979,-13.658812018445007,2.1531250000000024,-4.623253834454629,-0.5985980212816366,0.03263748374338811,15137.405211893896
23.598226092304873,18.073576540781545,5.524649551523331,-13.582842543177026,2.1593750000000025,-4.6828453519882185,-0.5932323293901608,0.053656918914758295,15358.709051268268
-1.2647086200390292,-6.065625330284856,4.800916710245827,-13.459128971918467,2.1656250000000026,-4.741935411842665,-0.5885688676987645,0.04663461691396289,16130.098567718114
25.60557916572695,18.59746823170721,7.008110934019732,-13.35133802394033,2.1718750000000027,-4.8004518748611735,-0.581760392671417,0.068084750273475,16244.217765937266
45.52714764331568,34.44347688398936,11.083670759326308,-13.194923639290321,2.1781250000000028,-4.858089436982007,-0.5709908497452545,0.10769542926162497,16040.604478685884
46.30050176208608,31.498666175214986,14.801835586871087,-12.94876633864638,2.184375000000003,-4.914469300358271,-0.5566064177800268,0.1438443196522761,15601.501404700695
35.29403380038014,18.332253857225187,16.961779943154934,-12.620797736910584,2.190625000000003,-4.969305653680353,-0.5401206486616008,0.16485769118426027,15184.512412051594
32.63930199922685,14.026252227419258,18.613049771807603,-12.245405815885473,2.196875000000003,-5.022413066589135,-0.522027609514044,0.18093039147556758,14759.024361346535
37.08383048368548,16.52404144777446,20.559789035911027,-11.83384114252228,2.2031250000000018,-5.073616442642646,-0.50203991155617,0.19987697957874007,14238.38382443914
42.465679443894764,19.593609719618748,22.87206972427601,-11.379623867666377,2.209375000000002,-5.122708542853158,-0.479802092654072,0.22237818902098003,13723.631999861824
43.507237376586886,18.452151572738902,25.05508580384797,-10.874717249639863,2.215625000000002,-5.169470642286406,-0.455439896010886,0.2436219664318594,13259.316084213802
53.3243933200379,25.268534177741326,28.055859142296583,-10.321971655574247,2.221875000000002,-5.213650556501899,-0.42815838829898023,0.2728150771190579,12886.735595733126
39.423345843443684,10.156372276519093,29.266973566924598,-9.703346963871764,2.228125000000002,-5.255043388117658,-0.39969824401618537,0.28460144282794847,12609.475132696893
55.82105379921948,23.709531540143015,32.11152225907642,-9.058247130712958,2.234375000000002,-5.2934518801646355,-0.36847159692337983,0.31226647092805554,12454.59969521603
59.11670980309405,24.0940368599994,35.02267294309466,-8.350628490016781,2.2406250000000023,-5.328596173628595,-0.3344142723558094,0.3405732456757045,12370.180083065005
51.529155785905694,14.71374927863035,36.815406507275306,-7.578972502315413,2.2468750000000024,-5.360247611446652,-0.29861448400532,0.357997883504894,12528.23311667388
43.95837752918293,6.360069425680362,37.59830810350255,-6.767876992545143,2.2531250000000025,-5.388281072838344,-0.26205474382853317,0.36559740176786804,12741.683921826962
48.47154825736146,9.671202608210423,38.80034564915103,-5.939552213398793,2.2593750000000026,-5.41260020577865,-0.2243279149775883,0.37726828850944866,13245.048581288394
50.40685219512079,10.310826853579956,40.09602534154082,-5.084723586548951,2.2656250000000027,-5.433083764592076,-0.18534326129091044,0.3898465368667787,13885.95949493093
47.116931776450485,6.228113880637554,40.888817895812906,-4.201298949442117,2.2718750000000028,-5.449630421281096,-0.14558987248948987,0.3975338880142056,14670.135092420156
42.305849971921674,1.2538272100082541,41.05202276191351,-3.300343932610911,2.278125000000003,-5.462193903088229,-0.10567976365316267,0.399101088363272,15643.851029585785
48.24272220296859,6.360220813548547,41.88250138942006,-2.3957288952111635,2.284375000000003,-5.470726088574656,-0.06496394607537802,0.4071581757778465,16795.260218613963
44.23815519781802,2.0795959180829624,42.15855927973507,-1.4727554787421686,2.290625000000003,-5.4751733324695415,-0.023980931822336585,0.40983014253041433,18121.02140863536
42.76453888989231,0.5338663398189472,42.230672550073365,-0.5436625522796167,2.296875000000003,-5.47551879399302,0.01707170135276749,0.4105263317510407,18418.395856753425
59.087520363603126,14.836085642053916,44.2514347215492,0.38702246640331583,2.303125000000002,-5.47166075280475,0.0600891224126278,0.43017421059860306,18334.0741269602
52.72494123724411,7.448028842931524,45.276912394312504,1.36219881092565,2.309375000000002,-5.463451050798019,0.10410491772198441,0.44015795309356603,19098.935164734852
56.70654681841405,10.036405095865764,46.67014172254824,2.3598753995594186,2.315625000000002,-5.450771908071109,0.1494779368162196,0.45373019094235195,20412.763264096422
14.32845620767435,-28.35821934803363,42.68667555570804,3.3880919581875344,2.321875000000002,-5.433748911186349,0.19098200087897316,0.4150406406275356,21686.906879075388
11.620411880128948,-27.216163057968615,38.83657493809757,4.3283039499433205,2.328125000000002,-5.412762450199285,0.2287472188623127,0.3776521798333953,22768.97089005489
-1.016282691133917,-34.884735374680254,33.86845268354634,5.183417490135385,2.3343750000000023,-5.388240774655811,0.2616862920071665,0.3293907314485378,24022.915119016838
-38.10820279499893,-62.95408888632674,24.84588609132781,5.928796844151305,2.3406250000000024,-5.360863732745101,0.285854546207038,0.2416825419987149,25110.334428053415
-90.80004529431783,-101.06932635114339,10.269281056825582,6.4751566439132295,2.3468750000000025,-5.3317787254885065,0.2958455989248616,0.09991052717823641,26004.00577191352
-147.1294500474452,-137.45593076276623,-9.673519284678969,6.700242048232281,2.3531250000000026,-5.302664823669803,0.28643243744921615,-0.0941316147564547,25373.651224472524
-115.75655665942388,-92.5814121156337,-23.1751445437902,6.486008179236797,2.3593750000000027,-5.27514933177579,0.2638774004310396,-0.22555037018176585,23335.21138390973
-236.76570414530298,-186.30678718164847,-50.45891696365452,5.974588761506739,2.3656250000000028,-5.251217309737605,0.2147630403326647,-0.4911436009837489,20430.902825006357
-110.06235173764343,-51.96895183884496,-58.093399898798445,4.862184837491883,2.371875000000003,-5.232568496913354,0.15821321615236314,-0.5654982418030156,17343.16091866059
-52.79698736478844,4.613127781517257,-57.41011514630567,3.5817167508892442,2.378125000000003,-5.219541560862938,0.10232550485595793,-0.5588771129640522,14685.486437282394
-1.1099604035121347,49.04705480928786,-50.157015212800026,2.316417739559291,2.384375000000003,-5.211750444939704,0.053496813608709184,-0.4882869124724874,12586.385536195963
24.96290163300107,65.42319502099807,-40.46029338799698,1.2110185500417536,2.390625000000003,-5.2083702479443685,0.014107126298000594,-0.3938968731070859,10949.542471207951
37.35830921638959,67.75502925115403,-30.396720034764403,0.319341556007526,2.396875000000003,-5.208439175886528,-0.015485685141188501,-0.29592811439189093,9702.400693844646
2.3659339323952286,28.518046911000845,-26.15211297860562,-0.3505453683779142,2.403125000000002,-5.211260776532555,-0.040946327779351574,-0.25460642638163067,8724.018771943278
29.702845404857783,48.60625795045636,-18.903412545598563,-0.9268893132494908,2.409375000000002,-5.216275591210667,-0.0593499657828903,-0.1840363800353872,7964.525683813594
-0.6340196245266411,15.894689346952429,-16.528708971479073,-1.3434889032747346,2.415625000000002,-5.223015172382806,-0.07544165765989316,-0.16091691877002856,7340.267199268405
1.0333761297748436,15.275978513506056,-14.242602383731214,-1.7077593873273917,2.421875000000002,-5.231252636682369,-0.08930762833136605,-0.13865970671472877,6822.878483432999
5.897359234911344,17.514686825526837,-11.617327590615501,-2.0216533149467177,2.4281250000000023,-5.240748901977905,-0.10061767757935067,-0.11310049247984626,6388.188491734509
0.9900239886970955,10.961881541981407,-9.971857553284316,-2.277695384181335,2.4343750000000024,-5.251296071224076,-0.11032570734408091,-0.09708029764730243,5991.537385058227
2.886046488184147,11.177708454438418,-8.291661966254264,-2.4974779176099036,2.4406250000000025,-5.262732253003538,-0.11839792824514811,-0.08072220901067191,5683.291510769451
2.1495531460300517,9.075280045090611,-6.9257268990605585,-2.68023465347974,2.4468750000000026,-5.2749091646785935,-0.12514030525596856,-0.0674237701082045,5420.244106572433
1.2249266431460797,7.083241998510572,-5.858315355364498,-2.8328903782304784,2.4531250000000027,-5.287708353872046,-0.13084347861307824,-0.05703173357109669,5190.781925708009
-1.83009981646977,3.500168045705894,-5.330267862175662,-2.962023140741609,2.4593750000000028,-5.301052154949895,-0.13603254294390524,-0.051890643308269944,4971.507471687393
-0.91514041198845,3.8358027295090786,-4.750943141497534,-3.0795188404400653,2.465625000000003,-5.314886661604765,-0.14065759015349724,-0.04625047209591995,4796.5426866492
0.9414958795359049,4.944828213441288,-4.003332333905386,-3.1842467489400104,2.471875000000003,-5.329147281425404,-0.14455480625926456,-0.03897216105767317,4639.5097031092055
5.112618673944755,7.91767916907118,-2.8050604951264257,-3.272497511774024,2.478125000000003,-5.343739296371789,-0.14728549266842575,-0.027306864091611985,4501.769232672529
-2.377774365530099,0.37109098290994263,-2.748865348440041,-3.3343387475631623,2.484375000000003,-5.358601643788926,-0.1499614556743269,-0.02675963005901137,4372.772037120937
1.2941503654032294,3.5107515050162306,-2.216601139613002,-3.3949394287784065,2.490625000000003,-5.373705679447455,-0.15211925749623992,-0.021578018219130177,4255.887294660509
-2.9528280772532955,-0.6392213410955475,-2.313606736157748,-3.4438074838478157,2.4968750000000033,-5.389030216312923,-0.15437147981313276,-0.022522223168928313,4144.7973251003705
-3.770105279951616,-1.2644737899406961,-2.5056314900109196,-3.4948106721716643,2.503125000000002,-5.404589321370116,-0.15681062133073,-0.024391415175972545,4038.466493889
-2.3107499585972873,0.16918130057385217,-2.4799312591711393,-3.5500428688576235,2.509375000000002,-5.420391089239982,-0.1592247360665909,-0.02414114735860899,3937.956952837553
-1.5565446745501572,0.801512565066961,-2.3580572396171195,-3.6047056432761697,2.515625000000002,-5.436428336304074,-0.16152020521523766,-0.02295469148646765,3843.1292594244046
-1.7193067439019154,0.5543985643978113,-2.2737053082997263,-3.656679371667949,2.5218750000000023,-5.452691024438402,-0.163733557471335,-0.022133522560973458,3752.8555821757564
-1.8923549219531133,0.33096443988927027,-2.2233193618423837,-3.7067908922284407,2.5281250000000024,-5.469172595282032,-0.16589785940125457,-0.021643019299195543,3666.6593776164123
-1.8302734251402506,0.3410888825640731,-2.171362307704325,-3.7557887116630484,2.5343750000000025,-5.485868067429977,-0.16801158355764317,-0.021137241563886005,3584.6779329462593
-1.7680589572635712,0.3499660402939735,-2.1180249975575447,-3.8036381973960802,2.5406250000000026,-5.502772316012973,-0.17007338810227826,-0.02061804544635076,3507.085904151069
-1.7775191255027554,0.2954543019293549,-2.0729734274321086,-3.850308955783812,2.5468750000000027,-5.519880552440268,-0.17209134044361474,-0.02017952341336474,3433.5874385337534
-1.7904446248907535,0.24513290449067893,-2.0355775293814338,-3.895983644946525,2.5531250000000028,-5.5371887641879205,-0.17407289450942445,-0.01981554065809704,3363.9154762165244
-1.7672891761045302,0.23276452366225667,-2.0000536997667884,-3.9408310653855585,2.559375000000003,-5.554693402613033,-0.1760198739928345,-0.019469794834100503,3297.923504445214
-1.760103724109871,0.208167601118123,-1.968271325227995,-3.984892583282219,2.565625000000003,-5.572391192424129,-0.1779359222290863,-0.0191604823625179,3235.220262547933
-1.7838497577442054,0.1599853744883358,-1.9438351322325407,-4.028250786426718,2.571875000000003,-5.590279398112624,-0.1798281915408231,-0.018922693117368095,3175.6059599662094
-1.6347458147444778,0.2681299866110067,-1.9028758013554856,-4.071067725356709,2.578125000000003,-5.6083548375879815,-0.1816805979663183,-0.018524064254951827,3118.817039702384
-1.5617218399186057,0.2959373394483039,-1.857659179366912,-4.1129794351772855,2.584375000000003,-5.626613317371723,-0.1834889977085262,-0.01808399742207907,3064.97226111324
-1.708054780223218,0.1297666832643476,-1.837821463487565,-4.153892287077591,2.5906250000000033,-5.645051672119314,-0.18527809724327648,-0.017890995347502794,3013.673495886711
-1.7763517830585396,0.05331102896527754,-1.8296628120238152,-4.194365793358074,2.5968750000000034,-5.66366854031379,-0.18705926664624709,-0.01781169402970601,2964.780322518163
-1.648700245108874,0.15696253059470427,-1.8056627757035761,-4.234657557658455,2.603125000000002,-5.682462357889524,-0.18881708486844742,-0.01757818222200335,2918.220377666301
-1.6192582822816979,0.1616811507391661,-1.7809394330208637,-4.274418695700911,2.609375000000002,-5.701430754532978,-0.19055084800061742,-0.017337631321700023,2873.7867200684404
-1.5900368516820667,0.16558182495048973,-1.7556186766325577,-4.313633508098329,2.6156250000000023,-5.7205712956604104,-0.19225997454804164,-0.0170912654742423,2831.483837594069
-1.9674772356209758,-0.18378389182928537,-1.783693343791691,-4.352289077298617,2.6218750000000024,-5.73988411670321,-0.1939964463079435,-0.01736471759901863,2791.3736306538626
-2.7244079925805114,-0.8160068700334349,-1.9084011225470754,-4.391562386981669,2.6281250000000025,-5.759376655998672,-0.19585433960129442,-0.018578932933509266,2753.400945623816
-2.930420670595676,-0.8865259765519345,-2.0438946940437415,-4.4335832873952725,2.6343750000000026,-5.779061580830038,-0.1978441570260208,-0.01989817424726365,2717.7460156688758
1.8048245205496185,3.338395158175806,-1.5335706376261884,-4.478589706315839,2.6406250000000027,-5.798920646930412,-0.1993371649814603,-0.014930079554395221,2681.978098480152
-0.35817137238332203,1.0195383178997945,-1.3777096902831176,-4.51234932374886,2.6468750000000028,-5.818921427461661,-0.2006784456435232,-0.013412806620628694,2648.0111756735632
-2.4309995146785455,-0.9136425148254307,-1.5173569998531151,-4.542674151743631,2.653125000000003,-5.839063134407401,-0.20215569327127775,-0.014772476277545592,2614.381075536638
-1.9094856957607234,-0.3401403623228593,-1.5693453334378649,-4.576076883633261,2.659375000000003,-5.859355097439816,-0.2036835673770141,-0.015278741057363527,2582.13082390387
-1.1880833769845016,0.33068320089437986,-1.518766577878881,-4.610625901330266,2.665625000000003,-5.879797386360344,-0.20516221103352947,-0.01478643656515382,2551.287113778343
-1.2259405485818549,0.2539704484054242,-1.479910996987279,-4.644061048466732,2.671875000000003,-5.9003856487466475,-0.20660303669255592,-0.014408256590264552,2521.519367323346
-1.9563357538945896,-0.4132228353773963,-1.5431129185171915,-4.676640909363407,2.678125000000003,-5.9211210708928,-0.2081054062304975,-0.01502369537941593,2492.9176216333512
-1.847777553629561,-0.2642456812767006,-1.5835318723528589,-4.710614847342545,2.6843750000000033,-5.942008698129044,-0.209647138494375,-0.01541732263877503,2465.5299664754975
-1.339390228480615,0.21173095190869892,-1.5511211803893141,-4.745480956688904,2.6906250000000034,-5.963048921344258,-0.21115732580991695,-0.01510187315541958,2439.3682896585697
-1.1548796758090798,0.34363952046971386,-1.498519196278794,-4.779634389358654,2.6968750000000035,-5.984237603065372,-0.21261630861236017,-0.014589828024432108,2414.2012964549854
-1.2462534612248557,0.21877133247615535,-1.46502479370101,-4.812630338867429,2.703125000000002,-6.005570552957665,-0.2140426892334903,-0.014263806211301166,2389.860176184987
-1.3176635125928997,0.12779142619122716,-1.4454549387841276,-4.844890055011441,2.7093750000000023,-6.027045188619266,-0.21545002399853597,-0.014073347650456848,2366.2962830370943
-1.2904997000843312,0.13437661818505592,-1.424876318269386,-4.8767205420921975,2.7156250000000024,-6.04865955631391,-0.21683732989434928,-0.013873058958133093,2343.4557307896757
-1.2379811681203203,0.16207562502159906,-1.400056793141919,-4.9080996810996105,2.7218750000000025,-6.07041144665701,-0.2182004769676438,-0.01363147073294529,2321.235161618857
-1.253928924345724,0.12672107650439238,-1.3806500008501157,-4.93893410190797,2.7281250000000026,-6.092298707225565,-0.21954473440345215,-0.013442574358083603,2299.498577222215
-1.2417814394144444,0.12042602835852775,-1.3622074677729723,-4.969343160898706,2.7343750000000027,-6.114319495957604,-0.2208710402373391,-0.013263058338869541,2278.2399987661665
-1.2160350719826678,0.1267608199685517,-1.3427958919512193,-4.999348155380558,2.7406250000000028,-6.136471970478615,-0.2221784501828841,-0.013074099455449748,2257.396650560197
-1.1824117532989864,0.1390866844895633,-1.3214984377885488,-5.028927752982389,2.746875000000003,-6.1587541493526485,-0.22346512729778298,-0.01286677114898874,2236.9963435896298
-1.1543877531404187,0.1449215825819949,-1.2993093357224146,-5.05804039225209,2.753125000000003,-6.181163915852453,-0.22473020269831578,-0.012650754005328193,2216.908635004983
-1.1755297784870193,0.10734484036694403,-1.282874618853963,-5.086666398672651,2.759375000000003,-6.203699389911145,-0.22597927847551771,-0.012490757772019417,2197.094671767939
-1.158347970037274,0.10799446948908609,-1.266342439526361,-5.114932539913033,2.765625000000003,-6.226358966790381,-0.2272122591092118,-0.012329806336940983,2177.620193907212
-1.1010264887398278,0.14337145796094444,-1.244397946700772,-5.142836595208394,2.771875000000003,-6.249140773460326,-0.22842387428967426,-0.01211615180462461,2158.4411950398016
-1.0882239801544658,0.13544561298182434,-1.2236695931362906,-5.170259190060772,2.7781250000000033,-6.272042732554048,-0.22961530758478432,-0.011914332951100726,2138.702622180961
-0.9549704536094877,0.2330408095330376,-1.188011263142525,-5.197227005594994,2.7843750000000034,-6.295062099026254,-0.2307720218593155,-0.01156714274531186,2119.4564697148367
-1.0374197763723294,0.13061008764058174,-1.1680298640129108,-5.223410868392235,2.7906250000000035,-6.3181961641513364,-0.23190928064234928,-0.011372587830337672,2099.668994641917
-0.9384742069875032,0.1991016704591829,-1.137575877446685,-5.249156104726372,2.7968750000000036,-6.3414424725284215,-0.23301688689934993,-0.011076062570006562,2080.454811534257
-0.9798848437843174,0.13677509832477422,-1.116659942109092,-5.274231731639481,2.8031250000000023,-6.364798523229571,-0.23410412712363896,-0.010872402242890197,2061.621028870987
-1.5619179939361234,-0.38620671977720405,-1.1757112741589208,-5.298847746533905,2.8093750000000024,-6.3882661726571985,-0.2352488614289018,-0.011447343052628381,2043.0724677684177
-1.1286781715559844,0.0407983955425042,-1.1694765670984892,-5.324766267468136,2.8156250000000025,-6.411847991908476,-0.23638752359664988,-0.01138662167748065,2025.1791575718
-0.507493625392262,0.574230526678473,-1.0817241520707364,-5.350548274512975,2.8218750000000026,-6.435539405277742,-0.2374407437886674,-0.010532201920174972,2007.6640140642883
-0.745157078560319,0.29196339067734656,-1.0371204692376657,-5.374397018138251,2.8281250000000027,-6.45933396915949,-0.23845053384628734,-0.01009790057619956,1990.2277378713654
-0.9482217646284882,0.07712164056676975,-1.025343405195258,-5.397263170966673,2.8343750000000028,-6.483228938620092,-0.23944885536574312,-0.00998321519455771,1972.889758446548
-0.909682539077771,0.1003421779853614,-1.010024717063132,-5.4198699271091115,2.840625000000003,-6.507222994392761,-0.24043226008761553,-0.009834047218724178,1955.7678697204353
-1.7919351731706952,-0.6783682742238525,-1.113566898946841,-5.442138997866161,2.846875000000003,-6.531320431201011,-0.24151647607739532,-0.010842159897797785,1939.4480662149037
-1.2105694774638562,-0.08415981360571607,-1.1264096638581396,-5.466689648871939,2.853125000000003,-6.555526914724728,-0.24261319439696238,-0.010967183195670777,1923.1895563124438
0.07855674233200605,1.0455090329799748,-0.9669522906479677,-5.491522835962115,2.859375000000003,-6.579835307292529,-0.24355465695906423,-0.009414625621018542,1907.3540670442708
-0.4398395526988876,0.4573829907426752,-0.8972225434415627,-5.512841217228121,2.865625000000003,-6.604234451468921,-0.24442822656876864,-0.008735696097044042,1891.3989006827285
-0.923219485211757,-0.022558014233457352,-0.9006614709782995,-5.532622138708485,2.8718750000000033,-6.628721119958406,-0.24530514322093952,-0.008769166521708865,1875.3817227799223
-0.8965709559202725,0.0035507778610488834,-0.9001217337813205,-5.55247810144742,2.8781250000000034,-6.653295453782536,-0.2461815332616601,-0.0087639004072056,1859.5713366078955
-0.7761643458810795,0.10757908933041742,-0.8837434352114967,-5.572321526327456,2.8843750000000035,-6.67795662923746,-0.2470419758368348,-0.008604425751747071,1844.0353240934576
-0.8248775432508776,0.051091724086982745,-0.875969267337861,-5.5918036069340795,2.8906250000000036,-6.702703470444823,-0.24789484831042272,-0.00852872473587912,1828.7485933431624
-1.9454834542443835,-0.9283150636793541,-1.0171683905650297,-5.611114397702733,2.8968750000000036,-6.7275424726520505,-0.24888519583413207,-0.00990347523709355,1814.0342794630508
-1.2820465422030274,-0.22992387748090926,-1.0521226647221178,-5.633537684226504,2.9031250000000024,-6.752482211180321,-0.24990957473127937,-0.010243788971472923,1799.8740800106498
-0.40823714672943023,0.5589613155577722,-0.967198462287202,-5.6567330096743165,2.9093750000000025,-6.777520253287793,-0.2508512674181753,-0.009416926868959759,1786.3581900177521
-1.0308951556649937,-0.055297966661455804,-0.9755971890035375,-5.678059850588437,2.9156250000000026,-6.80265287342993,-0.2518011354245645,-0.009498680063891991,1773.0903293653278
-1.637721751603814,-0.5748819862006357,-1.0628397654031774,-5.699576770425075,2.9218750000000027,-6.827884727310392,-0.25283594218467986,-0.01034806760115375,1760.2449830691137
-1.832698725471314,-0.6684769518301228,-1.1642217736411904,-5.723023889169589,2.9281250000000028,-6.853224997028899,-0.25396945218546224,-0.011335100007823761,1748.151835650976
-2.113925615315879,-0.8247105966642175,-1.2892150186516618,-5.748716180347356,2.934375000000003,-6.878684702164513,-0.2552246505268154,-0.012551983413531776,1736.9858964370073
-2.6342981174265865,-1.1681619333990088,-1.4661361840275788,-5.7771784058098055,2.940625000000003,-6.9042785391636645,-0.25665208945621115,-0.01427438929395707,1726.941146802287
-3.3041444685360366,-1.5964087401768001,-1.707735728359236,-5.809560709590818,2.946875000000003,-6.930026880173573,-0.2583147307419524,-0.016626412857412152,1718.3325124084583
-4.141380360330092,-2.1139705089114913,-2.0274098514186005,-5.847295934195315,2.953125000000003,-6.955957045268577,-0.26028857115813264,-0.01973840416180247,1711.6363448209245
-5.240935823868534,-2.791718735765697,-2.4492170881028383,-5.892114312543623,2.959375000000003,-6.982105124714779,-0.26267301776589846,-0.02384446607765821,1707.5185467018528
-6.676193043858091,-3.672579246074623,-3.003613797783469,-5.9462790566650305,2.9656250000000033,-7.0085186309637875,-0.26559710721426777,-0.029240894483693,1706.9906184755878
-8.538728426845204,-4.809763293894442,-3.728965132950762,-6.012728107097872,2.9718750000000034,-7.03525984580527,-0.2692271896153839,-0.03630082401116135,1711.5650346372286
-10.925058597434907,-6.253951954810314,-4.67110664262459,-6.095249428017393,2.9781250000000035,-7.062409914059882,-0.2737741754768445,-0.045469858614606416,1723.6445868951334
-14.142921833187053,-8.232998413405024,-5.90992341978203,-6.198646916098582,2.9843750000000036,-7.090074954748331,-0.27952663829213553,-0.057524628152910345,1746.7891873578658
-18.185057846082206,-10.671503681596235,-7.513554164485975,-6.329492185694029,2.9906250000000036,-7.118393252216992,-0.28683931108109295,-0.0731267278895741,1786.7023634877319
-24.02793449500144,-14.359749818382879,-9.668184676618564,-6.495868262624758,2.9968750000000037,-7.147547610920681,-0.2962478629926694,-0.09408551911576471,1853.010058956355
-27.36762181948881,-15.39339172769872,-11.97423009179008,-6.7099716611412035,3.0031250000000025,-7.177754940946478,-0.3078987375232756,-0.11650874530606219,1963.7234541030411
-39.756770127515075,-24.169483278604822,-15.58728684891026,-6.975206952139751,3.0093750000000026,-7.209302986676416,-0.323062177075484,-0.1516343955220838,2146.2333434904563
-47.88404190626414,-28.10838130913252,-19.77566059713161,-7.320455207032651,3.0156250000000027,-7.242570872944291,-0.34229554828201536,-0.19233371206531372,2420.2477738533566
-59.28671039316004,-34.41783023196124,-24.868880161198813,-7.758437547218854,3.0218750000000028,-7.2780094369630755,-0.36647573209367307,-0.24180183811657685,2881.5184098922205
-41.27540873355766,-14.303755594817899,-26.971653138739747,-8.309058883401836,3.028125000000003,-7.315967843095503,-0.392692390554882,-0.26216658461208925,3429.3367856994296
-20.00430181619379,6.093567695512581,-26.097869511706367,-8.906308186290357,3.034375000000003,-7.356505044075627,-0.41805162904758825,-0.25359238492706265,4065.57098660018
-39.712426739643085,-11.90437200858662,-27.808054731056455,-9.48442155370877,3.040625000000003,-7.399660835982659,-0.4450642090930464,-0.2701258004545817,5015.535303062776
-54.85602648970854,-23.698158017123287,-31.157868472585278,-10.100183270302566,3.046875000000003,-7.445680147569022,-0.47532202263421797,-0.302578135411716,6168.92576397521
-81.4090313174738,-44.11294351173708,-37.29608780573674,-10.789586715084784,3.053125000000003,-7.495022825930765,-0.5115315446006405,-0.36209521966422525,7534.49664743103
-52.58461232396732,-13.440700366919001,-39.14391195704835,-11.61396403081617,3.0593750000000033,-7.548075757104655,-0.5495270788771575,-0.37995534276516907,9051.017707084355
53.277371809283295,81.43930321316044,-28.16193140387717,-12.47866047050375,3.0656250000000034,-7.604395028931144,-0.5768583576526122,-0.2733127877545468,9750.082257504235
3.958469390020829,28.3480513367926,-24.389581946771735,-13.100764462325476,3.0718750000000035,-7.663264242168043,-0.6005259070853626,-0.23667549432750346,10882.085011516154
25.781190489662247,44.33737175218063,-18.556181262518358,-13.639110669974754,3.0781250000000036,-7.724217119279598,-0.618531635145742,-0.18005728060379517,11296.43299545585
18.259658505986433,32.576496946596414,-14.316838440609997,-14.048442397470433,3.0843750000000036,-7.786764870762467,-0.632423394511636,-0.13891759365893952,11534.952782531689
10.772725982435011,22.226443972100984,-11.453717989665982,-14.363978506927635,3.0906250000000037,-7.850562891864799,-0.6435370275350005,-0.11113633023364528,11640.081762656246
5.4503682939966644,14.991145314562852,-9.540777020566171,-14.616115725540919,3.096875000000004,-7.915379478121909,-0.6527946976072005,-0.09257670072200075,11737.952757295405
4.205668961801825,12.202901169685113,-7.997232207883293,-14.825839824115405,3.1031250000000026,-7.98104695832263,-0.66055490640722,-0.07760208800019436,12077.857714604255
-6.7421760464760165,1.1148202493170296,-7.856996295793036,-15.001318251859063,3.1093750000000027,-8.047483674897034,-0.6681794250808515,-0.07624518673631464,13119.87351326425
2.9509531126288975,9.611072379897388,-6.660119267268495,-15.173492566119359,3.1156250000000028,-8.11462479105193,-0.6746428980170915,-0.06463472936240035,13534.467953509167
6.212845673788381,11.456278884535752,-5.243433210747371,-15.319085046239858,3.121875000000003,-8.182343531323077,-0.679731907405855,-0.050890093887634054,13901.726450118156
7.202449653322851,11.083923583811607,-3.8814739304887533,-15.433258402444519,3.128125000000003,-8.250505096988867,-0.6834994059099395,-0.037674985040845155,14300.742175291616
-2.7397400779869483,1.0171152193708792,-3.7568552973578306,-15.51722596595513,3.134375000000003,-8.319037383023115,-0.6871463147750378,-0.03646908865098347,15086.407050596594
31.93083519660804,31.820592469510807,0.11024272709723361,-15.598263787034167,3.140625000000003,-8.387746663077392,-0.6870392863104808,0.0010702846455697423,15395.416082042339
17.499567013498737,15.512697597150384,1.9868694163483542,-15.593915807810584,3.146875000000003,-8.456354132853619,-0.6851101092140589,0.01929177096421902,15706.696801827902
13.195485081880292,10.004361760579064,3.19112332130123,-15.54807210805248,3.1531250000000033,-8.524710200115923,-0.6820112360320004,0.03098873182058451,16013.101854204531
23.559971336859682,18.19101835267938,5.368952984180305,-15.475579441218658,3.1593750000000034,-8.592650599964392,-0.6767967609373787,0.05214475094621641,16235.90726356488
-1.311146639616554,-5.96802222880652,4.656875589189966,-15.355021029614072,3.1656250000000035,-8.660104098827587,-0.6722732163265259,0.045235446108528504,17013.91354786426
25.568711010760723,18.693248623551252,6.875462387209463,-15.250121860354474,3.1718750000000036,-8.726997440202181,-0.665593611165377,0.0667960516114896,17129.43515269236
45.5080422728988,34.54498602400794,10.963056248890862,-15.096347198539874,3.1781250000000036,-8.793024183978137,-0.6549412643537381,0.10652346811638878,16921.444230646306
46.313235250066676,31.617914144023995,14.695321106042666,-14.852569706568667,3.1843750000000037,-8.857804264356803,-0.6406603432195691,0.1428092113416899,16473.268871548244
35.321288605969876,18.451898052287536,16.869390553682354,-14.526682322641495,3.190625000000004,-8.921050500052765,-0.6242643706996689,0.1639597251990024,16041.296036773232
32.69373624285847,14.157582256160381,18.536153986698114,-14.153079639814392,3.196875000000004,-8.982576022539044,-0.6062460790259182,0.1801829167375067,15597.061532174455
37.16828901215768,16.668364993239482,20.499924018918218,-13.742989186239132,3.2031250000000027,-9.04220415550521,-0.5863165802974141,0.19929498728504097,15056.013780473178
42.58489988563035,19.753771780803437,22.83112810482691,-13.289903845452557,3.2093750000000028,-9.09972591290452,-0.5641185676887492,0.2219801260866479,14520.488474120113
43.62363574032863,18.592831397365092,25.030804342963563,-12.78575065180051,3.215625000000003,-9.154920840339537,-0.5397799810115993,0.2433858667714997,14033.371007408241
53.49680719394174,25.444340487498593,28.05246670644313,-12.233433463007248,3.221875000000003,-9.207534927995274,-0.5125017721031422,0.27278208908457063,13633.895819485595
39.594084818076645,10.311938475302275,29.282146342774336,-11.61481977282523,3.228125000000003,-9.257361360266742,-0.48402687332621225,0.2847489877692993,13325.291212437018
55.974127664164094,23.83265881512192,32.1414688490422,-10.969362768372756,3.234375000000003,-9.304201259176105,-0.45277110486105465,0.31255768465157596,13131.996915161531
59.28653946016253,24.218841479301144,35.06769798086143,-10.261098329636791,3.240625000000003,-9.347773314234384,-0.41866999630454127,0.34101108556513354,13005.571128072357
51.73321567358694,14.855517926513295,36.877697747073604,-9.488495712768373,3.2468750000000033,-9.38784729580603,-0.3828096351283678,0.3586036117617345,13124.033845583941
44.194563752434675,6.514932207329087,37.6796315451056,-8.676097982118362,3.2531250000000034,-9.424296318456722,-0.34617081788547716,0.36638817242890664,13297.29085895205
48.697092621783604,9.799497073484913,38.897595548298646,-7.846069174504627,3.2593750000000035,-9.457022330841877,-0.30834942981760965,0.3782138806786748,13758.281248424317
50.674713878686305,10.462414211673412,40.21229966701292,-6.9891953431171,3.2656250000000036,-9.485902388566172,-0.2692517246682853,0.3909770514932439,14354.693945915253
47.4026021307965,6.378421481862428,41.024180648934056,-6.1033078845463,3.2718750000000036,-9.51083331139762,-0.22936673196068735,0.39884992707597944,15091.449351892868
42.60987974530207,1.403273366106726,41.206606379195314,-5.1994626358635205,3.2781250000000037,-9.531766964967948,-0.18930633944587166,0.4006039251481569,16011.860299599985
48.53401272333853,6.481161664914844,42.05285105842376,-4.291518563057985,3.284375000000004,-9.548653527814203,-0.14842491747920156,0.40881421966670106,17102.429379053214
44.61648615793299,2.2632930331454837,42.35319312478749,-3.364845019508402,3.290625000000004,-9.561437408514747,-0.10725269653166704,0.41172220947534516,18378.30511304549
43.09384276714282,0.6526055433133164,42.441237223829546,-2.4314849467594906,3.296875000000004,-9.57009981196423,-0.06599537245799615,0.41257324073670887,18631.088268326977
59.56796120530046,15.073605875491388,44.49435532980907,-1.4961421414368068,3.3031250000000028,-9.57453667083581,-0.0227418049736101,0.43253567484386046,18493.029392343728
53.12244983126785,7.583891507482237,45.538558323785615,-0.5155485460517321,3.309375000000003,-9.574597343657993,0.02152834852993854,0.44270153503548637,19197.4415183234
57.11050426506581,10.161353005569072,46.949151259496766,0.4880098001193114,3.315625000000003,-9.570162295104836,0.06717262253320544,0.456442740032669,20441.917916837854
14.714313177344957,-28.26449736374079,42.97881054108569,1.5225459158894816,3.321875000000003,-9.561355627571277,0.10896072813796792,0.41788105604762477,21646.367026650245
11.996644088817995,-27.14244474918576,39.13908883800378,2.4694219759857563,3.328125000000003,-9.548556585425102,0.147020114785541,0.38059386647573085,22665.722126405108
-0.5914963073082519,-34.7776503783524,34.18615407104417,3.331479342880183,3.334375000000003,-9.532192171119927,0.18026817131793801,0.3324805653239702,23856.49908404073
-37.6481464759674,-62.82952079653878,25.181374320571383,4.084177879601923,3.3406250000000033,-9.51294062436198,0.20476276384100792,0.24494592523069905,24883.29711741117
-90.4489301835728,-101.05561432798211,10.606684144409297,4.638271415669001,3.3468750000000034,-9.49194838225515,0.21508207829561252,0.103193144546046,25725.328255017008
-146.85613562272303,-137.5118457729827,-9.344289849740322,4.871128690285006,3.3531250000000035,-9.47089481407969,0.20598928521355891,-0.09092793082053598,25064.498806894506
-115.50139731548109,-92.64600768583652,-22.85538962964455,4.664444434534989,3.3593750000000036,-9.451408077454673,0.18374544728679135,-0.22243837926767565,23010.26544373597
-236.66907187480646,-186.50137426200678,-50.16769761279972,4.1602785329264576,3.3656250000000036,-9.435475077763153,0.13491454654359444,-0.4883090074319689,20097.320881268548
-110.04201010625198,-52.20509795802697,-57.836912148225,3.054433675111185,3.3718750000000037,-9.42479863068178,0.07861439508385273,-0.5630015145974171,17048.54243309025
-52.82514216449825,4.3650718760042,-57.19021404050237,1.7797153902850762,3.378125000000004,-9.419720873250263,0.022940753546471196,-0.5567364153738154,14447.26565718753
-1.1657553538901326,48.806874533115895,-49.972629887006015,0.519326716723346,3.384375000000004,-9.41985925734841,-0.025708435509398872,-0.4864918905587007,12403.113411965558
24.954711991131088,65.25547938392046,-40.3007673927894,-0.581967227471766,3.390625000000004,-9.424391820023283,-0.06494281798806122,-0.3923438247866234,10820.826924184299
37.376923127401724,67.63234108470074,-30.255417957299077,-1.4701038404086841,3.396875000000004,-9.432358864142497,-0.09439806439623333,-0.29455246408172103,9621.062400827135
2.3859737093191145,28.412495078542268,-26.026521369223182,-2.1368640751919576,3.403125000000003,-9.443065589167702,-0.11973643610785778,-0.2533837171162446,8681.34218108606
29.74958666387181,48.53764073677682,-18.788054072904995,-2.710436541049734,3.409375000000003,-9.455953799249263,-0.13802776552335855,-0.18291329415500768,7956.488191417263
-0.5733755058017063,15.847086826377353,-16.420462332179067,-3.124496684678787,3.415625000000003,-9.470555891164896,-0.15401407278929807,-0.15986307265939528,7358.694516781345
1.0862900107992841,15.227848369912937,-14.141558359113652,-3.4863891746943416,3.421875000000003,-9.486645678376696,-0.16778167144671577,-0.137675986574177,6865.234315634382
5.961751222851132,17.482812036652547,-11.521060813801414,-3.7980671819993277,3.428125000000003,-9.50398466195775,-0.17899800017436387,-0.11216328727648102,6450.490988045767
1.040495767040832,10.922063206701207,-9.881567439660374,-4.052000886755817,3.4343750000000033,-9.522365468399084,-0.18861812865231392,-0.09620128477950055,6072.096536396563
2.94708796535401,11.15228137352296,-8.205193408168961,-4.26980821161561,3.4406250000000034,-9.541626683302146,-0.19660616940895387,-0.07988040756639937,5779.623549334723
2.2059763944580606,9.049164833424362,-6.843188438966301,-4.450674738553809,3.4468750000000035,-9.561620401425662,-0.20326819306135305,-0.06662023652399172,5530.5623771899
1.2820658134703975,7.061168536902033,-5.779102723431636,-4.6015271190681375,3.4531250000000036,-9.582228523654916,-0.20889425152372212,-0.05626058462369075,5313.422333183887
-1.7821843087698757,3.4729733172429254,-5.255157626012802,-4.728929661147918,3.4593750000000036,-9.603373745998866,-0.214010195355274,-0.05115943831551857,5106.040963185411
-0.8715189157792647,3.8084454668203795,-4.6799643825996435,-4.844785037317101,3.4656250000000037,-9.62500256300075,-0.21856614468240268,-0.04555949327128681,4941.816943366951
0.9901407464646479,4.925427155272091,-3.9352864088074435,-4.947962885428318,3.471875000000004,-9.647050726162604,-0.22239711855467428,-0.03830973872271598,4794.908801985829
5.161594352534138,7.901115277249215,-2.7395209247150754,-5.03472721474622,3.478125000000004,-9.66942378224665,-0.22506400312622965,-0.026668845715553766,4666.792286638017
-2.3200004646836025,0.36434654035704694,-2.684347005040647,-5.095136070155131,3.484375000000004,-9.692060840346578,-0.22767715887231474,-0.02613155746085086,4546.45584076072
1.3494242227586883,3.502723751452896,-2.1532995286942063,-5.1543255579386305,3.490625000000004,-9.714933365203793,-0.2297733382719843,-0.02096179399669547,4437.757857866734
-2.908744316304202,-0.6559075921043132,-2.2528367241998883,-5.20180781154099,3.496875000000004,-9.73802035226348,-0.23196640292176354,-0.021930646497792576,4334.068993528569
-3.721274917419486,-1.2748396217180755,-2.44643529570141,-5.2514794928284685,3.503125000000003,-9.761336068363963,-0.2343479190879076,-0.023815161661440595,4234.6986053116
-2.2540650480416664,0.1670011127052106,-2.4210661607468804,-5.3054133191334625,3.509375000000003,-9.7848887008676,-0.23670473098482556,-0.02356811896917938,4140.7466619088755
-1.5046813817742817,0.7954348072819375,-2.30011618905622,-5.3587834443909586,3.515625000000003,-9.808671127265214,-0.23894379696743878,-0.022390659826132225,4052.0871003706625
-1.6680948045877226,0.5485580342478645,-2.2166528388355875,-5.409483303927973,3.521875000000003,-9.8326733976711,-0.24110161115026715,-0.021578141828283846,3967.6499735253474
-1.8409968299943251,0.32602241554808176,-2.1670192455424053,-5.458338963103979,3.5281250000000033,-9.856889033600401,-0.24321110743577323,-0.021094962855060767,3886.751791118872
-1.7820769984356133,0.33405642652865575,-2.116133424964267,-5.506095950575232,3.5343750000000034,-9.881313142409354,-0.24527106874329788,-0.020599613075246347,3809.463782709683
-1.7216224682549088,0.3423364565002742,-2.063958924755183,-5.552726699156965,3.5406250000000035,-9.905940707963254,-0.2472802423346897,-0.020091735913918312,3736.155144589228
-1.7280152366916304,0.2914957692479915,-2.0195110059396235,-5.598202883316911,3.5468750000000036,-9.930767027642984,-0.24924615125993765,-0.01965908925247956,3666.824972233424
-1.740812556892785,0.241809597959808,-1.982622154852592,-5.642694898949625,3.5531250000000036,-9.95578814297433,-0.2511761553669816,-0.01930004107043947,3601.2137683096203
-1.724828952079952,0.22365895022555796,-1.9484879023055097,-5.686369487586815,3.5593750000000037,-9.981000597613845,-0.25307293742333536,-0.018967820563537217,3539.067758234508
-1.7153599254663436,0.20224918592166327,-1.917609111388006,-5.729287542887033,3.565625000000004,-10.006401227866968,-0.2549396676391351,-0.018667302157997726,3480.12470545718
-1.7322539183198602,0.16079554080901137,-1.8930494591288738,-5.771521027308579,3.571875000000004,-10.03198733617462,-0.25678249851388907,-0.01842830874753934,3424.1967620038386
-1.582710518837724,0.2692142855532765,-1.8519248043909997,-5.813209448302973,3.578125000000004,-10.057755726365297,-0.25858530529967305,-0.018028067857839815,3371.0468023515336
-1.5124979362235307,0.2944393670343642,-1.8069373032578944,-5.853988014360075,3.584375000000004,-10.083702208038018,-0.26034432815472175,-0.01759022855048703,3320.7965401945307
-1.6606206785314637,0.1269149265823838,-1.7875356051138478,-5.893771889386925,3.590625000000004,-10.109823648192968,-0.26208447494427434,-0.01740146789552602,3273.0369253122685
-1.729067098622775,0.05070795524606212,-1.7797750538688364,-5.933125248113277,3.5968750000000043,-10.136118725880928,-0.2638170788149378,-0.01732603870663507,3227.663618962166
-1.6016341305436659,0.1545152400237205,-1.756149370567386,-5.972304963409166,3.603125000000003,-10.162585914600983,-0.2655266955861459,-0.017096167712080865,3184.638054553252
-1.5689166154976468,0.16239993657447574,-1.7313165520721232,-6.010961733742812,3.609375000000003,-10.189222856896572,-0.2672121503256183,-0.016854547394724168,3143.7032159139785
-1.5452276021836848,0.1614066915655857,-1.7066342937492713,-6.049069303600527,3.615625000000003,-10.216027143897353,-0.2688735896899946,-0.01661439364376271,3104.774613908549
-1.925934882250141,-0.19023895796873158,-1.735695924281409,-6.086631345566009,3.6218750000000033,-10.242998990117673,-0.2705633347163927,-0.01689745026398113,3068.025940508626
-2.670997264290572,-0.8113109186131358,-1.8596863456774346,-6.124832627865445,3.6281250000000034,-10.27014584697951,-0.2723738025203306,-0.01810467803937889,3033.5193591649763
-2.8809735186088457,-0.8858903542274876,-1.9950831643813571,-6.165765544111877,3.6343750000000035,-10.297480342098954,-0.2743160998685419,-0.019422973482112527,3001.2859860483054
1.8539070643546007,3.3386305912911047,-1.484723526936503,-6.209681800137158,3.6406250000000036,-10.324984224727933,-0.27576155271105046,-0.014454528425085504,2968.87875087149
-0.31057809635372036,1.018451085605336,-1.3290291819590565,-6.24235052207838,3.6468750000000036,-10.35262507436657,-0.2770554400616668,-0.012938873506163672,2938.01145855976
-2.3857539110984574,-0.9166216328469634,-1.4691322782514944,-6.271588272134471,3.6531250000000037,-10.380402133255954,-0.27848573772603635,-0.014302976643695274,2907.2685759119495
-1.8663368088342032,-0.3445427666671692,-1.521794042167035,-6.303914206955131,3.659375000000004,-10.40832478599836,-0.27996731712207495,-0.01481579396038599,2877.9574000816615
-1.1446116028394122,0.32714508983084833,-1.4717566926702597,-6.337401590476337,3.665625000000004,-10.436393161494717,-0.2814001928050454,-0.014328756829704786,2850.1281182665825
-1.1800211219508097,0.253024960769874,-1.4330460827206841,-6.369787437235963,3.671875000000004,-10.464602940698986,-0.2827953912803285,-0.013951984752830876,2823.2912548020245
-1.9130553262410974,-0.4163314348030697,-1.496723891438029,-6.401321669870066,3.678125000000004,-10.492955340093893,-0.2842525966178139,-0.014572053374853773,2797.4757660607434
-1.8064323866933332,-0.2686199435734001,-1.5378124431199323,-6.434261013577225,3.684375000000004,-10.521455460738922,-0.28574981628275664,-0.014972196649427385,2772.8690272916015
-1.297973971894382,0.20799914558380514,-1.5059731174781879,-6.468107894463597,3.6906250000000043,-10.550103753902373,-0.2872160469862739,-0.014662307035172593,2749.5196959132054
-1.1124186507105056,0.34130938488647744,-1.4537280355969835,-6.50125535586213,3.6968750000000044,-10.578896127270786,-0.2886314203819784,-0.014153733957045358,2727.0778967924552
-1.2060286626164085,0.2148113573426861,-1.4208400199590947,-6.533253914276433,3.703125000000003,-10.607828437376272,-0.2900147817277451,-0.013833613457666791,2705.2724915948756
-1.2790958379445039,0.12292023245035419,-1.4020160703948585,-6.564530359952223,3.709375000000003,-10.636898167623327,-0.29137982321335454,-0.013650414856094641,2684.0122839529154
-1.251204947806829,0.13078287685040743,-1.381987824657236,-6.5953948068505035,3.7156250000000033,-10.666103427357884,-0.29272537147779465,-0.013455482644401134,2663.277991905615
-1.1973138451986813,0.1601495276011826,-1.3574633727998655,-6.6258208542779515,3.7218750000000034,-10.695442048332863,-0.29404704802177545,-0.013216765439808039,2643.071896543259
-1.2134043925646893,0.12492703194881603,-1.3383314245135056,-6.655709525582151,3.7281250000000035,-10.7249119058518,-0.2953501023569585,-0.013030543351830879,2623.2860245759393
-1.2038649320089951,0.11660857461767354,-1.3204735066266693,-6.685179743464671,3.7343750000000036,-10.754511199677065,-0.2966357741483453,-0.012856717913867673,2603.810806438146
-1.1824393902854071,0.1197032049968805,-1.302142595282288,-6.714259636369035,3.7406250000000036,-10.784238168490019,-0.2979036021107291,-0.012678279623837734,2584.5272401793945
-1.1443946480463747,0.1368005960396319,-1.281195244086006,-6.742938800477239,3.7468750000000037,-10.814090900496364,-0.29915103801617093,-0.012474359054418441,2565.5348483411976
-1.1108606751435723,0.14771751884120987,-1.258578193984782,-6.7711595628681565,3.753125000000004,-10.844067275169708,-0.30037645545071273,-0.01225417434541799,2546.8284582142
-1.136741145758854,0.10566027550914005,-1.2424014212679946,-6.798885083304347,3.759375000000004,-10.874165404159461,-0.3015861243443521,-0.012096688936393752,2528.371544275684
-1.1235595022873268,0.10306442658142306,-1.2266239288687493,-6.826257218810907,3.765625000000004,-10.904383732019278,-0.30278043285199924,-0.011943085076471162,2510.0839714882813
-1.064699633224385,0.14043002939185972,-1.205129662616243,-6.853284662056165,3.771875000000004,-10.934720444374028,-0.30395381424299456,-0.011733813909953029,2491.914182384933
-1.0500708287050682,0.13447849622484273,-1.1845493249299108,-6.879841287741037,3.778125000000004,-10.965173492978805,-0.30510715785252596,-0.011533436095314206,2473.056238353725
-0.913362519070459,0.235198341725258,-1.148560860795717,-6.905947068907706,3.7843750000000043,-10.995740123921768,-0.3062254610067704,-0.011183031542444611,2454.592269655477
-1.0007526881003936,0.12819607425410037,-1.128948762354494,-6.931262240170127,3.7906250000000044,-11.026417630384982,-0.30732466825749233,-0.010992072507219359,2435.5910157654994
-0.8989851193159903,0.1994555042072138,-1.0984406235232038,-6.956147481672776,3.7968750000000044,-11.057203572312115,-0.3083941702851626,-0.01069502027670258,2417.1843922605885
-0.941839397992551,0.13582981271944822,-1.0776692107119994,-6.980362412416928,3.803125000000003,-11.088095453178108,-0.30944344703467225,-0.010492767495096743,2399.14204297821
-1.525942933109244,-0.3888224959340095,-1.1371204371752357,-7.00412133756776,3.8093750000000033,-11.119095155893454,-0.31055060727227496,-0.011071602376027048,2381.3408442344216
-1.091717795605928,0.03938407119225968,-1.1311018667981871,-7.0291919285013025,3.8156250000000034,-11.150205281550576,-0.3116519058701492,-0.011012985978742043,2364.1663843722704
-0.4689558896762143,0.5743718947658718,-1.0433277844420872,-7.054131038013158,3.8218750000000035,-11.181421263916963,-0.31266774145758963,-0.010158355874404439,2347.3785893689424
-0.705505807912763,0.29305192228869414,-0.9985577302014569,-7.077136596460965,3.8281250000000036,-11.212736650239313,-0.3136399849893928,-0.009722435318031639,2330.570851953439
-0.9090339287367308,0.0776638535036138,-0.9866977822403448,-7.09915600783271,3.8343750000000036,-11.244148683456388,-0.31460067935209973,-0.009606943627069394,2313.752619357265
-0.8707671456872528,0.10057615289769702,-0.9713432985849512,-7.120914228068088,3.8406250000000037,-11.275656038530727,-0.3155464221346775,-0.009457427825777319,2297.078871507811
-1.7529056622129668,-0.6780663373870535,-1.074839324825913,-7.142333931854613,3.846875000000004,-11.3072630062032,-0.31659293131479277,-0.01046509180115262,2281.2083055700086
-1.1723067704623011,-0.08456320144135236,-1.0877435690209498,-7.1660340885811555,3.853125000000004,-11.338975252906431,-0.31765200274982514,-0.010590714350323497,2265.3805482041353
0.11861214631352353,1.0467144323847817,-0.9281022860712572,-7.190017968007063,3.859375000000004,-11.370785635015336,-0.31855563942827153,-0.00903636678446373,2250.0230036008215
-0.3994619851273655,0.45870842261944356,-0.8581704077468079,-7.210482776011126,3.865625000000004,-11.402682976307252,-0.31939118641004893,-0.008355469817774113,2234.4132984443277
-0.8826748763828236,-0.021262953313743456,-0.8614119230690812,-7.2294054317963505,3.871875000000004,-11.434664030041745,-0.3202298882797951,-0.00838701869746157,2218.620761826132
-0.8566552905841451,0.004128798915845254,-0.8607840894999902,-7.248398540511123,3.8781250000000043,-11.46672892334636,-0.32106797781250684,-0.008380895327117763,2202.995005973222
-0.7360294640805416,0.10827094445589738,-0.844300408536438,-7.267376965588581,3.8843750000000044,-11.498876823102957,-0.3218900173194462,-0.008220395069393498,2187.6292407628634
-0.7846729130877091,0.05175269882496518,-0.8364256119126738,-7.285991596309847,3.8906250000000044,-11.531106543408441,-0.32270438879023106,-0.008143714707848287,2172.4844552150457
-1.9064365454451593,-0.9287462659882447,-0.9776902794569147,-7.30443272413337,3.8968750000000045,-11.563424577806368,-0.32365629916829247,-0.009519103780613974,2157.9370346443216
-1.2432736868098484,-0.23053610874581767,-1.0127375780640304,-7.325988000174223,3.9031250000000033,-11.595839509341635,-0.3246423315370475,-0.00986032368755075,2143.9799884849217
-0.3688144241939502,0.5589939365331767,-0.927808360727128,-7.348317867044098,3.9093750000000034,-11.628348909561987,-0.3255456728699851,-0.009033413329375597,2130.7253422063623
-0.9929511501256068,-0.056553495718705,-0.9363976544069019,-7.368780049153285,3.9156250000000035,-11.660949061962556,-0.32645737514137796,-0.009117022713928485,2117.6391570610713
-1.6008706886689679,-0.5769211267644432,-1.0239495619045242,-7.389437973551807,3.9218750000000036,-11.693644646592091,-0.3274543174493034,-0.009969423079254436,2104.9424677607108
-1.7979551487909888,-0.6720776758875664,-1.1258774729034227,-7.412035113287904,3.9281250000000036,-11.726444887197502,-0.3285504946589086,-0.01096177209605206,2093.0681931820804
-2.0792879646427753,-0.827929630144356,-1.251358334498418,-7.4368926201704815,3.9343750000000037,-11.759360853689769,-0.32976883518642097,-0.012183405275123287,2082.271828842698
-2.5996269028629504,-1.1709287214353903,-1.428698181427559,-7.464535222658177,3.940625000000004,-11.792407286661755,-0.3311598242532921,-0.013909890668711533,2072.809367126428
-3.2693184410578513,-1.5986778017972074,-1.670640639260645,-7.496113153231027,3.946875000000004,-11.825604595373532,-0.3327863499822704,-0.016265257289783255,2065.081676692911
-4.107454292639355,-2.116723842786744,-1.9907304498526102,-7.533059634724877,3.953125000000004,-11.858980136880744,-0.33472448016196266,-0.0193813017969225,2059.6325398334766
-5.209169378526219,-2.7959876263817214,-2.4131817521444976,-7.577109096821767,3.959375000000004,-11.89257005310894,-0.337073844401978,-0.02349364240015345,2057.2550830363307
-6.646452369881381,-3.6780494125290106,-2.968402957352368,-7.63053304280903,3.965625000000004,-11.926421928092038,-0.3399636552599877,-0.028898108580096515,2059.124644514524
-8.512407272100615,-4.81748950125892,-3.6949177708416996,-7.696277443731375,3.9718750000000043,-11.960598140512488,-0.34356059314899656,-0.035969378890088784,2066.954775389768
-10.903367360816787,-6.264692336930269,-4.63867502388652,-7.778142734663395,3.9781250000000044,-11.99517997062822,-0.3480760091656327,-0.04515416016636146,2083.434412384137
-14.126347989691714,-8.246784719910467,-5.879563269781249,-7.88094887702416,3.9843750000000044,-12.030273717122967,-0.3537989207293184,-0.057229115636857085,2112.3989639813694
-18.173148107372082,-10.687546960872593,-7.485601146499486,-8.011284783966925,3.9906250000000045,-12.066017882551854,-0.3610843878484258,-0.07285467119107386,2160.0386403062594
-24.02969362911601,-14.385589817787114,-9.6441038113289,-8.177249507096933,3.9968750000000046,-12.102595577222804,-0.37046950557057245,-0.0938511772214669,2236.5753833881467
-27.38567812374036,-15.43004519226564,-11.955632931474723,-8.391081233747363,4.003125000000003,-12.140224166758529,-0.3821022851439414,-0.11632779573368916,2361.238113101641
-39.783807706871826,-24.209189742310556,-15.574617964561273,-8.656230737428816,4.009375000000003,-12.179191951030841,-0.39725340030231,-0.1515111515836859,2561.8426833366557
-47.92174173380656,-28.152225621192617,-19.769516112613953,-9.001597615294381,4.015625000000003,-12.219878660821895,-0.4164807955187589,-0.19227395216448892,2858.703625422511
-59.37052533958321,-34.496205760862665,-24.874319578720534,-9.439913133156283,4.021875000000002,-12.262736014003513,-0.44066626811361265,-0.24185472594853752,3349.3231300798952
-41.384360103475295,-14.394041393731824,-26.990318709743494,-9.99117171761054,4.028125000000002,-12.308114380892007,-0.4669010696562811,-0.2623480154266842,3929.5321818257958
-20.127302456094032,6.002435240457185,-26.129737696551203,-10.589369488396796,4.034375000000002,-12.356073998094288,-0.492291274389333,-0.25390204733051924,4599.593911901332
-39.92121434100848,-12.059151798888989,-27.862062542119457,-11.168711348304372,4.040625000000001,-12.406656377678921,-0.5193563173033209,-0.27065042913987886,5584.369740873467
-55.054574228574786,-23.824821079290516,-31.229753149284253,-11.78615103210039,4.046875000000001,-12.460108390493792,-0.5496839389941077,-0.30327621690786805,6773.258410034025
-81.6078432672026,-44.22436803771447,-37.383475229488134,-12.477567298055483,4.0531250000000005,-12.516891502567605,-0.5859783024821503,-0.36294363488042575,8175.848342771283
-52.839656989555024,-13.588153371888886,-39.25150361766616,-13.304225320414139,4.059375,-12.5773943312901,-0.6240782719677327,-0.3809996948558237,9732.928600951409
53.08989905357767,81.36893432796982,-28.27903527439217,-14.171568903968316,4.065625,-12.641174404916816,-0.65152320056659,-0.2744492859885729,10469.340553865102
3.8273816729365353,28.33572257994378,-24.50834090700727,-14.796443319459351,4.0718749999999995,-12.7075158646053,-0.6753059932031023,-0.23782792636512262,11633.823455399683
25.645521257933343,44.32243459233893,-18.676913334405572,-15.337511785457393,4.078124999999999,-12.775952607861555,-0.6934288719220044,-0.18122878718902222,12071.46256271051
18.112070760686105,32.55273697302454,-14.440666212338414,-15.749551050276995,4.084374999999999,-12.845996090583059,-0.7074407825080719,-0.14011910586067458,12326.36571899267
10.667516831532005,22.242938040233813,-11.57542120870181,-16.067818305040603,4.090624999999998,-12.917301754964765,-0.718672505126042,-0.1123172261797015,12443.818989534937
5.342581363375227,15.003484851557037,-9.660903488181814,-16.322604689774803,4.096874999999998,-12.98963771707654,-0.7280467371094709,-0.09374231983428899,12550.645618143015
4.109977583991214,12.224589200027456,-8.114611616036246,-16.534914190356805,4.103124999999997,-13.062836096252294,-0.7359208464056134,-0.07874109296142467,12901.541628964305
-6.822383498466858,1.1478441541823112,-7.970227652649172,-16.71289202157903,4.1093749999999964,-13.13681490087644,-0.7436552460773118,-0.07734399671698428,13949.963379481505
2.8617221778669752,9.632409484487678,-6.770687306620706,-16.887451071610467,4.115624999999996,-13.211508964301645,-0.7502260224267923,-0.06570776349480482,14367.839526568194
6.151945782285462,11.500475149245755,-5.348529366960297,-17.035347552368655,4.121874999999996,-13.286791117062759,-0.755417032795485,-0.05191010368692758,14737.688477868644
7.167355260127405,11.146258987015184,-3.9789037268877863,-17.15168309993655,4.128124999999995,-13.362525923711123,-0.759279100171797,-0.03862067376311973,15138.61570605829
-2.7636909693501264,1.0825877711239245,-3.846278740474049,-17.23762342252172,4.134374999999995,-13.438640519492406,-0.7630128154538679,-0.03733715282070944,15924.735779140561
31.90818325861218,31.880120379606648,0.02806287900553357,-17.320438038343283,4.140624999999995,-13.514940438804233,-0.7629855707826765,0.00027244671191427696,16232.95100006033
17.500016756826682,15.586400866357538,1.9136158904691432,-17.31768909060986,4.146874999999994,-13.591146093351593,-0.7611275201645201,0.01858050618156378,16544.67748772624
13.203597164556424,10.076975096508333,3.126622068048092,-17.27323156932658,4.153124999999994,-13.667107033540335,-0.7580912836103165,0.03036236554203607,16849.75711259108
23.57149519493983,18.25890533754577,5.3125898573940535,-17.201918771109963,4.159374999999994,-13.742658175217734,-0.7529315499376719,0.05159733672644645,17068.905068208678
-1.2897955102949838,-5.898591272110774,4.6087957618157835,-17.082350936697967,4.165624999999993,-13.817727488143664,-0.7484547085809309,0.044768413567410334,17842.453290129622
25.59247434480702,18.757461247065862,6.835013097741154,-16.978254131831203,4.171874999999993,-13.892240943595425,-0.7418144004542911,0.06640308126639695,17954.967043474422
45.54630787953788,34.615365078082824,10.93094280145506,-16.825113039362094,4.1781249999999925,-13.965891326465483,-0.7311932569468803,0.10621143507410805,17740.24251148143
46.35869249598569,31.68728759580749,14.671404900178203,-16.581790473215424,4.184374999999992,-14.038297768192564,-0.7169355775947257,0.1425767935215459,17282.245870842722
35.393724675274754,18.538082803771328,16.855641871503412,-16.256188621228244,4.190624999999992,-14.109172195468185,-0.7005529679176902,0.16382609677035512,16836.148612636924
32.7769096379541,14.24428207216582,18.532627565788278,-15.88266512108455,4.1968749999999915,-14.178326749071262,-0.6825381041438461,0.18014863773844134,16375.009507872941
37.27401995112306,16.76609537311916,20.50792457800389,-15.47245270355616,4.2031249999999964,-14.245583695652336,-0.6626008274776294,0.19937276666216666,15815.233096681797
42.71305051571267,19.861230196508117,22.85182031920456,-15.019021431439164,4.209374999999996,-14.310732871849078,-0.6403826964572266,0.22218131020402831,15258.770474754774
43.751114180102206,18.688313793881782,25.06280038622044,-14.514277578516609,4.215624999999996,-14.373552656600719,-0.6160129985755997,0.24369697881626903,14748.914723401285
53.684620199571036,25.58361226023615,28.10100793933488,-13.961158797143753,4.221874999999995,-14.433787685938954,-0.5886875881890925,0.2732541038650716,14323.641516022404
39.773174449601676,10.428569835258742,29.344604614342973,-13.341417750140785,4.228124999999995,-14.491229662997638,-0.5601519529845838,0.285356352045087,13986.782029776863
56.15068795959888,23.934537231270102,32.21615072832881,-12.694563703613326,4.234374999999995,-14.545678438676736,-0.5288235605973992,0.31328392387184567,13762.011788019892
59.46080672111224,24.30769187772702,35.1531148433852,-11.98466619459685,4.240624999999994,-14.596851586185023,-0.49463938956832004,0.34184171029079147,13597.354381186089
51.90235257237241,14.930147274828327,36.97220529754409,-11.21022229610971,4.246874999999994,-14.644517912063426,-0.4586871279997468,0.3595226156857321,13674.556568856358
44.3836523258456,6.599159669147917,37.78449265669767,-10.395805383341006,4.253124999999994,-14.688549585773186,-0.421946346195475,0.3674078180427183,13806.437056579894
48.90494582046826,9.891113718249462,39.01383210221874,-9.563545074080748,4.259374999999993,-14.72884749996162,-0.38401193757321284,0.3793440862226219,14224.370474844854
50.89150062837983,10.551749651712347,40.3397509766675,-8.70419785558097,4.265624999999993,-14.765287612529178,-0.34479031377792574,0.39221623795287086,14775.865960480043
47.646173186833096,6.481454029872043,41.164719156961034,-7.815591313996484,4.2718749999999925,-14.797765562474735,-0.3047686851332021,0.40021628644723617,15465.799688111385
42.86697277469861,1.5065435933031146,41.36042918139549,-6.908732480013489,4.278124999999992,-14.826231934160992,-0.2645587485919468,0.402099365412553,16338.996169545184
48.833183400948066,6.6097473296874645,42.223436071260615,-5.997468356976844,4.284374999999992,-14.850635446263006,-0.22351149344832322,0.41047255143623573,17373.586221135698
44.91524477444463,2.3764992579145283,42.538745516530135,-5.067084073924886,4.2906249999999915,-14.870918965637086,-0.18215889403327487,0.41352599415048336,18597.51708447005
43.373687635719214,0.7357431537751931,42.637944481944004,-4.129654760050662,4.296874999999991,-14.887062427834712,-0.14071034991922535,0.4144854411404952,18807.2305511199
59.92955192472977,15.218721715756658,44.710830208973135,-3.1899613019755724,4.303124999999996,-14.898960262543822,-0.097246344262959,0.4346400565626634,18615.026715353637
53.40999456602466,7.646355760235114,45.76363880578957,-2.204539677118513,4.309374999999996,-14.906460448733958,-0.05275737953973748,0.4448896472322152,19258.707725285036
57.35507923051088,10.178479197014608,47.17660003349617,-1.1959170118507716,4.315624999999995,-14.90944291662798,-0.006891978340693501,0.45865401199043976,20431.841068213005
14.948370930530697,-28.258683387594623,43.207054318125294,-0.15621473569584757,4.321874999999995,-14.90803161316154,0.03511804766946152,0.42010026010155016,21555.400743732025
12.243344388627628,-27.126248572976117,39.36959296160378,0.7958948159641045,4.328124999999995,-14.902605631793696,0.07340157968741556,0.38283532017954036,22505.530483108232
-0.3985360729337879,-34.81048859972605,34.41195252679226,1.6632815640234244,4.334374999999994,-14.89359209088076,0.10686923857128042,0.33467658883864854,23636.140437321334
-37.39426779642992,-62.80492455142277,25.41065675499286,2.421242624206331,4.340624999999994,-14.881669285941383,0.13158686021628624,0.2471762164500581,24607.29957293965
-90.19842625438751,-101.03702985751845,10.838603603130958,2.9806961039690956,4.346874999999994,-14.86798335239684,0.1421318106745755,0.10544950458289253,25404.954641813216
-146.6538533443191,-137.5376909506321,-9.116162393686988,3.218968062171665,4.353124999999993,-14.854213711607354,0.13326100511512493,-0.08870805559450584,24722.59637993831
-115.33665090941636,-92.7012890283374,-22.63536188107897,3.0175771181755913,4.359374999999993,-14.841989095973709,0.11123130755777527,-0.22029697557349645,22665.550820806366
-236.57083560108885,-186.60758508251598,-49.9632505185728,2.5184472750483287,4.3656249999999925,-14.83329756029103,0.0625994060957991,-0.4863190146197617,19766.930881811382
-110.00214218480116,-52.34857312439231,-57.653569060408884,1.4172358646233016,4.371874999999992,-14.829843703676717,0.006477726190464259,-0.5612167990533484,16766.616869037123
-52.82116592155746,4.208761042349798,-57.02992696390729,0.14664628511006514,4.378124999999992,-14.831971811305682,-0.04903987876976594,-0.5551760496023019,14228.14625142003
-1.2015736049272001,48.63603205082179,-49.83760565574898,-1.1101518168713858,4.3843749999999915,-14.839301686218342,-0.09755761948344507,-0.48517740713679125,12243.57959423487
24.976274777058713,65.15666511000754,-40.1803903329488,-2.2084322209637786,4.390624999999991,-14.851013307700452,-0.13667481015875033,-0.39117190675305236,10718.122268635627
37.419212041345006,67.56435232901347,-30.145140287668436,-3.0938935131894785,4.396874999999991,-14.866148182980117,-0.16602269543455012,-0.29347885275799784,9567.057963337122
2.4153020587668723,28.342033466597695,-25.926731407830825,-3.7582119486210437,4.403124999999996,-14.88401251353503,-0.1912639156636936,-0.25241220229143496,8667.315458179506
29.816521702825277,48.50904978528042,-18.692528082455148,-4.32958189545704,4.409374999999995,-14.904048821550004,-0.20946224463581264,-0.18198328972119035,7976.834358831092
-0.5111356298477071,15.818127243292135,-16.32926287313984,-4.741539402948726,4.415624999999995,-14.925789921969072,-0.2253597637455362,-0.1589751910972356,7406.211379905418
1.150315553729837,15.204211516885302,-14.053895963155465,-5.1014288922090545,4.421874999999995,-14.949010011064022,-0.23904201815345522,-0.13682254407919017,6937.16604032774
6.025449303121835,17.461971128484574,-11.436521825362751,-5.411184883539891,4.428124999999994,-14.97347091416915,-0.2501760439491116,-0.11134025795656384,6544.222852154544
1.0936089818930173,10.894738662587264,-9.801129680694249,-5.663267471923676,4.434374999999994,-14.99896560950805,-0.25971786282886705,-0.09541818879755459,6186.178486480563
2.9998991454782558,11.128264450881005,-8.128365305402744,-5.879315372988944,4.440624999999994,-15.025333058087451,-0.2676311087591546,-0.07913245930287517,5910.794584684425
2.2626797674224304,9.031672390140441,-6.768992622718009,-6.058502734610917,4.446874999999993,-15.05242565856721,-0.2742209008360003,-0.06589792076845752,5676.739462987308
1.345361066236362,7.051695014312267,-5.706333948075906,-6.207734190027869,4.453124999999993,-15.080125509489594,-0.2797761176116961,-0.05555216775695755,5472.646149621264
-1.7308078071417927,3.4543849795520827,-5.185192786693873,-6.333547100526642,4.4593749999999925,-15.108355512871913,-0.28482395003468286,-0.05047832422986806,5277.849787337003
-0.8146006256621182,3.797110402693374,-4.611711028355489,-6.447874173035635,4.465624999999992,-15.137062383106803,-0.2893134546631085,-0.04489504628425622,5124.417539469503
1.0587593996471447,4.925743999074082,-3.8669845994269387,-6.549560719974391,4.471874999999992,-15.166181952699976,-0.29307793720031994,-0.03764482537211481,4987.373567017171
5.2200699247676585,7.892580261931969,-2.672510337164312,-6.634831764249625,4.4781249999999915,-15.195619828955994,-0.2956795879200519,-0.02601650719731953,4868.116173860384
-2.2613276301102783,0.357105266275733,-2.6184328963860075,-6.6937747160531655,4.484374999999991,-15.225315237234897,-0.2982285776579959,-0.025489897379439883,4755.160048881681
1.4057145468751013,3.494366628158234,-2.088652081283134,-6.751521266093986,4.490624999999991,-15.25523975734278,-0.30026182449965455,-0.020332468416586875,4652.880400091048
-2.8636390540033423,-0.672875454320712,-2.1907635996826293,-6.7975872045737615,4.49687499999999,-15.285372571714955,-0.30239446294383365,-0.021326384441790927,4555.17909892422
-3.6680918335257138,-1.2825578915155034,-2.3855339420102095,-6.845897944238087,4.503124999999995,-15.315728129554527,-0.3047166938476164,-0.023222309037827626,4461.833807605448
-2.1988324377266886,0.1620799783074921,-2.3609124160341795,-6.898495247551289,4.509374999999995,-15.346314711669885,-0.30701494845953253,-0.022982546119161323,4373.814369015206
-1.4509879834604689,0.7898270374664906,-2.2408150209269575,-6.950543895512457,4.515624999999995,-15.377125273455816,-0.3091962872590933,-0.021813387995607985,4291.109872922969
-1.6134403475448897,0.5445248935928148,-2.157965241137704,-6.999939629286641,4.521874999999994,-15.408149936400926,-0.3112969716431323,-0.021006843840389727,4212.631260181681
-1.7853468800714756,0.32338608758049925,-2.108732967651975,-7.047503255202253,4.528124999999994,-15.439382271425321,-0.3133497288447752,-0.020527572016429123,4137.579218760369
-1.7303526910429963,0.3283618889342816,-2.058714579977277,-7.093975646493347,4.534374999999994,-15.470817447641213,-0.31535379547306996,-0.02004066628294792,4065.938111903722
-1.6717178855346493,0.3358159770454368,-2.0075338625800856,-7.139339542881382,4.540624999999993,-15.502450539501787,-0.3173080417384113,-0.01954246265341336,3997.9380927851234
-1.6742863920271982,0.2891563423740296,-1.9634427344012275,-7.183569448930491,4.546874999999993,-15.534276910116821,-0.3192193705622801,-0.019113288238687864,3933.5393150559357
-1.6862541310085524,0.24049969714994618,-1.9267538281584975,-7.226821777637669,4.5531249999999925,-15.566292628098287,-0.32109498906705014,-0.018756185047700248,3872.594297551566
-1.6715859422086177,0.22138135279770516,-1.8929672950063225,-7.2692598777149655,4.559374999999992,-15.598494263743286,-0.3229377238329083,-0.018427347658581734,3814.899199897625
-1.6599157485170364,0.20218307137966143,-1.8620988198966975,-7.310947970660347,4.565624999999992,-15.630878670764034,-0.32475041658205267,-0.018126927491443824,3760.317272930885
-1.6737855275268823,0.16336204253758677,-1.837147570064469,-7.351950660670056,4.5718749999999915,-15.663443133019447,-0.32653882852621385,-0.0178841194416119,3708.6901288815557
-1.524506507433793,0.27121166513186173,-1.7957181725656548,-7.392398680643417,4.578124999999991,-15.696184420417307,-0.3282869194309747,-0.01748090904760856,3659.7390035118588
-1.4544178211371144,0.29606487965999156,-1.7504827007971056,-7.431929240499442,4.584374999999991,-15.7290983156232,-0.32999098468687366,-0.017040652558989334,3613.567859074373
-1.6024309724431407,0.12842038736262762,-1.7308513598057698,-7.470458846112343,4.59062499999999,-15.762181662356042,-0.3316759499699942,-0.016849652831205694,3569.7465977427537
-1.6707986259895717,0.05208253336972942,-1.7228811593593,-7.508552169590839,4.59687499999999,-15.79543311824768,-0.33335316786273317,-0.016772178927389195,3528.1734640827967
-1.5426174745957164,0.15635696500547097,-1.698974439601185,-7.546466619741932,4.603124999999995,-15.828851132874025,-0.33500712466417404,-0.016539568014408916,3488.8061458759553
-1.508876668981971,0.16488551635871235,-1.6737621853406817,-7.5838514181871926,4.609374999999995,-15.86243331658857,-0.33663654962672973,-0.01629424962555693,3451.3092008200792
-1.487551583349696,0.16151260829957773,-1.649064191649275,-7.620678237631139,4.615624999999994,-15.89617724124266,-0.3382419434550527,-0.01605393828322977,3415.5784454587665
-1.8692200238301557,-0.19098041540684185,-1.678239608423313,-7.656958862312954,4.621874999999994,-15.930083126078756,-0.33987575326687886,-0.016338098118261327,3381.826373059329
-2.6143491495903772,-0.8120115582447744,-1.8023375913456032,-7.693881010194417,4.628124999999994,-15.96415843324766,-0.34163039011117396,-0.01754636844295117,3350.183742439309
-2.8234598402131232,-0.8857468836174964,-1.9377129565956273,-7.733537031380835,4.634374999999993,-15.998415794510711,-0.3435168351498485,-0.018864450386745096,3320.939805894448
1.9122447204973092,3.3394701789792762,-1.4272254584819675,-7.776175879917289,4.640624999999993,-16.032836951805105,-0.34490631073802075,-0.01389475588172282,3291.7739361901013
-0.2520437990721491,1.0193503325133784,-1.2713941315855282,-7.807564425631203,4.6468749999999925,-16.067389471692444,-0.346144087008728,-0.012377762707072503,3263.959143945799
-2.32712694479775,-0.9157608244791987,-1.4113661203185512,-7.835519115125196,4.653124999999992,-16.102072583317327,-0.34751814548892457,-0.013740584801965362,3236.045781341133
-1.8070316981065988,-0.3432074834821613,-1.4638242146244362,-7.866559316145311,4.659374999999992,-16.136895654939636,-0.3489432869572941,-0.014251414683695294,3209.5420256852058
-1.0855409134626748,0.32810033950907974,-1.4136412529717541,-7.898756770901758,4.6656249999999915,-16.171858798412494,-0.35031958249983525,-0.013762955425411285,3184.5453149320174
-1.1247374363585294,0.2505692469040154,-1.3753066832625438,-7.929849846162539,4.671874999999991,-16.20695770586288,-0.3516585665078663,-0.013389840080310527,3160.54645998592
-1.8536083470322968,-0.4148500427137038,-1.4387583043185936,-7.960100028471888,4.678124999999991,-16.242193601025527,-0.3530593367450475,-0.01400770237181225,3137.4832494244706
-1.7466794302844821,-0.2670693974562498,-1.4796100328282313,-7.991750833335161,4.68437499999999,-16.277571562379592,-0.3544998903362921,-0.014405535912445632,3115.4822865665255
-1.2415865141995444,0.20642540697288603,-1.4480119211724325,-8.024304509094637,4.69062499999999,-16.313092041367963,-0.3559096894311373,-0.0140979909484523,3094.61510704556
-1.0576108414586134,0.3385748698333124,-1.3961857112919258,-8.056164684725934,4.69687499999999,-16.34875097777345,-0.3572690386786146,-0.013593492474772978,3074.533248611051
-1.1499466544359855,0.21354518670383937,-1.3634918411398251,-8.086885836295428,4.703124999999995,-16.38454425793568,-0.35859656456598044,-0.013275258873658175,3054.944666313827
-1.2208191472604308,0.12372575574662738,-1.3445449030070586,-8.116889839352455,4.709374999999994,-16.420469368690934,-0.35990565053911944,-0.013090859731390085,3035.797949526181
-1.1920991233004692,0.1322007657040349,-1.3242998890045048,-8.146479850060764,4.715624999999994,-16.45652440281561,-0.3611950319543936,-0.012893814152741902,3017.1498817562097
-1.1396665390687353,0.16011452266596968,-1.2997810617347048,-8.1756274254709,4.721874999999994,-16.492707181756682,-0.3624605468670074,-0.012655149126137754,2998.963899787298
-1.1580586645765532,0.1229008892685989,-1.280959553845152,-8.204238507613917,4.728124999999993,-16.52901559617989,-0.36370774159714603,-0.012471947301385964,2981.05359040133
-1.144162678928184,0.1186297220268818,-1.262792400955066,-8.232438747313777,4.734374999999993,-16.565447845884556,-0.3649372524961818,-0.012295108990357927,2963.3982964692314
-1.1232046895181194,0.12105067949818098,-1.2442553690163016,-8.260242620019113,4.7406249999999925,-16.60200214444446,-0.3661487187018803,-0.012114662056984835,2946.0386800841516
-1.0863828676947673,0.13690874495020175,-1.2232916126449693,-8.287641990855368,4.746874999999992,-16.638676569216027,-0.36733977672951745,-0.011910580276371558,2928.9960958162137
-1.052621377891534,0.14800872705486912,-1.2006301049464025,-8.314583357352317,4.753124999999992,-16.67546899669647,-0.3685087728793545,-0.01168996149837045,2912.206946093768
-1.079345326355548,0.10518140809990537,-1.184526734455454,-8.34102924357641,4.7593749999999915,-16.712377539933584,-0.3696620918629183,-0.011533189835637787,2895.5635641142517
-1.0661514719326826,0.10265977861243034,-1.1688112505451131,-8.36712407968336,4.765624999999991,-16.749400650065127,-0.37080011076790337,-0.01138018904985056,2879.016686523308
-1.006406602802768,0.14084665836280355,-1.1472532611655724,-8.392876276309902,4.771874999999991,-16.786536512626995,-0.3719171404694941,-0.01117029701590733,2862.521699849683
-0.9938319002224791,0.13305837145407923,-1.1268902716765585,-8.418156899900124,4.77812499999999,-16.82378308685014,-0.37301434399333905,-0.010972035238449682,2845.2570198307403
-0.8504749989537581,0.23973294860849892,-1.0902079475622564,-8.442992074300975,4.78437499999999,-16.86113759562403,-0.3740758314844735,-0.010614874911344161,2828.315841307591
-0.9441966826364434,0.12663757493112163,-1.0708342575675645,-8.4670219034179,4.79062499999999,-16.89859730995945,-0.3751184552239113,-0.010426237394377926,2810.748348637045
-0.8381049451742872,0.20185421916142954,-1.0399591643357173,-8.490627558242368,4.796874999999989,-16.93615978354544,-0.37613101649589326,-0.010125612719819772,2793.665944983902
-0.8837046098882985,0.13552907312907456,-1.0192336830173732,-8.513555257106088,4.803124999999994,-16.97382250423375,-0.3771233972703246,-0.009923807744313895,2776.8354156492087
-1.4703743511600906,-0.39130929286231003,-1.079065058297781,-8.536028340652354,4.809374999999994,-17.011587375684215,-0.378174031739002,-0.010506344686773417,2760.1801032695203
-1.033670066229996,0.039377360819231655,-1.0730474270492278,-8.559821778541778,4.815624999999994,-17.0494570175495,-0.37921880556667414,-0.010447738276721307,2744.087976465884
-0.4099838556245,0.5751677673741363,-0.9851516229986357,-8.583483996599558,4.821874999999993,-17.08742685772598,-0.38017799796295626,-0.009591923962821162,2728.3621752420304
-0.6467058125573134,0.2935929903224019,-0.9402988028797152,-8.605210150590038,4.828124999999993,-17.12549043351506,-0.38109351781865614,-0.009155198556998999,2712.550596758981
-0.8496730670072079,0.07861969374803689,-0.9282927607552452,-8.62594843147913,4.8343749999999925,-17.163644976724242,-0.38199734636499616,-0.009038285463400415,2696.6593059334195
-0.810937133733693,0.10181229676478584,-0.9127494304984795,-8.64642232946481,4.840624999999992,-17.20188914602084,-0.3828860395669294,-0.008886932019332444,2680.8663843047866
-1.6926190693753713,-0.6765978560079979,-1.0160212133673738,-8.666553510358344,4.846874999999992,-17.24022721204607,-0.3838752809376366,-0.009892413707072164,2665.937147726891
-1.1135946093946103,-0.08465521612873188,-1.0289393932658786,-8.688960102610599,4.8531249999999915,-17.278664831004573,-0.3848770982324686,-0.010018172948319415,2651.011149100324
0.17817123079182165,1.0473693555749455,-0.8691981247831244,-8.71165057298667,4.859374999999991,-17.317194855092,-0.3857233835160828,-0.008462852836142374,2636.5430432127264
-0.3388562181063147,0.4601848465858386,-0.7990410646921536,-8.730819577198922,4.865624999999991,-17.355806092265095,-0.3865013599458139,-0.007779764297310865,2621.689297911361
-0.8218402484438301,-0.019783247264509963,-0.8020570011793198,-8.748441252858058,4.87187499999999,-17.394495273848,-0.3872822717123186,-0.007809117665047031,2606.5471234511688
-0.7964160643161348,0.004896143007429896,-0.8013122073235648,-8.766128196605653,4.87812499999999,-17.433262510300516,-0.38806245733794065,-0.00780185625622044,2591.5115426675525
-0.6749511263866719,0.10966507112934279,-0.7846161975160141,-8.783797695684179,4.88437499999999,-17.472106952481074,-0.3888263862732123,-0.007639289352716806,2576.6739600498913
-0.72424818029198,0.05239535760872781,-0.7766435379007074,-8.80109860629398,4.890624999999989,-17.51102739939231,-0.3895825519515796,-0.007561656783673086,2561.997287723658
-1.845275159582258,-0.9275491076612431,-0.917726051921015,-8.818223860835904,4.896874999999989,-17.550030330952335,-0.39047607924892186,-0.008935272973422588,2547.941909703151
-1.1828749043571423,-0.23015895955319118,-0.9527159448039504,-8.838459434541141,4.903124999999994,-17.58912431855051,-0.39140367271454757,-0.00927593465625682,2534.464716714635
-0.30791867029611514,0.5597526870746108,-0.8676713573707261,-8.859468781589765,4.909374999999994,-17.628306925331422,-0.3922484629036603,-0.008447901891126996,2521.745544892995
-0.9323707368210729,-0.05616864560676591,-0.8762020912143075,-8.878608713407322,4.915624999999993,-17.66757442633333,-0.3931015571345138,-0.008530942308534788,2509.1724212543963
-1.5422525275948893,-0.578290845044322,-0.9639616825505671,-8.897944402371495,4.921874999999993,-17.706931508878938,-0.3940400937776334,-0.009385366431196012,2497.0050242707603
-1.740343632331443,-0.6741413284331712,-1.0662023038982715,-8.919225844610462,4.9281249999999925,-17.74638742206926,-0.39507817002881535,-0.0103807625118199,2485.7656298352285
-2.0216926385494727,-0.8297360672343287,-1.191956571315143,-8.942777365555592,4.934374999999992,-17.785953264377838,-0.3962386761427175,-0.011605061139021813,2475.753007389913
-2.542086874827844,-1.1725460412758884,-1.3695408335519546,-8.969123940941058,4.940624999999992,-17.825643801648123,-0.39757206926302013,-0.013333931203026164,2467.2619893622345
-3.2107000492080564,-1.5991465490306718,-1.6115535001773862,-8.999416594327823,4.9468749999999915,-17.865479458516624,-0.3991410681069748,-0.015689988439546623,2460.772161577367
-4.0508792431747676,-2.1189068560455824,-1.9319723871291856,-9.035086531877905,4.953124999999991,-17.905487611560204,-0.4010219927646071,-0.018809246576322734,2456.9513074436622
-5.152979156118775,-2.7982196396723045,-2.3547595164464696,-9.077876192180616,4.959374999999991,-17.945704435186798,-0.4033144797672371,-0.02292487002629992,2456.7387174145606
-6.590497531890608,-3.6801948416843873,-2.910302690206221,-9.130060120705084,4.96562499999999,-17.986177545606846,-0.40614772863374343,-0.028332488665063178,2461.4630308182423
-8.457067625892579,-4.8198905499978935,-3.637177075894684,-9.194587581181564,4.97187499999999,-18.02696935488679,-0.40968845696511846,-0.03540728331375028,2473.04333866
-10.851139260741256,-6.269486152339015,-4.581653108402245,-9.275264272339642,4.97812499999999,-18.06816119604776,-0.41414836625426216,-0.04459909289143667,2494.476020609613
-14.076952801382964,-8.253417824500755,-5.823534976882214,-9.376923476503684,4.984374999999989,-18.10985945147601,-0.41981674231069793,-0.056683760564357734,2529.8959717539014
-18.124885626344064,-10.694303177822304,-7.430582448521753,-9.506166589754509,4.990624999999989,-18.152202721676762,-0.4270486617043511,-0.07231919393653138,2585.9802318449533
-23.98939441175855,-14.398395382210841,-9.590999029547717,-9.67110065111471,4.996874999999989,-18.19537425979892,-0.436382100738838,-0.09333439034486904,2673.614168105159
-27.360408289444067,-15.45426270291164,-11.906145586532428,-9.88399207274391,5.003124999999994,-18.239591701302754,-0.4479667293377931,-0.11584628598955116,2813.2864741348126
-39.7697153237141,-24.23999252972843,-15.529722793985679,-10.148338606188808,5.009374999999993,-18.28514374627508,-0.46307417010870694,-0.15107440770913877,3032.951651252897
-47.91411498632831,-28.184673879611122,-19.72944110671717,-10.493069013840458,5.015624999999993,-18.33241058424344,-0.48226258925855475,-0.19188419149847832,3353.9635523215034
-59.384542649232614,-34.543341548701676,-24.841201100530935,-10.930916860887294,5.0218749999999925,-18.381844506732794,-0.5064158605285,-0.2415327126994519,3875.222274467192
-41.41064484880425,-14.445864145244224,-26.964780703560034,-11.481904082926693,5.028124999999992,-18.433796591705658,-0.5326258389287956,-0.26209978400295614,4488.721540205943
-20.18054826355725,5.933609720011252,-26.11415798356852,-12.080014748384373,5.034374999999992,-18.488327928896666,-0.5580009048913438,-0.2537506596254821,5193.3583373205
-40.079657185631504,-12.211410072053274,-27.86824711357822,-12.659478977267701,5.0406249999999915,-18.54548157191431,-0.5850719554615014,-0.27071050570157623,6213.724985713767
-55.17938978706608,-23.928789321744627,-31.25060046532144,-13.27748638453223,5.046874999999991,-18.60550616080006,-0.6154198222535227,-0.3034786679202124,7439.040600531471
-81.72097471939503,-44.30538770450745,-37.4155870148876,-13.969740980203586,5.053124999999991,-18.66886442001264,-0.6517453619980362,-0.36325539744513546,8878.46936555018
-52.98181517203845,-13.684942830850895,-39.29687234118759,-14.797420161851171,5.05937499999999,-18.735946156573046,-0.6898893692101377,-0.38144007212101416,10474.278509100033
53.01070113985312,81.339133476524,-28.328432336670836,-15.66600724785714,5.06562499999999,-18.806309736927357,-0.7173822378760475,-0.274928686659098,11243.725930095956
3.795037272886272,28.350775909095866,-24.5557386362096,-16.29213758142284,5.07187499999999,-18.879239400074805,-0.7412110250729153,-0.2382878719686779,12435.215428968879
25.617970853468336,44.33997631377716,-18.722005460308853,-16.83434316737633,5.078124999999989,-18.954268834243376,-0.7593776582984796,-0.18166633225564366,12892.538062917276
18.04714525125847,32.53518874459663,-14.488043493338159,-17.247417406578588,5.084374999999989,-19.030909494132995,-0.7734355394938955,-0.14057881195415922,13161.054591383236
10.654099135323845,22.273022325492,-11.618923190168141,-17.566730709516282,5.090624999999989,-19.108816744729094,-0.7847094724280481,-0.11273932934152564,13287.020977764141
5.297702122388455,15.002262687789086,-9.704560565400637,-17.82244683552811,5.096874999999988,-19.187758521652313,-0.794126066036357,-0.09416593608308907,13399.940270948744
4.077067898858107,12.234128636415313,-8.157060737557202,-18.03566404317595,5.103124999999993,-19.267566893271095,-0.802041366339315,-0.07915300302957919,13759.90766205099
-6.856872617053239,1.1549151075971278,-8.011787724650363,-18.21450067346042,5.109374999999993,-19.34815976640697,-0.809816096378131,-0.07774730038816018,14812.697270606594
2.8469829653104677,9.656258923362445,-6.809275958051972,-18.38987861206663,5.1156249999999925,-19.429471787326502,-0.8164243220125511,-0.06608225634420117,15232.72349333251
6.172351093247433,11.552976196394114,-5.3806251031466745,-18.53850927578007,5.121874999999992,-19.511375327570587,-0.821646482869145,-0.05222160856593913,15603.450959455718
7.21176054953498,11.21438847723394,-4.002627927698964,-18.655417448290994,5.128124999999992,-19.59373423060454,-0.8255315778098996,-0.038850949407545805,16004.52669196042
-2.7210767624217187,1.1417036662756437,-3.8627804286973584,-18.741728118774024,5.1343749999999915,-19.676474875087496,-0.8292813118492309,-0.037497340393313136,16788.645965754426
31.949582159228367,31.931745848472044,0.01783631075632472,-18.824736999596535,5.140624999999991,-19.759402140458864,-0.829263995578091,0.00017316271139834494,17093.92383253789
17.56007571130151,15.649100122345143,1.9109755889563718,-18.822028357268447,5.146874999999991,-19.842235765667546,-0.8274085085955537,0.01855486982537369,17404.149937000213
13.256041590318207,10.126140055176178,3.129901535142029,-18.77743005313102,5.15312499999999,-19.924824645466238,-0.824369087378269,0.030394212172847452,17705.929010566077
23.644182604676285,18.320891259605357,5.323291345070924,-18.705834488639745,5.15937499999999,-20.007003047841444,-0.8191989601258833,0.05170127252385586,17920.612556701148
-1.2171177265251385,-5.843213578876228,4.626095852351095,-18.58581185103337,5.16562499999999,-20.08869826154761,-0.8147053139974001,0.04493646128483218,18685.376332402506
25.666297337193278,18.807988125606844,6.858309211586432,-18.481110085909158,5.171874999999989,-20.169835645916454,-0.8080423733795166,0.06662940617883478,18792.97655945667
45.624334279508815,34.664306329511646,10.960027949997157,-18.32723153443624,5.178124999999989,-20.25010741303744,-0.7973929690402443,0.10649404339272339,18572.04002356441
46.44430179577422,31.737845449088223,14.70645634668602,-18.083048512578145,5.184374999999989,-20.329132122823108,-0.7831012266730929,0.14291742367151336,18104.747815334766
35.48393065358922,18.587423270501493,16.896507383087727,-17.756464664540864,5.190624999999988,-20.40662112907292,-0.7666788983231855,0.16422328349907386,17644.675975618327
32.8839992611055,14.303527419155044,18.580471841950434,-17.381846562814022,5.196874999999988,-20.48238595033631,-0.7486175269446125,0.1806137137857301,17167.09630912944
37.399276038612925,16.83534520423728,20.563930834375654,-16.970406792501485,5.203124999999993,-20.556248116805385,-0.7286258024368275,0.19991724507785016,16589.132034858078
42.8557887911944,19.93880497202667,22.91698381916775,-16.51559444010466,5.2093749999999925,-20.62799662267343,-0.7063443149240444,0.2228148751278313,16012.471848407176
43.896755803376074,18.76027637784526,25.13647942553079,-16.00929804870139,5.215624999999992,-20.69740898719812,-0.6819029755697756,0.2444133935426873,15481.37114854843
53.89243783748446,25.703509855626457,28.18892798185802,-15.454472142938368,5.221874999999992,-20.764228739564828,-0.6544920717643732,0.274109038054025,15031.991037469152
39.97094039852515,10.526707083412376,29.44423331511276,-14.832743748554739,5.2281249999999915,-20.828246320873752,-0.6258595544141196,0.28632517350253667,14668.13948330859
56.336897362011456,24.011843206344015,32.325054155667445,-14.183676305496563,5.234374999999991,-20.889260561573288,-0.5944252595765539,0.31434294837565685,14413.30670456708
59.63820784510731,24.368805362634138,35.2694024824732,-13.471389787576502,5.240624999999991,-20.946988224862405,-0.5601280062058145,0.3429725337073939,14214.629572616956
52.074075316319146,14.979561720677795,37.094513595641345,-12.694418593156964,5.24687499999999,-21.001197465694197,-0.5240568104300494,0.36071195775765147,14253.50374109346
44.55611131452727,6.643818104351712,37.91229321017556,-11.877361012511757,5.25312499999999,-21.051759894129326,-0.48719175827252786,0.36865052157521494,14346.322259326564
49.09139801324081,9.943284501206698,39.14811351203413,-11.0423526165611,5.25937499999999,-21.098575821217946,-0.44912678349985635,0.38064974772671506,14724.543455254294
51.074314195558244,10.594865253239838,40.479448942318434,-10.180122030915069,5.265624999999989,-21.14152062708556,-0.40976933385237474,0.39357449647481607,15234.823915012415
47.84063051157283,6.530038071203635,41.31059244036919,-9.288513970440235,5.271874999999989,-21.180489387909923,-0.36960588263489186,0.401634512174829,15881.320400362556
43.07447389828581,1.561144301529634,41.51332959675614,-8.378512264302064,5.278124999999989,-21.2154320469815,-0.32924729879668013,0.40358583838211726,16711.0524641775
49.1222802648309,6.730236635998075,42.3920436288329,-7.463938602154773,5.284374999999988,-21.246296218563693,-0.28803613284714463,0.412111659495355,17692.623262863497
45.17651805285842,2.4583428638819136,42.718175188976474,-6.529880315985318,5.290624999999988,-21.27302348055398,-0.24650910695858985,0.4152702588855479,18865.691177461842
43.603943329411734,0.7805555961962439,42.82338773321546,-5.588513876030763,5.296874999999988,-21.29559295053179,-0.20488029259759538,0.4162881436099448,19037.358460371226
60.21398052115134,15.305840407344215,44.90814011380721,-4.64472020216662,5.3031249999999925,-21.313898189126743,-0.1612244793014425,0.4365581329615285,18794.828994536638
53.590704286522154,7.631773026018628,45.95893126050353,-3.654901006681696,5.309374999999992,-21.327786696176176,-0.11654566168725344,0.44678817614189076,19381.359570192784
57.564879828462345,10.191226320526642,47.37365350793569,-2.641885186208115,5.315624999999992,-21.337138413450678,-0.07048868380281015,0.460569778844433,20487.04878131745
15.177501817082401,-28.23053736878953,43.40803918587193,-1.5977083161721215,5.3218749999999915,-21.34207700969597,-0.028283241103067396,0.4220544269974275,21529.800381692596
12.432056718432923,-27.1369805458978,39.569037264330746,-0.6409947723879174,5.328124999999991,-21.342981460086644,0.010194233289568366,0.3847747439263576,22413.732403778373
-0.21911266721279665,-34.82799010425465,34.60887743704184,0.23100157192938364,5.334374999999991,-21.340279077757447,0.043853413294382075,0.3365918000481371,23489.860028947693
-37.21743873233096,-62.82247307145154,25.605034339120603,0.9935483297607139,5.34062499999999,-21.33464840153347,0.06876011118511668,0.24906697890734605,24411.859774409713
-90.11913649810627,-101.13758397263955,11.018447474533284,1.5575490986036262,5.34687499999999,-21.327236394326345,0.0794800329573875,0.10719921772270814,25172.36459087133
-146.5758816386632,-137.62662787760044,-8.949253761062767,1.8000452288331161,5.35312499999999,-21.319723810489958,0.07077164377033814,-0.08708389187049356,24475.006891037872
-115.28332399212411,-92.80038976718272,-22.48293422494139,1.6025610243037864,5.359374999999989,-21.313740713536674,0.04889029529535479,-0.21881348474983345,22423.28834527439
-236.5207743324494,-186.69685907629648,-49.823915256152915,1.106951214242804,5.365624999999989,-21.31127649795743,0.000394016289520821,-0.48496279005833964,19546.64862398724
-109.957241168407,-52.430896557265775,-57.52634461114126,0.008920436336091271,5.371874999999989,-21.314036988122695,-0.05560381959480619,-0.5599783588432701,16591.084394014793
-52.79633780557477,4.119527907343692,-56.91586571291844,-1.2587894797887684,5.378124999999988,-21.32236769850169,-0.11101038798510214,-0.5540656839029595,14106.059579156365
-1.1703239844715811,48.56388989102696,-49.73421387549849,-2.513023828868795,5.384374999999988,-21.33588959165472,-0.15942747507547578,-0.4841708709037363,12178.208674200208
25.036215689069863,65.11882452773916,-40.082608838669294,-3.608993072276885,5.390624999999988,-21.353783438989463,-0.1984494716194015,-0.3902199654392571,10707.10890781306
37.47979487123848,67.53196517336913,-30.052170302130673,-4.492280122620904,5.396874999999987,-21.37509125485578,-0.22770684570687677,-0.29257374087475263,9601.42803518504
2.4699857547282247,28.308707759632018,-25.838722004903815,-5.1545397819165,5.403124999999992,-21.399119716317635,-0.2528623835302216,-0.25155537823344853,8738.534642784713
29.891168398761547,48.4974213992298,-18.60625300046824,-5.723967293964482,5.409374999999992,-21.425311671413592,-0.2709767183889083,-0.1811433485868671,8079.405147468659
-0.4252344480209336,15.817801824153063,-16.24303627217399,-6.134025679695585,5.4156249999999915,-21.453200021868973,-0.28679029071871465,-0.15813572329806333,7534.489349517937
1.2129514429335977,15.183691438222898,-13.970739995289312,-6.49202080602762,5.421874999999991,-21.482559115811764,-0.3003915881371366,-0.13601297418421948,7088.086013102595
6.09435261206092,17.449575935155977,-11.355223323095068,-6.7999527172110525,5.428124999999991,-21.513151018507426,-0.31144646577610535,-0.11054877638968724,6714.58866228335
1.1486775804784997,10.871931830540833,-9.72325425006233,-7.050253937320186,5.43437499999999,-21.544768965275924,-0.320912469593875,-0.09466003817769636,6374.267214408103
3.0596883184207493,11.112541141410338,-8.052852822989585,-7.264597033552244,5.44062499999999,-21.577252198830614,-0.32875220149991646,-0.07839731906041504,6113.419942042884
2.332883951281239,9.027057991818733,-6.694174040537491,-7.442132273154462,5.44687499999999,-21.61045326669172,-0.3352691557222195,-0.06516954222303029,5892.082042361903
1.4174221644150387,7.049298093541159,-5.631875929126126,-7.589727094082211,5.453124999999989,-21.64425431879297,-0.3407518863027996,-0.05482730580580114,5699.258047419474
-1.6661970479157557,3.4458281115969984,-5.112025159512757,-7.713911179822093,5.459374999999989,-21.678578337576813,-0.34572848937405515,-0.04976603071255532,5515.730041860439
-0.74871014497987,3.790787642308454,-4.539497787288323,-7.826637462355781,5.465624999999989,-21.713372146763042,-0.35014769435057036,-0.04419204976515231,5371.971608561477
1.134477818422146,4.92878830282299,-3.7943104844008473,-7.926743634438156,5.471874999999988,-21.748571602937755,-0.3538414291436704,-0.03693734793100051,5243.876301896567
5.279469658009119,7.8810503344925,-2.60158067648338,-8.010423357065138,5.478124999999988,-21.784082375937427,-0.3563740308497485,-0.025326017060781067,5132.4657711595
-2.202451106859585,0.34663736295374764,-2.549088469813332,-8.067812505897425,5.484374999999988,-21.81984385324175,-0.35885551523670134,-0.024814843869528248,5025.830812055845
1.4621253715316267,3.4831354197005826,-2.0210100481689564,-8.124039156818052,5.490624999999987,-21.855827774722155,-0.3608229143713986,-0.019673991346972213,4929.047855896688
-2.8187022175841774,-0.6925896254800303,-2.1261125921041466,-8.168621601947498,5.496874999999987,-21.89201355129688,-0.36289261712309273,-0.020697027516941597,4836.352769594009
-3.613526637164061,-1.2913142986838468,-2.322212338480215,-8.215513595576633,5.503124999999992,-21.928415842489983,-0.3651532067389421,-0.022605896158493274,4747.943619174461
-2.1393330080086876,0.15876181462536332,-2.2980948226340505,-8.266720242693452,5.5093749999999915,-21.96504301837267,-0.3673903109147976,-0.022371041758555487,4664.777366611202
-1.3911406115346696,0.7872487176640791,-2.17838932919875,-8.317388112897895,5.515624999999991,-22.001888077965383,-0.3695108809395223,-0.021205700247246495,4586.835865310063
-1.5547115946137244,0.5413160904592571,-2.0960276850729826,-8.365410470707701,5.521874999999991,-22.03894118560401,-0.3715512718330405,-0.02040390893518209,4512.942095171635
-1.7245217053036745,0.3224206393722053,-2.0469423446758808,-8.411610250804868,5.52812499999999,-22.076195943127043,-0.37354387862765986,-0.01992606794619398,4442.348890032663
-1.6709708719028002,0.3262715086503303,-1.9972423805531314,-8.456720826441122,5.53437499999999,-22.113647542299294,-0.375488104817347,-0.01944226189687136,4375.077808559874
-1.6147960104321726,0.331867467291257,-1.946663477723428,-8.500728746843311,5.54062499999999,-22.15129110236165,-0.37738309642975654,-0.01894991612409541,4311.422831462651
-1.6138787458512862,0.28875491555023564,-1.902633661401521,-8.543614801576677,5.546874999999989,-22.18912201869222,-0.37923523018165267,-0.018521337518961165,4251.347764297131
-1.6255307108083796,0.2404255147167707,-1.865956225525152,-8.585523539805061,5.553124999999989,-22.22713636343277,-0.38105166462934276,-0.018164344476900622,4194.694757967446
-1.6070207373317613,0.22465034730874686,-1.8316710846405075,-8.626617266980025,5.559374999999989,-22.265330683152502,-0.382834729765327,-0.017830651359842655,4141.237395774927
-1.595518106902353,0.2048740104601864,-1.8003921173625383,-8.666949024897052,5.565624999999988,-22.30370178729291,-0.3845873530428289,-0.017526232775019163,4090.734296405043
-1.6102910936638501,0.16491322644736628,-1.7752043201112182,-8.706585426578393,5.571874999999988,-22.34224692819305,-0.38631546495999086,-0.01728111917161914,4042.998817604494
-1.4619888557265508,0.27171025270820043,-1.7336991084347502,-8.74566110980313,5.578124999999988,-22.380962860526687,-0.38800318171273535,-0.016877167527445003,3997.6833709781995
-1.3919014411374258,0.2964966128855123,-1.6883980540229364,-8.783816901921984,5.584374999999987,-22.41984536004316,-0.38964680861671885,-0.016436269039835198,3954.9440183268152
-1.5373060528062745,0.13105807190386543,-1.6683641247101404,-8.820969612404102,5.590624999999987,-22.45889124763624,-0.39127094324492623,-0.016241346282073982,3914.348614733588
-1.6054501380728263,0.054564903882782505,-1.6600150419556075,-8.85767656673732,5.5968749999999865,-22.498099142859726,-0.39288696122472644,-0.01616017979800222,3875.8551263828886
-1.4754712189102333,0.16007012113650484,-1.6355413400467373,-8.894195778079798,5.6031249999999915,-22.53746744920647,-0.39447916571018243,-0.015922044854559673,3839.452113024645
-1.4427592345580875,0.1672144093204331,-1.6099736438785213,-8.930172405483779,5.609374999999991,-22.57699373208506,-0.3960464918616323,-0.015673261514499146,3804.83251173777
-1.4189426504487979,0.16569437884216695,-1.5846370292909657,-8.96558286664558,5.615624999999991,-22.616675514912227,-0.3975891646816706,-0.015426728200383072,3771.8889216228754
-1.8003447735816072,-0.18712157770742288,-1.6132231958741834,-9.000432787761188,5.62187499999999,-22.656512957112742,-0.39915967932859936,-0.015705146469287314,3740.772497857165
-2.548592915372996,-0.8113693589089869,-1.7372235564640106,-9.035911056621005,5.62812499999999,-22.69651348735162,-0.4008509254489632,-0.016912461203638467,3711.6314730812473
-2.7557655071420073,-0.8835082320547815,-1.8722572750872246,-9.07412093816956,5.63437499999999,-22.736689715955542,-0.40267364662946037,-0.018227211804971204,3684.736861448383
1.9797157177729892,3.3412187537915714,-1.3615030360185816,-9.115306086912614,5.640624999999989,-22.777023355194117,-0.4039991381420504,-0.013254915125900227,3657.8147450321767
-0.18515574876888427,1.0203618803610675,-1.2055176291299514,-9.145235099335189,5.646874999999989,-22.81748195109117,-0.40517277979902067,-0.01173641656970264,3631.921289945437
-2.2611416078472155,-0.9156659496474634,-1.3454756581997518,-9.17172697785702,5.653124999999989,-22.85806472455844,-0.40648268954634414,-0.01309909747323474,3605.735511169348
-1.7409232617164745,-0.34301795069559526,-1.3979053110208792,-9.201304247879856,5.659374999999988,-22.898781041739344,-0.4078436540717882,-0.013609645254440634,3581.006651687777
-1.019172684564394,0.32849052263212836,-1.3476632071965209,-9.232038398443576,5.665624999999988,-22.93963101017208,-0.40915571458290595,-0.013120605111177462,3557.8639046066564
-1.0606430323658542,0.2489359240759344,-1.3095789564417883,-9.261667181689216,5.671874999999988,-22.980610331239866,-0.41043070677284416,-0.012749921899381931,3535.7780346939826
-1.789930371369585,-0.4166274120025129,-1.3733029593670736,-9.290458961690472,5.678124999999987,-23.021720254073845,-0.4117677499067327,-0.013370431338885486,3514.6752566206096
-1.6799623039026417,-0.265974648374053,-1.413987655528588,-9.320657793094979,5.684374999999987,-23.06296586223508,-0.4131444133180058,-0.013766634112730821,3494.5951113782853
-1.1748688262913654,0.20737573782125035,-1.3822445641126155,-9.35175628841523,5.6906249999999865,-23.104347591933326,-0.4144901806468845,-0.013457673288786779,3475.563902522421
-0.9933350165529603,0.3372816737871118,-1.3306166903400722,-9.382158605544737,5.696874999999986,-23.14586138550682,-0.4157856908229776,-0.012955101760931278,3457.2577464297046
-1.0864645694653665,0.21173561750178965,-1.2982001869671576,-9.41142682412888,5.703124999999991,-23.187503152413377,-0.41704964730821875,-0.012639564852411253,3439.3838399370284
-1.1570566739961843,0.12239989334030878,-1.2794565673364924,-9.439984593379304,5.709374999999991,-23.229270402852983,-0.41829536148391855,-0.01245714175699788,3421.896158423643
-1.1290690700696706,0.13041603270455304,-1.2594851027742238,-9.4681334638624,5.71562499999999,-23.271161252783013,-0.4195216371166625,-0.012262756327439927,3404.8214824782967
-1.0762760356599783,0.15887959881485464,-1.2351556344748325,-9.495846560875487,5.72187499999999,-23.313173546155006,-0.42072423032319894,-0.012025932065364025,3388.090416380759
-1.0910590466608332,0.12496008286629383,-1.2160191295271277,-9.523027985637057,5.72812499999999,-23.355305167490876,-0.421908196394213,-0.011839660710140486,3371.5787834153907
-1.0782352054965387,0.11948592024401786,-1.1977211257405573,-9.549792282541462,5.734374999999989,-23.39755429486073,-0.4230743510028325,-0.01166154608619494,3355.332578601644
-1.0566012569380216,0.12237958267098892,-1.1789808396090105,-9.576157987946345,5.740624999999989,-23.439919125551977,-0.42422226282215747,-0.011479118193249567,3339.4204314107856
-1.0206462779586738,0.13730960584844534,-1.157955883807119,-9.602115367999314,5.746874999999989,-23.48239772402856,-0.4253497067094544,-0.011274438872969108,3323.757441808288
-0.9860452781126148,0.1490845399381858,-1.1351298180508007,-9.627614041550466,5.753124999999988,-23.524987955782056,-0.42645492836048554,-0.011052216510311892,3308.278869960574
-1.0146441310644085,0.10448849742895398,-1.1191326284933627,-9.652614239625294,5.759374999999988,-23.56768793100622,-0.4275445761227713,-0.010896477622857415,3292.855489058754
-1.0025517590765884,0.10110365814668286,-1.1036554172232707,-9.677266337986941,5.765624999999988,-23.610496117598636,-0.4286191557255972,-0.010745796028259346,3277.4610153961376
-0.9402421948626741,0.14172139958003452,-1.0819635944427095,-9.701581631708468,5.771874999999987,-23.653410706173396,-0.4296726157696371,-0.010534600440398738,3262.1033390588586
-0.927561410296691,0.13390903487177314,-1.061470445168464,-9.725422954621756,5.778124999999987,-23.69642964310608,-0.4307061228840107,-0.010335071143736043,3246.04010240096
-0.7695552401705801,0.2531759197948008,-1.0227311599653799,-9.748816474273527,5.7843749999999865,-23.739550044810137,-0.4317019111971707,-0.009957883131599999,3230.328129358888
-0.8768349931249875,0.12653772425882273,-1.0033727173838098,-9.77135978913293,5.790624999999986,-23.78276908290161,-0.43267885063224715,-0.009769394350764413,3213.9775683825974
-0.762078733712638,0.20928258649397596,-0.9713613202066141,-9.793479691245626,5.796874999999986,-23.826084256497293,-0.4336246212813964,-0.009457706491492449,3198.085503067675
-0.8132966510080523,0.13709902291406367,-0.9503956739221167,-9.814896969979566,5.803124999999991,-23.86949298644461,-0.4345499776649403,-0.009253563835438846,3182.40267086695
-1.4050415538422811,-0.3943497206573971,-1.0106918331848846,-9.835854660905317,5.80937499999999,-23.912997187346214,-0.43553404036717425,-0.009840627022339342,3166.8939828695525
-0.9659606728168456,0.0388014596214048,-1.0047621324382499,-9.85814321223454,5.81562499999999,-23.956599505771642,-0.43651232814136354,-0.009782877741892852,3151.893125620799
-0.33985241834890983,0.5767690830353001,-0.9166215013842091,-9.880302685202842,5.82187499999999,-24.00029536198962,-0.4374047962182269,-0.008924680768633767,3137.207193907049
-0.5775910313172516,0.2941000600138061,-0.8716910913310569,-9.900520841557556,5.828124999999989,-24.044078277616876,-0.4382535163268841,-0.008487201086571852,3122.331368009686
-0.7810156975076767,0.07866266338083051,-0.8596783608885067,-9.919749497153592,5.834374999999989,-24.087945480370035,-0.43909053873629045,-0.008370224094063706,3107.2714454994066
-0.742845748720057,0.10135844994001211,-0.8442041986600692,-9.938713645299968,5.840624999999989,-24.13189563197034,-0.43991249326983967,-0.008219545335492393,3092.2133655549874
-1.6234039161766949,-0.6760167541483233,-0.947387162028371,-9.957336567064383,5.846874999999988,-24.175933002114608,-0.44083490961550753,-0.009224163456678612,3078.019928371521
-1.0455211697067255,-0.08514171966027999,-0.9603794500464462,-9.97823285763837,5.853124999999988,-24.220063246303265,-0.4417699741576512,-0.009350645421436468,3063.7237407729317
0.24665974192098072,1.0473072775307806,-0.8006475356097996,-9.99941453043868,5.859374999999988,-24.2642792208065,-0.4425495159070281,-0.007795417493769224,3049.8186318006587
-0.26994824718409716,0.4604948592822119,-0.73044310646631,-10.017074780740879,5.865624999999987,-24.3085697317411,-0.44326070278490065,-0.007111868778725145,3035.3850723739324
-0.7531465261982206,-0.019700230360169064,-0.7334462958380519,-10.033186477165126,5.871874999999987,-24.35293150751444,-0.44397481268192424,-0.007141098970236051,3020.552137693283
-0.7279965560370607,0.004730145128108818,-0.7327267011651697,-10.049362979684112,5.8781249999999865,-24.397364659201386,-0.4446882210570043,-0.007134083750800633,3005.7770047633912
-0.6061030216252095,0.10989290326854002,-0.7159959248937489,-10.065522437324736,5.884374999999986,-24.44186833720264,-0.4453853389680219,-0.006971179110176086,2991.1803767126517
-0.6546231472920977,0.05326734620255679,-0.7078904934946547,-10.08131244287758,5.890624999999986,-24.486441332372156,-0.4460745644223018,-0.006892254542798826,2976.7283983548587
-1.7762155961956743,-0.9272831193551141,-0.8489324768405597,-10.096923868884238,5.896874999999985,-24.531090116198527,-0.4469011121050984,-0.008265476827966276,2962.971552978908
-1.1146178751808882,-0.23062477421127894,-0.8839931009696091,-10.115644876863884,5.90312499999999,-24.575823261548887,-0.4477617949020955,-0.008606827969970903,2949.81398110153
-0.23889312628284304,0.5600153736632382,-0.7989084999460814,-10.135141594383617,5.90937499999999,-24.620638333072183,-0.44853963556379295,-0.007778406616974749,2937.466585544587
-0.8635481337143015,-0.05611689715716312,-0.8074312365571391,-10.152768699576479,5.91562499999999,-24.665531603481206,-0.44932577261667667,-0.007861370528837341,2925.2511528565
-1.4743641532937177,-0.5790572245302464,-0.8953069287634721,-10.170592486174513,5.921874999999989,-24.710507765377756,-0.4501974653143159,-0.008716926976392692,2913.4682822855443
-1.6736395254546175,-0.6758353565902818,-0.9978041688643361,-10.190366237389949,5.928124999999989,-24.755576086030967,-0.4511689477499113,-0.00971482435595337,2902.7056349218087
-1.9550407472163898,-0.8312528549221779,-1.1237878922942128,-10.21241809863901,5.934374999999989,-24.800747687611185,-0.4522630838544656,-0.010941361045543213,2893.306684641344
-2.47541646186045,-1.1738477633249425,-1.3015686985355066,-10.237273384039568,5.940624999999988,-24.84603735674885,-0.4535302988988885,-0.012672150444228715,2885.623605513489
-3.1448251870188986,-1.6009688851430197,-1.5438563018758795,-10.2660835946222,5.946874999999988,-24.89146554110158,-0.4550333881556887,-0.015030892568002,2880.2070260893947
-3.985851318833053,-2.1212265357838387,-1.8646247830492146,-10.300283196562416,5.953124999999988,-24.93705964774476,-0.4568487447079017,-0.01815356552212962,2877.8344837602504
-5.085893612215481,-2.798448674452108,-2.2874449377633725,-10.341618210066077,5.959374999999987,-24.982855869844734,-0.4590756972915642,-0.02226952583662498,2879.5713793119994
-6.522748410093473,-3.679819137824133,-2.8429292722693376,-10.392358634496661,5.965624999999987,-25.028901822536003,-0.4618433565337869,-0.02767659242222674,2886.8886408844346
-8.39019136637362,-4.820325048801417,-3.569866317572202,-10.455454730035358,5.9718749999999865,-25.075259918313595,-0.4653185590180487,-0.03475202484261798,2901.8926238339623
-10.784368059004453,-6.269958360269274,-4.514409698735185,-10.534718594925254,5.978124999999986,-25.122011496849066,-0.46971301169135693,-0.04394452673308258,2927.8520991548085
-14.012386127952897,-8.255748842530895,-5.756637285422008,-10.63498814780741,5.984374999999986,-25.169262961055633,-0.47531627243999275,-0.05603260748635824,2969.188849701698
-18.061814863319213,-10.697635830320715,-7.3641790329985,-10.76287630589951,5.990624999999985,-25.21715295286618,-0.4824835637709261,-0.07167291330933345,3032.9916975191063
-23.932030319311004,-14.406262810706282,-9.525767508604721,-10.926499779005448,5.996874999999985,-25.265864807206437,-0.4917535230342262,-0.09269959263300094,3130.6985731681957
-27.310467944465504,-15.467571466952931,-11.842896477512573,-11.138146856126536,6.00312499999999,-25.315616313884217,-0.5032766105213341,-0.11523087487107915,3283.9914660926834
-39.72263423271415,-24.254069712553175,-15.46856452016097,-11.401341040874982,6.00937499999999,-25.36669637221156,-0.5183245560255445,-0.1504794550421044,3520.7894345277464
-47.87486190267225,-28.20375309421568,-19.671108808456573,-11.745019888860352,6.015624999999989,-25.41948541213629,-0.53745624246903,-0.19131686443485557,3863.5796830756008
-59.35370308039615,-34.56730780284348,-24.786395277552668,-12.181930826992128,6.021874999999989,-25.474436035542695,-0.5615562256590547,-0.24099983190024754,4412.108245319033
-41.39312357953791,-14.478399929664588,-26.91472364987333,-12.732094752045652,6.028124999999989,-25.53189972423617,-0.5877175482104364,-0.26161322551381666,5054.7570944480685
-20.18062455479862,5.889803815207252,-26.070428370005843,-13.329500995567585,6.034374999999988,-25.5919381077572,-0.6130501222102198,-0.2533257399978341,5789.375548802258
-40.1899212921621,-12.346152618585933,-27.843768673576175,-13.908391664065277,6.040624999999988,-25.654595483596133,-0.6400973945684049,-0.2704727235818502,6840.3328625957265
-55.26559934434959,-24.02580399637201,-31.239795347977562,-14.526220855095573,6.046874999999988,-25.720122091743036,-0.6704347683696699,-0.30337373801265033,8097.074161980264
-81.77101861034029,-44.35881478110438,-37.41220382923596,-15.218554423469262,6.053124999999987,-25.78898168133615,-0.7067570234925953,-0.36322255122925395,9568.087697073664
-53.040649792724324,-13.739669434730697,-39.30098035799363,-16.04642125399697,6.059374999999987,-25.861564783420942,-0.7449050182032773,-0.38147994710681926,11195.597428977751
53.01016400397473,81.342280419638,-28.33211641566331,-16.915302561479393,6.0656249999999865,-25.937430107445312,-0.7724014622841163,-0.27496444080839033,11990.81509337404
3.8381026232698794,28.392031214365826,-24.55392859109594,-17.54165384535111,6.071874999999986,-26.015861605210553,-0.7962284930206932,-0.23827030736576915,13201.749159034927
25.668479009602475,44.38301085913245,-18.714531849529994,-18.08389680905597,6.078124999999986,-26.096392423578273,-0.8143878743337327,-0.18159381313039477,13672.522960808063
18.047522199483346,32.528909167620995,-14.481386968137661,-18.496840730030108,6.084374999999985,-26.17853378212705,-0.8284392966418264,-0.14051422308093656,13949.06781885297
10.699855426836072,22.307660150140233,-11.60780472330418,-18.816008949900592,6.090624999999985,-26.26194086902113,-0.8397024412397703,-0.1126314459794396,14080.227346978887
5.262960135345642,14.96159166338073,-9.698631528035095,-19.071455924130227,6.096874999999985,-26.34638165517038,-0.849113281745197,-0.09410840505426635,14196.096484566837
4.077241799252839,12.229019787791119,-8.151777988538273,-19.28449718391903,6.10312499999999,-26.431688492051148,-0.8570234558702025,-0.07910174125005506,14559.657259233867
-6.860177790018515,1.147284528352522,-8.007462318371019,-19.463153609355285,6.109374999999989,-26.517779364268932,-0.8647939884855113,-0.07770532615308771,15613.501402671112
2.8764376903834643,9.678606707851403,-6.802169017467936,-19.63835560174841,6.115624999999989,-26.604588829544134,-0.871395317018501,-0.06601328532989796,16034.420190907373
6.24465543203846,11.611001348988019,-5.366345916949563,-19.786733113972875,6.121874999999989,-26.691988776356247,-0.8766036192237686,-0.052083022052675794,16405.10615458167
7.3013707242635215,11.281479628374868,-3.9801089041113493,-19.90321481836923,6.128124999999988,-26.779842300136863,-0.8804668563885342,-0.03863237164765576,16805.412075758562
-2.6379139266469305,1.1957489515734674,-3.833662878220395,-19.988902767115476,6.134374999999988,-26.868075059207214,-0.8841883250184847,-0.03721468629950488,17586.987608837866
32.029342821856964,31.976904760183963,0.05243806167299698,-20.071129589873976,6.140624999999988,-26.956491346250793,-0.8841374158531095,0.000509091653751884,17889.462203237876
17.657478358910772,15.705127404973098,1.9523509539376735,-20.067505163187956,6.146874999999987,-27.044810304789127,-0.8822417549135816,0.018956609395278278,18197.429798928646
13.34213031948448,10.16605336314303,3.1760769563414497,-20.021830414774037,6.153124999999987,-27.132880267191343,-0.87915749313076,0.030842617828216547,18495.202373833974
23.723327214109567,18.350340519861177,5.372986694248387,-19.949043223166612,6.1593749999999865,-27.22053509686717,-0.8739391003857602,0.0521839274499985,18705.4525433428
-1.1317252436380663,-5.811311447397631,4.679586203759566,-19.82774451585607,6.165624999999986,-27.30770172665585,-0.8693934953878134,0.04545604997946739,19462.291596369127
25.757567509629194,18.84176579147745,6.915801718151751,-19.721679262652636,6.171874999999986,-27.39430513642616,-0.8626747000183578,0.0671879536945565,19565.605287005754
45.70921592578589,34.68880452580681,11.020411399979091,-19.566348853726446,6.178124999999985,-27.480037202606404,-0.8519666235865331,0.10708076431824669,19339.700926550824
46.52624100139981,31.757132372419665,14.769108628980122,-19.32065416121705,6.184374999999985,-27.56451623357058,-0.8376139956969857,0.1435262788954736,18865.229041584833
35.572752611598446,18.610840041886675,16.961912569711764,-18.992516944845963,6.190624999999985,-27.647453338239128,-0.8211280976739989,0.16485898022986845,18394.35953166967
32.97786692727803,14.328996030804232,18.648870896473806,-18.616297687859696,6.196874999999984,-27.728659755031373,-0.8030002381708938,0.18127859503105054,17903.896729547047
37.51523236144359,16.87789225947926,20.637340101964323,-18.203208188102977,6.203124999999989,-27.807956624293006,-0.7829371470617633,0.2006309110913051,17311.559890578745
42.995768203559294,19.998349250499622,22.997418953059658,-17.74665726868188,6.209374999999989,-27.885132354391626,-0.7605774549106411,0.22359692151122204,16718.790205016987
44.03272552923681,18.809937221800833,25.22278830743596,-17.23849248520754,6.215624999999989,-27.959963836812896,-0.7360521935147761,0.24525261395864917,16170.525767190551
54.09278193686616,25.805439553336488,28.28734238352968,-16.681695971362867,6.221874999999988,-28.0321937260676,-0.7085455915792769,0.27506601935499253,15701.9137400066
40.16049320061843,10.608131648767108,29.552361551851313,-16.057757836136425,6.228124999999988,-28.10161140198965,-0.6798079268617497,0.28737664717527134,15316.238950140385
56.51327366131019,24.07278069247651,32.44049296883367,-15.406292859975517,6.234374999999988,-28.168014867046693,-0.6482613742791145,0.3154655258263532,15037.503762413697
59.80013696219959,24.410283628351678,35.3898533338479,-14.691471327051255,6.240624999999987,-28.231120285266012,-0.6138469901072401,0.34414384171874357,14811.254081383495
52.22532553556486,15.007014861394028,37.218310674170844,-13.911874711202293,6.246874999999987,-28.2906954053921,-0.5776554124144946,0.36191577692745525,14820.213694554348
44.70800004581425,6.668831477506528,38.03916856830771,-13.092133786884858,6.2531249999999865,-28.34661152548996,-0.5406669895426481,0.3698842287184645,14882.037736243356
49.24313724035934,9.965397984368167,39.27773925599114,-12.254385352973875,6.259374999999986,-28.398768673740783,-0.5024759754738021,0.3819101406884604,15228.311617650645
51.232518387991256,10.620251819006356,40.612266568984914,-11.389360278327821,6.265624999999986,-28.44704194199475,-0.4629893896055861,0.3948658586821597,15705.45868147364
47.9893996629915,6.544186428650925,41.445213234340535,-10.494888363379575,6.271874999999985,-28.491326164266923,-0.4226950558378389,0.40294333767747204,16316.80112169999
43.23419577024263,1.5833799612738204,41.650815808968794,-9.581978739487786,6.278124999999985,-28.531571057565827,-0.3822028101402655,0.4049224569757338,17113.62614010873
49.37925117481533,6.835941388009624,42.543309786805764,-8.664424336612715,6.284374999999985,-28.56772342765886,-0.3408445917203808,0.41358218419884724,18056.528707434893
45.379541302437346,2.5040539792590337,42.87548732317835,-7.727066629748422,6.290624999999984,-28.599723889253546,-0.2991646401733517,0.4167995154702909,19191.135862894746
43.75641597697103,0.7762868915488184,42.98012908542221,-6.782247371929258,6.296874999999984,-28.62755129410296,-0.25738345681496827,0.4178118335838343,19329.83545215951
60.4213904272539,15.350435166655293,45.070955260598566,-5.834988453086595,6.303124999999989,-28.65109893537881,-0.21356936870199866,0.4381408811296961,19036.85689701107
53.754719478506615,7.632832507831446,46.121886970675085,-4.841540838261088,6.309374999999989,-28.67021401052652,-0.16873213425229472,0.44837234449703933,19572.68802227699
57.70282538699906,10.169279010929984,47.5335463760691,-3.824860740974,6.315624999999988,-28.684776602612565,-0.12251970746859603,0.46212426783698696,20626.836052016806
15.350450913652432,-28.219074912723023,43.56952582637544,-2.7770522154330033,6.321874999999988,-28.694910450587457,-0.080157252029269,0.42362455439327024,21599.337096103343
12.560978056809587,-27.165497537631158,39.72647559444073,-1.8166369028396083,6.328124999999988,-28.700994647311205,-0.04152668244569502,0.3863056958357398,22427.164820342852
-0.0793793280573242,-34.84346961083644,34.764090282779115,-0.9409956246325988,6.334374999999987,-28.703456808871962,-0.007716548769435505,0.33810133676259513,23460.03852348313
-37.0665868109408,-62.82626427242504,25.759677461484234,-0.174827078793702,6.340624999999987,-28.70297560758047,0.017340574599296145,0.2505712336873165,24343.581717783127
-90.05299473232625,-101.21490821709928,11.16191348477303,0.3927974500170505,6.3468749999999865,-28.700698575079535,0.028200075419368774,0.10859500820072626,25074.791774374855
-146.58534039288216,-137.76015528649117,-8.825185106390999,0.6386687237357284,6.353124999999986,-28.698307950526427,0.01961241564279781,-0.08587659776570965,24367.497183438012
-115.23632413248792,-92.86763123739358,-22.36869289509435,0.44410573539294806,6.359374999999986,-28.697435217159676,-0.0021577483077982774,-0.21770163950596086,22321.22785627227
-236.47042026413885,-186.75257342509784,-49.717846839041,-0.048854728631074866,6.365624999999985,-28.700070643837847,-0.050550785255605746,-0.4839303694780747,19465.30817523899
-109.93400838705209,-52.503109954356766,-57.43089843269529,-1.144457916093911,6.371874999999985,-28.70792096865175,-0.10645571102244583,-0.5590492576684007,16546.540820046303
-52.79018428462245,4.041713222455216,-56.83189750707772,-2.410002227814675,6.378124999999985,-28.721332781096837,-0.1617805378793178,-0.5532482685687197,14103.292036797138
-1.123407068790479,48.53161332173886,-49.6550203905293,-3.662345066233766,6.384374999999984,-28.739927834430333,-0.21012052879062373,-0.4833999091130595,12223.785865359687
25.09686757387714,65.10267769131947,-40.00581011744229,-4.756542323645953,6.390624999999984,-28.762887248807772,-0.2490677587581934,-0.3894722996756966,10795.746540896143
37.533893999773525,67.51220189445607,-29.978307894682526,-5.638121042725903,6.396874999999984,-28.78925329794034,-0.2782532238932038,-0.29185465135010374,9725.72089123547
2.531275461256526,28.29776431409561,-25.766488852839114,-6.298744807393095,6.403124999999989,-28.818332881056623,-0.30333843843242786,-0.2508521453922407,8892.697938923617
29.973394351965936,48.50611750006775,-18.532723148101827,-6.86657808231077,6.409374999999988,-28.849568862350484,-0.32138118744479494,-0.18042749012367076,8258.65374854968
-0.3568963439450939,15.813284818079772,-16.170181162024864,-7.275017826173949,6.415624999999988,-28.882494113269967,-0.33712383094487797,-0.1574264350008304,7734.512284212526
1.2803727425284857,15.178964711517597,-13.898591968989113,-7.631412204426693,6.421874999999988,-28.916883049228264,-0.35065488822110336,-0.13531057276225372,7305.889773182587
6.1615779659882195,17.445294573920474,-11.283716607932265,-7.937761089614425,6.428124999999987,-28.952497801164206,-0.3616401504976967,-0.10985262276593381,6948.1492618847515
1.206847174010049,10.860335043569293,-9.653487869559235,-8.186494871874338,6.434374999999987,-28.98913172037712,-0.37103823376055634,-0.09398083262859652,6622.57344576089
3.124565844179406,11.108290660318454,-7.98372481613905,-8.399309804703318,6.4406249999999865,-29.0266241654227,-0.37881066715105066,-0.07772433390494349,6373.780784971733
2.395817841828402,9.021673713325102,-6.625855871496692,-8.575331445866212,6.446874999999986,-29.064827754372338,-0.38526111184170814,-0.06450444690657468,6163.026717001603
1.4820836413043548,7.046119781019261,-5.564036139714901,-8.721430674236704,6.453124999999986,-29.103624699923945,-0.3906777991903944,-0.05416687348686276,5979.308265064204
-1.6119392227997713,3.4340262027886785,-5.045965425588449,-8.844129596996767,6.459374999999985,-29.142938094508903,-0.3955900925087681,-0.04912293318373699,5804.54191522064
-0.6987474346448466,3.776802423398999,-4.4755498580438475,-8.95540961455474,6.465624999999985,-29.182714951340415,-0.39994704412149795,-0.043569516127298605,5668.006447572734
1.1912990776316172,4.922597201695283,-3.731298124063667,-9.054115555387138,6.471874999999985,-29.222891275387553,-0.4035794368212902,-0.03632392699792272,5546.368076934552
5.329620755402647,7.869879283896515,-2.5402585284938706,-9.136415017789801,6.478124999999984,-29.263372864343136,-0.4060523422903758,-0.024729054690855668,5440.721900154089
-2.142978410491297,0.3450308536578361,-2.4880092641491305,-9.192460397206721,6.484374999999984,-29.304099199824968,-0.40847436734627046,-0.024220250558946513,5338.961220151223
1.5265020024419393,3.485998404304687,-1.9594964018627496,-9.247347787559313,6.490624999999984,-29.345042012422,-0.41038188459437114,-0.019075172481006993,5246.643315839825
-2.765279383422051,-0.6996147809663824,-2.065664602455669,-9.290580487066757,6.496874999999983,-29.386180743809586,-0.4123927431573923,-0.020108585630211694,5157.889862648376
-3.556283511019224,-1.2940968842151597,-2.262186626804064,-9.336145262435894,6.503125000000004,-29.42753012596329,-0.4145948999166718,-0.02202156759279494,5073.219771906708
-2.078894907477856,0.15911961865556912,-2.238014526133426,-9.38603300862937,6.509375000000004,-29.469098546874445,-0.4167735183064474,-0.021786183897755506,4993.853345293329
-1.3305083898939933,0.7877276553369726,-2.118236045230965,-9.435379769001488,6.5156250000000036,-29.510878999372235,-0.4188355316493333,-0.02062013342885911,4919.4357588663115
-1.4957129177041475,0.5403138738058119,-2.0360267915099604,-9.482078397948985,6.521875000000003,-29.552861651670113,-0.42081751430821757,-0.01981982658884292,4848.770950368085
-1.665973066488964,0.3211602264087232,-1.9871332928976877,-9.526956803592373,6.528125000000003,-29.59504012236886,-0.42275189966672133,-0.01934385358503769,4781.157946399789
-1.6150520897040963,0.32289549835394743,-1.9379475880580435,-9.570749244943991,6.5343750000000025,-29.637409637603504,-0.42463840502612593,-0.018865053594045823,4716.696914732269
-1.561708696213902,0.3264809552464968,-1.8881896514603966,-9.613449401746559,6.540625000000002,-29.67996538160133,-0.42647647493040153,-0.01838069904275624,4655.836766077167
-1.5574463255838407,0.2869836728277809,-1.844429998411623,-9.65504485550754,6.546875000000002,-29.722702802841216,-0.428271949867259,-0.017954749368575072,4598.525410082346
-1.5672837252737033,0.24046323260185942,-1.8077469578755638,-9.695668056109335,6.553125000000001,-29.76561798632955,-0.43003171989941397,-0.01759770032154952,4544.52950302614
-1.5428881023978487,0.22978970349220607,-1.7726778058900552,-9.735475276933668,6.559375000000001,-29.808707440185803,-0.43175735722563513,-0.017256373262211584,4493.646091425235
-1.5323884938131476,0.2084627975564554,-1.7408512913696026,-9.774502455648898,6.565625000000001,-29.851967909019184,-0.4334520194419934,-0.016946622163583024,4445.638840788201
-1.5517214105236927,0.1640709628061577,-1.7157923733298497,-9.812821471470388,6.571875,-29.895396624765546,-0.4351222954852272,-0.01670276043233757,4400.351782870822
-1.4028425416617414,0.2714800878021691,-1.6743226294639117,-9.850581927978238,6.578125,-29.93899035006894,-0.43675221058266106,-0.016299150974338945,4357.496816000811
-1.3276393472371497,0.30073513081979564,-1.6283744780569451,-9.887422655487569,6.584375,-29.982744830875685,-0.4383374055522462,-0.015851949695851544,4317.238210731479
-1.4737957760932767,0.13408300684824087,-1.6078787829415175,-9.923245485015062,6.590624999999999,-30.02665683407066,-0.4399026583472792,-0.01565252795032986,4279.165823219133
-1.5416702255007448,0.05742314485838464,-1.5990933703591295,-9.958611892243265,6.596874999999999,-30.07072493545424,-0.4414593693243288,-0.0155671097704956,4243.2064078094145
-1.412983897906852,0.16142861058274133,-1.5744125084895944,-9.993780517934677,6.603125000000006,-30.114947507155744,-0.4429920647057268,-0.015326953813979846,4209.207043432786
-1.3834857168147505,0.16560545504198745,-1.5490911718567373,-10.02840163931441,6.609375000000005,-30.159322116447782,-0.4445001211350123,-0.015080564292855278,4176.841228506663
-1.3539337531969746,0.16927416484702762,-1.5232079180440021,-10.062461736593892,6.615625000000005,-30.20384627208472,-0.4459829916037688,-0.014828704687565225,4145.941609003863
-1.7331683429372868,-0.18213577394732008,-1.5510325689899656,-10.095949027253347,6.621875000000005,-30.248520069767984,-0.44749296206147865,-0.015099704577098198,4116.655684777814
-2.4867131632921895,-0.8116385742431845,-1.6750745890490053,-10.130047730403854,6.628125000000004,-30.293350903073648,-0.44912370405177005,-0.016307419902913792,4089.2654952382695
-2.6957347824209874,-0.8853451735215517,-1.810389608899435,-10.16687887697865,6.634375000000004,-30.33835139799913,-0.4508861944578704,-0.01762490406100405,4064.1714610325553
2.0407991703851494,3.3405389684042865,-1.2997397980191365,-10.206691466523086,6.6406250000000036,-30.38350328554,-0.45215155635958737,-0.012653619017169363,4039.079725334167
-0.12318205647249478,1.0205448755561644,-1.1437269320286585,-10.235250259332899,6.646875000000003,-30.4287741154166,-0.45326504117241123,-0.011134848128238744,4014.7157548919995
-2.1991973187132383,-0.915532280945253,-1.2836650377679844,-10.260371410692057,6.653125000000003,-30.47416310618438,-0.4545147741832042,-0.0124973301079297,3989.8441992809276
-1.6778278793270585,-0.34190312242024923,-1.335924756906809,-10.288577668789621,6.6593750000000025,-30.519679614695598,-0.45581539604112165,-0.013006218579174559,3966.4219913454717
-0.9554294595026372,0.33001983118958345,-1.2854492906922208,-10.31793727042452,6.665625000000002,-30.565323728808103,-0.45706688620895825,-0.01251490167836588,3944.5980624259073
-0.9970936509228846,0.25009464561190864,-1.2471882965347938,-10.346186620303461,6.671875000000002,-30.61109112989424,-0.4582811355137766,-0.012142493048183562,3923.72880566863
-1.7271190080866585,-0.4162621251417049,-1.3108568829449545,-10.373595377121926,6.678125000000001,-30.656983055737832,-0.45955738135807295,-0.012762458442963394,3903.7304516737836
-1.6172956540987182,-0.2657829593833356,-1.3515126947153822,-10.402410312365742,6.684375000000001,-30.703004585751998,-0.4608732189252618,-0.013158375671888182,3884.7415994914654
-1.1093024319028646,0.21005725654388513,-1.3193596884467507,-10.432124662252088,6.690625000000001,-30.749156134743327,-0.4621577609012985,-0.012845419760367013,3866.7288732300017
-0.9290763154381382,0.33847349857174236,-1.267549814009879,-10.461134222268567,6.696875,-30.79543361619514,-0.4633918681349415,-0.012341072336429693,3849.3391038886725
-1.021990276040537,0.2129565356772864,-1.2349468117178222,-10.489006125285695,6.703125000000004,-30.841832921588466,-0.4645942397316096,-0.012023715966681567,3832.4026238585598
-1.09114443961349,0.12470608144531392,-1.2158505210588044,-10.516163947257466,6.709375000000004,-30.88835153484043,-0.4657780253076749,-0.01183785576065282,3815.944628195059
-1.0625971563898515,0.13290170020239922,-1.1954988565922502,-10.542905597859287,6.715625000000004,-30.934987536198385,-0.46694200185140955,-0.011639765437346093,3799.9389026838526
-1.0089993935844321,0.1617333883116224,-1.170732781896054,-10.56920361219887,6.721875000000003,-30.981738729820258,-0.4680818705860701,-0.011398687346605381,3784.2581638589436
-1.0232305919446354,0.1279137439150601,-1.151144335859695,-10.59496086007738,6.728125000000003,-31.028602956944493,-0.46920267189865134,-0.011208013125812256,3768.8017371101837
-1.010906939813185,0.12161383767235842,-1.1325207774855435,-10.620291554750699,6.734375000000003,-31.075578357766705,-0.4703053445455962,-0.011026726469448479,3753.617609467318
-0.9875944963667744,0.1256807793715991,-1.1132752757383746,-10.645217019818913,6.740625000000002,-31.12266308910913,-0.4713892823028935,-0.01083937757297338,3738.77509817899
-0.9515112345169339,0.14028389920975554,-1.091795133726691,-10.669723559058749,6.746875000000002,-31.169855168662664,-0.47245230876781685,-0.010630264649233454,3724.1432351347626
-0.9190377685550316,0.1498190011841059,-1.0688567697391373,-10.693761886059088,6.753125000000002,-31.217152434277015,-0.473493003519185,-0.010406947513681502,3709.664424530082
-0.9502997233436428,0.10281599663072155,-1.0531157199743644,-10.717299775860026,6.759375000000001,-31.264553003136278,-0.4745183736661021,-0.010253701469171393,3695.206884964572
-0.9376697007908026,0.10011952722958042,-1.0377892280203833,-10.740495706619846,6.765625000000001,-31.312055362935844,-0.4755288223252216,-0.010104486591194665,3680.7456647783915
-0.8735403527370137,0.1424461728011902,-1.0159865255382035,-10.763358628263934,6.7718750000000005,-31.359657706223036,-0.47651804341864357,-0.009892210934219856,3666.2931149727046
-0.86309167604009,0.1326017783013825,-0.9956934543414715,-10.78574558319015,6.778125,-31.407357983712387,-0.477487506368348,-0.009694629497044742,3651.1226846296613
-0.6930196767355897,0.26250674537190455,-0.955526422107495,-10.807689561443839,6.784375,-31.455153252050124,-0.4784178603863897,-0.009303540180417062,3636.241738316457
-0.8109759112962492,0.12537059726765726,-0.9363465085639061,-10.828752252726167,6.7906249999999995,-31.50304062203844,-0.479329539379912,-0.009116789935223187,3620.658020591015
-0.6877831138318566,0.2155875338029917,-0.9033706476348481,-10.849395810476485,6.796874999999999,-31.551017554536525,-0.48020911058175303,-0.008795712018409927,3605.470875051033
-0.7443231621047636,0.13795141200789116,-0.8822745741126556,-10.869315793179647,6.803125000000006,-31.599081417095405,-0.481068140595878,-0.008590300141249518,3590.437574154709
-1.3426999458061368,-0.39936281282982283,-0.9433371329763142,-10.8887735728787,6.8093750000000055,-31.647234155286252,-0.4819866232210606,-0.009184826251826143,3575.5826180290824
-0.9003930006367244,0.03725129063217058,-0.9376442912688953,-10.90957931574953,6.815625000000005,-31.69547846452901,-0.4828995616341164,-0.009129384130558,3561.2104176843823
-0.27193531606030047,0.5774622960197537,-0.8493976120800547,-10.930261364695488,6.821875000000005,-31.743809771470918,-0.4837265772040116,-0.00827015569895175,3547.1354435463036
-0.5100747412879275,0.2943536059641474,-0.804428347252075,-10.948999875241885,6.828125000000004,-31.79222159068563,-0.4845098070902367,-0.007832298862251582,3532.8056753722117
-0.7142774128854348,0.07820758591370006,-0.7924849987991343,-10.966748094873301,6.834375000000004,-31.840711151387666,-0.4852814069504771,-0.007715998602403827,3518.2335808581283
-0.6757467769801393,0.10127645468818859,-0.777023231668328,-10.984233354127651,6.840625000000004,-31.8892771192914,-0.4860379511242168,-0.007565441737396995,3503.6443393559994
-1.5556707201703837,-0.6755377576541294,-0.8801329625162548,-11.001377632486488,6.846875000000003,-31.937923761143967,-0.4868948859271414,-0.008569348029246006,3489.998481159839
-0.9777401807402224,-0.08468476859325189,-0.8930554121469707,-11.020793596432028,6.853125000000003,-31.98665672549254,-0.4877644010443461,-0.008695151172046936,3476.2074685621214
0.31461452517424154,1.0478544561962626,-0.7332399310220209,-11.040493298652741,6.859375000000003,-32.035468861150456,-0.48847831211397374,-0.007139110696276341,3462.7959214348866
-0.2009446680138845,0.46187961455128373,-0.6628242825651687,-11.056669604952576,6.865625000000002,-32.08434895989426,-0.48912366276198804,-0.0064535064801430585,3448.763163560295
-0.6838276224861829,-0.01822505137027254,-0.66560257111591,-11.071292555492997,6.871875000000002,-32.13329372890984,-0.48977171754966015,-0.006480547876721154,3434.2502759386875
-0.658648538823209,0.006035512374142802,-0.6646840511973514,-11.085975209062239,6.878125000000002,-32.182303258648226,-0.49041887721799526,-0.0064715966833511695,3419.7602742819568
-0.535778802664068,0.11187292839043193,-0.6476517310545004,-11.100636307820006,6.884375000000001,-32.231376675154344,-0.4910494529044234,-0.006305756864281829,3405.420992272386
-0.5851139080832483,0.05427844966281792,-0.6393923577460665,-11.114921230016096,6.890625000000001,-32.280512747115665,-0.49167198632206416,-0.006225334176407421,3391.1729961038404
-1.7080734278584386,-0.9275921551018111,-0.7804812727566275,-11.129024181834268,6.8968750000000005,-32.32971794081845,-0.4924318877336158,-0.00759901411551617,3377.6408701123123
-1.0457885241626412,-0.23029659820265846,-0.8154919259599834,-11.146237875518095,6.903125000000005,-32.379000828989405,-0.4932258756855511,-0.007939879519352792,3364.6620615986785
-0.17040110174519882,0.560007341565525,-0.7304084433107242,-11.164226481582581,6.909375000000004,-32.4283589739082,-0.4939370226903615,-0.0071114700481041205,3352.488925267303
-0.7953100243988896,-0.05634443302017388,-0.7389655913787161,-11.180346051758216,6.915625000000004,-32.477788650029,-0.4946564997255404,-0.0071947703517887965,3340.4273609294746
-1.4054889363771963,-0.5787017891907521,-0.8267871471864439,-11.196663948404185,6.9218750000000036,-32.527294549009774,-0.4954614798899403,-0.008049801643999365,3328.821213812389
-1.6066472937143816,-0.6771620023111903,-0.9294852914031909,-11.214931947856773,6.928125000000003,-32.576885945288105,-0.4963664456767341,-0.009049657867937738,3318.3208629432156
-1.8875556888707552,-0.8319772985210492,-1.0555783903497054,-11.235484398177109,6.934375000000003,-32.62657397617325,-0.49739417202615327,-0.010277263494191448,3309.3101746618863
-2.406854781327243,-1.1735424199130147,-1.233312361414229,-11.258845350062424,6.9406250000000025,-32.676373431389244,-0.49859493229383284,-0.01200760267679541,3302.1753440081857
-3.075076223100867,-1.5996731734701395,-1.4754030496307284,-11.286163828989778,6.946875000000002,-32.72630474679763,-0.5000313758738834,-0.014364435800505353,3297.505292859431
-3.9169779455493767,-2.1208626105445503,-1.796115335004827,-11.318872225054195,6.953125000000002,-32.776395317250106,-0.5017800331756485,-0.01748657301765115,3296.153057084922
-5.016833668697605,-2.797971822789208,-2.218861845908396,-11.358721214949828,6.959375000000001,-32.82668132972756,-0.5039402163734864,-0.021601831978379216,3299.2925633587647
-6.454614659664709,-3.680211440035875,-2.7744032196288324,-11.407982364993241,6.965625000000001,-32.87721039873995,-0.5066411638741355,-0.027009475006491052,3308.5162214160737
-8.321240513572262,-4.819958431480921,-3.5012820820913446,-11.469611240084875,6.971875000000001,-32.92804493697383,-0.5100496008035217,-0.0340843692938624,3326.092266997562
-10.716023702618623,-6.270170180157498,-4.445853522461123,-11.547420384989742,6.978125,-32.979266282962875,-0.5143773189772599,-0.043277181737381876,3355.5138707371307
-13.94519858715203,-8.256942888599403,-5.688255698552631,-11.64625325393087,6.984375,-33.03098084991468,-0.5199140200587433,-0.05536701081483429,3401.4253814678705
-17.9932447084197,-10.697477536053775,-7.29576717236593,-11.772730310430616,6.990625,-33.083327287346584,-0.5270147285793665,-0.07100708520623114,3471.2287935221257
-23.870552861766267,-14.412300059281502,-9.458252802484772,-11.93496887303104,6.996874999999999,-33.13648897308554,-0.5362189861997448,-0.0920425762037834,3576.8064650483193
-27.251014279145913,-15.474591880982427,-11.77642239816348,-12.145283227427734,7.003125000000006,-33.190683792130166,-0.5476773946927047,-0.11458408492959826,3740.860542900086
-39.660449343113925,-24.25781256411466,-15.402636778999268,-12.407206348813181,7.009375000000006,-33.24620072212248,-0.562661205153555,-0.1498381046085034,3991.2279286399726
-47.81656175608539,-28.21040585250502,-19.606155903580376,-12.749670005780917,7.015625000000005,-33.303420268371895,-0.5817297198347479,-0.19068514681192816,4351.140376205464
-59.299675074671676,-34.5768415168754,-24.722833557796285,-13.1854291513616,7.021875000000005,-33.36279514943993,-0.6057679015259865,-0.2403818169123861,4920.980734941254
-41.3365722723863,-14.484531748946832,-26.852040523439477,-13.734500603078464,7.028125000000005,-33.42467695929557,-0.631868295586684,-0.261003940606975,5586.093811605166
-20.16797791592822,5.846078995433744,-26.01405691136196,-14.33084497942293,7.034375000000004,-33.489127678753526,-0.6571460935725368,-0.25277797985852846,6343.429980761944
-40.25080409988158,-12.448754919203573,-27.80204918067802,-14.908805852555112,7.040625000000004,-33.55619262542525,-0.6841528398618447,-0.2700674628930792,7417.559701003407
-55.322750960275194,-24.112466561694085,-31.210284398581106,-15.526004846770222,7.0468750000000036,-33.62612334517805,-0.7144615551942208,-0.3030871533237613,8697.969622455365
-81.77938695096158,-44.392078904071184,-37.3873080468904,-16.21794181056633,7.053125000000003,-33.699384404929575,-0.7507596398362524,-0.36298084642031564,10192.595611094217
-53.0441526969138,-13.76465315079964,-39.27949954611414,-17.045469717129432,7.059375000000003,-33.776366726117615,-0.7888867839246216,-0.38127144088369264,11843.496003484914
53.06945720968814,81.37559435949106,-28.30613714980291,-17.914040462533265,7.0656250000000025,-33.856628966064505,-0.8163580150132322,-0.2747123108861061,12656.61296988844
3.907179359738815,28.430060849465008,-24.522881489726178,-18.539930868194826,7.071875000000002,-33.93945461270372,-0.8401549177710673,-0.2379690275783509,13879.52806291868
25.75593829865437,44.43286075584941,-18.676922457195047,-19.081551300624096,7.078125000000002,-34.02437624885938,-0.858277805342139,-0.18122887571071733,14357.997439109811
18.112107450563364,32.55277751002377,-14.440670059460402,-19.49369381330893,7.084375000000001,-34.11090462510955,-0.8722897196611041,-0.14011914318965085,14638.753975545245
10.754159688050471,22.319696913004176,-11.565537224953696,-19.81196599265833,7.090625000000001,-34.198694703681184,-0.8835118517715828,-0.11222132110478573,14772.161604660663
5.228773616021406,14.89378935628253,-9.665015740261145,-20.06646225135505,7.096875000000001,-34.2875147999689,-0.8928900739827386,-0.09378222211155834,14888.846792876939
4.089806741038467,12.210333286264882,-8.120526545226415,-20.278726628653068,7.103125000000005,-34.377197799813054,-0.9007699229003351,-0.07879848917596535,15252.054475964484
-6.828717069573786,1.147471900432904,-7.976188970006689,-20.456643579603117,7.109375000000004,-34.467661801333186,-0.9085101075022791,-0.0774018460194406,16305.009307100569
2.9149302828753734,9.685028586949187,-6.770098304073818,-20.63109225603932,7.115625000000004,-34.558841322320305,-0.9150803122400708,-0.06570204737791654,16726.39966939701
6.354883548393456,11.680562420850272,-5.325678872456816,-20.778686277655382,7.121875000000004,-34.6506077951864,-0.9202491450818662,-0.051688328417953754,17096.814166615033
7.412692015939794,11.344407764257776,-3.931715748317977,-20.89418297999241,7.128125000000003,-34.74282352294576,-0.9240654101052945,-0.038162650234284064,17496.138830918044
-2.5374127137678193,1.2421898632981985,-3.779602577066026,-20.978704080711672,7.134375000000003,-34.83541351347795,-0.9277344005384753,-0.03668990433180842,18275.52172586894
32.11892649147593,32.008584639553554,0.11034185192237572,-21.059628193804244,7.140625000000003,-34.928181597296835,-0.9276272758391997,0.0010712469927570672,18575.79365258466
17.747290004835556,15.733598150232268,2.013691854603289,-21.05460623386838,7.146875000000002,-35.0208465638459,-0.9256720551421638,0.019552206970359382,18881.127164247257
13.427559438386334,10.187560279727071,3.2399991586592614,-21.007449267198933,7.153125000000002,-35.113256452555156,-0.9225257190430102,0.031463360991536495,19174.82739338464
23.80264216065647,18.364095165079103,5.4385469955773695,-20.933115610645668,7.159375000000002,-35.20524492112364,-0.9172436523266637,0.05282066716346507,19380.705970540115
-1.0466668080353347,-5.793881183265068,4.747214375229733,-20.81022898402875,7.165625000000001,-35.29673872151092,-0.9126323554190371,0.04611296907626673,20130.969328706135
25.832251657941086,18.848081970494903,6.984169687446166,-20.70252732942845,7.171875000000001,-35.38766269626378,-0.9058471396381477,0.06785215780889448,20230.704370259697
45.79180255564784,34.701527533499615,11.090275022148234,-20.545544156949493,7.1781250000000005,-35.477708612226884,-0.8950711796238651,0.10775960014282597,20000.444132773875
46.59481667043435,31.755989586714158,14.838827083720188,-20.29816689107514,7.184375,-35.566494711173156,-0.8806507993016519,0.1442038032221316,19520.085220405672
35.6423526394791,18.610742816617726,17.031609822861363,-19.968356921150924,7.190625,-35.65373210913776,-0.8640971599904592,0.16553639311192636,19041.035568599975
33.050621828861004,14.331739309652498,18.71888251920851,-19.59047559958554,7.1968749999999995,-35.73923202937961,-0.8459012448464758,0.1819591514398345,18540.8650300423
37.61360288148928,16.90326653212675,20.710336349362514,-19.175730883455717,7.203125000000006,-35.822815451055114,-0.8257671886636033,0.20134056182872462,17937.604709444615
43.114148917290564,20.038945817108672,23.07520310018189,-18.717476027203837,7.209375000000006,-35.9042704039557,-0.8033318693480832,0.22435319315520144,17332.573694147948
44.14636616565665,18.842003064595048,25.304363101061597,-18.207521539685317,7.2156250000000055,-35.98337336187708,-0.7787272890794353,0.24604580268647833,16771.194212246814
54.26668288989191,25.88796532284282,28.378717567049105,-17.648873266710773,7.221875000000005,-36.059866318028405,-0.7511318339471326,0.2759545513230273,16287.917655042322
40.32030496897105,10.669274554603911,29.651030414367163,-17.02288919143836,7.228125000000005,-36.13353782074883,-0.7222982204613806,0.2883361348575195,15885.652119885212
56.659461415484635,24.11520971806827,32.54425169741634,-16.369238246511856,7.234375000000004,-36.204185270189804,-0.6906507683581901,0.3164745210319058,15588.8995374266
59.9290770903335,24.432749992461364,35.496327097872154,-15.65213718251171,7.240625000000004,-36.27152445086845,-0.656132845214713,0.3451792314347703,15341.908844676986
52.348333943481556,15.02175219200323,37.326581751478365,-14.870216981819967,7.246875000000004,-36.33532289229388,-0.619835983293982,0.36296861920731044,15329.143055599432
44.82714705897819,6.678513642405445,38.148633416572764,-14.048125309327535,7.253125000000003,-36.395451747423174,-0.5827411192918578,0.37094864002124245,15367.742134966154
49.36011048263878,9.972072888393576,39.38803759424519,-13.20800858004382,7.259375000000003,-36.45181094631714,-0.544442858587441,0.3829826070441672,15689.57306102118
51.34790330802241,10.624766299625488,40.7231370083969,-12.340601680643621,7.265625000000003,-36.50427551301446,-0.504848475359069,0.39594383228372004,16141.479801734915
48.10155912386243,6.545325082611896,41.556234041250555,-11.443736094750196,7.271875000000002,-36.55274024696678,-0.46444620368728673,0.4040227167178222,16725.88985471088
43.349339293216794,1.587028193066102,41.76231110015075,-10.528426079047232,7.278125000000002,-36.59715483535519,-0.4238455640810477,0.4060063960623908,17497.38536496111
49.56019201071806,6.8973767629223035,42.66281524779581,-9.608453216347339,7.284375000000002,-36.63746567201715,-0.38237116915814195,0.4147439492290572,18413.60900626212
45.52625895176212,2.5280863816403394,42.998172570121774,-8.668488728152234,7.290625000000001,-36.67361282814042,-0.3405719533072557,0.41799215850886257,19518.50793136673
43.86106138819569,0.7603795382545127,43.10068184994124,-7.720976763605757,7.296875000000001,-36.70557510480808,-0.2986735800458653,0.41898373261390387,19629.62300259317
60.60963409581551,15.41001103585975,45.19962305995579,-6.771052469244411,7.303125000000005,-36.7332455044212,-0.25473441221657395,0.4393916782929136,19297.670431240134
53.850894311748135,7.6042807904382,46.24661352130993,-5.774737581295443,7.309375000000005,-36.75647102129592,-0.2097759252778624,0.44958486938711545,19796.172339513563
57.79910547403892,10.144312928910828,47.65479254512808,-4.755251301432995,7.315625000000004,-36.77513209866833,-0.1634456221702279,0.46330303107634485,20809.138132269163
15.482058086601032,-28.20997912789741,43.69203721449847,-3.7046858544532184,7.321875000000004,-36.7893525822496,-0.12096404945519615,0.4248157271503174,21725.66474278635
12.642415180631765,-27.201474355108207,39.843889535739955,-2.741458203644307,7.3281250000000036,-36.79951174996962,-0.08221930494516372,0.3874474451003242,22508.553987123203
-0.004792841920411642,-34.88094821862696,34.87615537670653,-1.8630914307905029,7.334375000000003,-36.80603772428376,-0.048300181337762524,0.3391912360740119,23508.46565790496
-36.96929706469049,-62.8391716417509,25.869874577060397,-1.0942948539292228,7.340625000000003,-36.809609526665845,-0.023135866303918014,0.2516431503384451,24365.260839219256
-90.03191291110564,-101.2927762293038,11.260863318198174,-0.5240719813565607,7.3468750000000025,-36.81137532480726,-0.012180096524343726,0.10955769779574287,25077.623410127148
-146.63916018185296,-137.89355435098489,-8.745605830868067,-0.27585198218433943,7.353125000000002,-36.813018845576515,-0.020690318860768137,-0.0851022233642441,24366.465164067602
-115.17614221724217,-92.88454835981071,-22.29159385743148,-0.46851389653014214,7.359375000000002,-36.81617263385688,-0.04238544674652932,-0.21695127885761176,22326.422583304895
-236.45241845442575,-186.8041133547753,-49.64830509965043,-0.9596714738344476,7.365625000000001,-36.822827445944384,-0.09071079500350049,-0.4832534825697117,19490.30307487386
-109.92441916926903,-52.55537509291487,-57.36904407635417,-2.053671112960923,7.371875000000001,-36.834690761190586,-0.14655550992053698,-0.5584471491703649,16601.50771947393
-52.76860503219579,4.006616097725972,-56.7752211299218,-3.3178032631104117,7.378125000000001,-36.85210979485395,-0.20182516334680803,-0.5526965342627104,14191.199322136774
-1.0816139382870256,48.518648760550136,-49.60026269883719,-4.568864715831185,7.384375,-36.87470664535787,-0.2501118467315457,-0.48286683384737644,12348.556066677846
25.140884284784722,65.09332415544183,-39.952439870657166,-5.6618341457217705,7.390625,-36.90166259362766,-0.2890071186642976,-0.3889527193275193,10952.566208239363
37.59302476238972,67.51721813283574,-29.924193370446034,-6.542224193781371,7.396875,-36.93201994458355,-0.3181399004535385,-0.2913278178924088,9908.98986684452
2.5850361946843607,28.297456690497715,-25.712420495813383,-7.201648979906852,7.403125000000006,-36.96508556341726,-0.34317247622061475,-0.25032575767076226,9098.165156379171
30.040077292280287,48.51709510521134,-18.47701781293107,-7.768288832256605,7.409375000000006,-37.00030223686097,-0.36116099265350043,-0.179885164328857,8482.053643963389
-0.29568570108550385,15.818074446014442,-16.113760147099956,-8.175502370138759,7.415625000000006,-37.037202721838824,-0.37684870690356587,-0.15687714250065418,7973.39580361659
1.3308234470041644,15.173771385331953,-13.842947938327788,-8.530657156528726,7.421875000000005,-37.07556143676406,-0.3903255916011848,-0.13476884697618907,7557.748419348894
6.2100232018446535,17.439033883032966,-11.229010681188324,-8.835785261715742,7.428125000000005,-37.11514059609027,-0.40125759492292784,-0.10932003321743043,7211.646016069436
1.2523936320499505,10.852370739682925,-9.599977107632974,-9.083320086600997,7.434375000000005,-37.155733654994954,-0.4106035831707177,-0.09345988247789848,6896.954559559903
3.169984008447347,11.10125521709878,-7.931271208651431,-9.294963128241257,7.440625000000004,-37.19718008171112,-0.41832495115256163,-0.0772136798184391,6656.76495868783
2.441126515015705,9.015463136044744,-6.5743366210290475,-9.46983656819403,7.446875000000004,-37.239332591293746,-0.4247252404999562,-0.06400289347394551,6453.451733826011
1.5280585613456081,7.041301177352653,-5.5132426160070445,-9.614808312500728,7.4531250000000036,-37.282073477291604,-0.43009247945715917,-0.053672389572029605,6276.003765766137
-1.5706391144990883,3.4257769709709263,-4.996416085470015,-9.736395656204275,7.459375000000003,-37.32532592806653,-0.4349565360414563,-0.04864056584297121,6107.4016132679035
-0.6520787312471202,3.774299425883902,-4.4263781571310234,-9.846591253275042,7.465625000000003,-37.369037035816675,-0.43926561896131305,-0.04309082919856774,5975.672376579317
1.2413594863275281,4.923368843219952,-3.68200935689242,-9.944220696318407,7.4718750000000025,-37.41314281823424,-0.4428500293900292,-0.035844104287161754,5858.2549280688345
5.372167840911045,7.864023480670971,-2.4918556397599256,-10.02544057005398,7.478125000000002,-37.45754911047059,-0.44527581533685867,-0.024257859468294393,5756.353101133079
-2.0958003355858668,0.34396688419201865,-2.439767219777885,-10.080425285149266,7.484375000000002,-37.502195445125935,-0.4476508777701062,-0.023750624332475566,5657.651801546462
1.5736569126702544,3.4850541413999734,-1.91139722872972,-10.134254888599193,7.490625000000001,-37.54705356760253,-0.4495115717618419,-0.018606939917357273,5568.11558217004
-2.7270900182472646,-0.7082192242743839,-2.0188707939728796,-10.176432230796777,7.496875000000001,-37.59210299009291,-0.4514768780457699,-0.019653062839279745,5481.539026671254
-3.512238355708875,-1.2964833510688454,-2.2157550046400303,-10.22096966060739,7.503125000000005,-37.63735852576032,-0.45363383530232876,-0.021569572565588484,5398.657375703941
-2.030608797972472,0.160729327552487,-2.1913381255249598,-10.2698372624327,7.509375000000005,-37.682828568328794,-0.45576701606712616,-0.021331807647973884,5321.253005113701
-1.2807086854313114,0.790438600857759,-2.07114728628907,-10.318157689702208,7.515625000000004,-37.72850607865673,-0.4577831904916079,-0.020161744244817464,5248.806858773047
-1.445110607563804,0.5433633428008118,-1.9884739503646156,-10.363820100007388,7.521875000000004,-37.774381182308716,-0.4597188825481663,-0.019356920565583496,5180.0071105095085
-1.6149764037297178,0.3241489831544682,-1.9391253868841873,-10.407651266682546,7.528125000000004,-37.820447453154024,-0.4616065343579862,-0.018876518098199218,5114.285329246888
-1.566795994670921,0.32311088098067065,-1.8899068756515898,-10.450385660362045,7.534375000000003,-37.866700093583475,-0.4634462742310676,-0.018397398730813874,5051.786780791256
-1.5168012489781095,0.3237620924369649,-1.8405633414150748,-10.49202628639827,7.540625000000003,-37.91313430639548,-0.4652379820090185,-0.01791707777950912,4992.916660156691
-1.5109681168250204,0.28598753564386953,-1.79695565246889,-10.532570607829973,7.546875000000003,-37.95974556762939,-0.46698724266918495,-0.017492606601664507,4937.544303952251
-1.5176805731150054,0.24231040681553992,-1.7599909799305453,-10.572145322058898,7.553125000000002,-38.00652995597031,-0.4687005241491243,-0.01713281479939297,4885.391543343272
-1.4855992488105598,0.2380606848739992,-1.7236599336845602,-10.610897182670534,7.559375000000002,-38.053483904395804,-0.4703784443607921,-0.016779202116678608,4836.230716127506
-1.476621898604715,0.2143179928892728,-1.6909398914939873,-10.648840564136858,7.565625000000002,-38.10060405258633,-0.47202451944971796,-0.01646075088925832,4789.846244294114
-1.5020189239135098,0.1638899258374704,-1.6659088497509793,-10.686055507319052,7.571875000000001,-38.14788759032248,-0.47364623527338146,-0.016217158236634995,4746.0789973694755
-1.354951668645763,0.26975166848455995,-1.624703337130324,-10.722711968220196,7.578125000000001,-38.19533129444192,-0.4752278471153523,-0.01581611841970884,4704.66030094074
-1.2774352544657563,0.30124269240668006,-1.5786779468724346,-10.758454034653619,7.5843750000000005,-38.242930919965374,-0.47676466335369283,-0.015368162383405328,4665.787070119416
-1.4235353145382494,0.13457247480503298,-1.5581077893432813,-10.79317606280666,7.590625,-38.290683226364,-0.4782814646188793,-0.015168012651865022,4629.027398371205
-1.492064420756498,0.0572801479190304,-1.5493445686755276,-10.827439641505801,7.596875,-38.3385867868618,-0.4797897453371889,-0.015082807183095468,4594.293124763825
-1.363885063518055,0.1608651165926767,-1.5247501801107317,-10.861505594488674,7.603125000000007,-38.38663997884318,-0.48127409429036344,-0.014843489531745609,4561.542263474788
-1.3337306545583323,0.16568622225681365,-1.4994168768151463,-10.895025669020018,7.609375000000006,-38.43484037317143,-0.4827337922747952,-0.014596979844317471,4530.504379854481
-1.3007909365790669,0.17228319131923636,-1.4730741278983028,-10.927984229391422,7.615625000000006,-38.48318545561476,-0.48416785659173667,-0.014340643169415038,4500.9485317210265
-1.6766644500689294,-0.1766098308884549,-1.5000546191804731,-10.960359683688408,7.6218750000000055,-38.53167525837896,-0.48562819869234686,-0.014603421006102141,4472.898703240855
-2.437320468019031,-0.8130132912611,-1.624307176757932,-10.993327826478042,7.628125000000005,-38.580317144157725,-0.48720951688294434,-0.01581318190597481,4446.60141897802
-2.6471907896730165,-0.8872734287270186,-1.7599173609459977,-11.029032983948662,7.634375000000005,-38.629123763523545,-0.48892287043344473,-0.017133535505003968,4422.538974100845
2.0928271079554808,3.341888751360961,-1.24906164340548,-11.06772607096823,7.640625000000004,-38.67807685177567,-0.4901388946091067,-0.012160241756619396,4398.546242642897
-0.06971910403152481,1.0229607939942977,-1.0926798980258228,-11.095160853913594,7.646875000000004,-38.72714393061412,-0.4912026821598393,-0.01063787550732614,4375.184397347
-2.1470139270551805,-0.9145462296661604,-1.2324676973890203,-11.119149943379425,7.653125000000004,-38.7763241932804,-0.4924025711658071,-0.011998890059678071,4351.231775605603
-1.6255997916428988,-0.34100869932548933,-1.2845910923174093,-11.146220949264647,7.659375000000003,-38.825626982633345,-0.4936532158930016,-0.0125064472719449,4328.720593152197
-0.9024320190756251,0.33146328819840504,-1.233895307274031,-11.17444245886725,7.665625000000003,-38.87505236912977,-0.4948545140355068,-0.01201298142505177,4307.7983971416215
-0.9440557882332361,0.251382022088545,-1.1954378103217809,-11.201549065556955,7.671875000000003,-38.92459601381232,-0.4960183796155237,-0.01163865580016923,4287.787251279807
-1.6732769003180301,-0.41444768402282417,-1.2588292162952057,-11.227810989816344,7.678125000000002,-38.974259131368036,-0.49724397149887734,-0.012255918833536316,4268.598989605664
-1.5637799489661894,-0.26449206002673303,-1.2992878889394568,-11.255473259064779,7.684375000000002,-39.02404677808345,-0.4985089628093881,-0.012649913105107958,4250.40712688925
-1.0555490072958487,0.21138331025316712,-1.2669323175490157,-11.284030904214625,7.690625000000002,-39.07395934927219,-0.4997424609653043,-0.012334981559161478,4233.172678714219
-0.8758951705544001,0.3391275138480684,-1.2150226844024687,-11.31187962856986,7.696875000000001,-39.12399274366677,-0.5009254269263168,-0.011829659610124785,4216.533265717665
-0.9686735199082809,0.21364161640123971,-1.1823151363095208,-11.338588854587845,7.703125000000005,-39.17414284277093,-0.5020765551568775,-0.011511282305607756,4200.316876847031
-1.038094584977733,0.1250689982488709,-1.1631635832266038,-11.364582073066915,7.709375000000005,-39.22440712269268,-0.5032090432782208,-0.01132488121343217,4184.524762795489
-1.0109243374926165,0.13202245027185958,-1.1429467877644748,-11.390158296469448,7.715625000000005,-39.27478366752758,-0.5043218534196598,-0.011128101414390692,4169.125440418147
-0.9566084031962273,0.16159390581394817,-1.1182023090101758,-11.415294262969544,7.721875000000004,-39.32527028902572,-0.5054105765431395,-0.010887231234796726,4154.023428915027
-0.9695418769820259,0.12891839055822446,-1.0984602675402495,-11.43989035516191,7.728125000000004,-39.37586482197723,-0.5064800824872033,-0.010695059440638968,4139.132315974289
-0.9564323546305296,0.12316678515421998,-1.0795991397847502,-11.464056930711928,7.7343750000000036,-39.426565387515176,-0.5075312282716974,-0.010511457844940297,4124.497877934857
-0.9294983321029042,0.1301684071312376,-1.0596667392341417,-11.487813464054046,7.740625000000003,-39.47737009743917,-0.5085629702081615,-0.010317419364642094,4110.220718418224
-0.8949336328826801,0.14285888031124103,-1.0377925131939223,-11.511136354195395,7.746875000000003,-39.52827691680033,-0.5095734170150261,-0.01010446806864605,4096.159982065866
-0.8646379600271294,0.1501635562751734,-1.0148015163023034,-11.533982761638239,7.7531250000000025,-39.579283661688564,-0.5105614807496591,-0.009880637346330278,4082.2372487306184
-0.8973504001726457,0.10185696639051495,-0.9992073665631613,-11.556327976405584,7.759375000000002,-39.630388453867155,-0.5115343628221806,-0.009728820725214323,4068.3239364190495
-0.8858762597512514,0.09828542433761576,-0.984161684088867,-11.578334860319103,7.765625000000002,-39.681589801846044,-0.5124925967556174,-0.00958233933436837,4054.4011305432177
-0.8202232838517751,0.14217694450823143,-0.9624002283600059,-11.60001529715565,7.771875000000001,-39.73288591384603,-0.513429643244205,-0.009370464885875616,4040.4833076362866
-0.8089797144789334,0.13305768992661512,-0.9420374044055485,-11.621221029053311,7.778125000000001,-39.784274739191076,-0.5143468636565969,-0.009172204123918495,4025.8584093947075
-0.6284493375763046,0.2719726234536628,-0.9004219610299663,-11.641982575800611,7.784375000000001,-39.835753260618226,-0.5152235648864065,-0.008767012298096125,4011.4845032854287
-0.7568928754639666,0.12448468365038734,-0.8813775591143546,-11.661831216784568,7.790625,-39.88731852501535,-0.5160817230561197,-0.00858158169713185,3996.3643733553367
-0.6273522299297162,0.22032480712613378,-0.8476770370558505,-11.681263982253132,7.796875,-39.93896796456339,-0.5169070679045584,-0.008253448484387799,3981.5811093193497
-0.6877254689821829,0.13873552207028916,-0.8264609910524728,-11.699957441404427,7.803125000000007,-39.99069890569912,-0.5177117548100284,-0.008046869054699486,3966.8953993240366
-1.2902716233141625,-0.40229918278449367,-0.8879724405296685,-11.718186257692045,7.809375000000006,-40.04251331001262,-0.5185763314600478,-0.008645766500193339,3952.375691332555
-0.8457904400070653,0.03659013999473349,-0.8823805800017991,-11.737773097364625,7.815625000000006,-40.09441389970057,-0.5194354622988097,-0.008591308387618457,3938.287594470793
-0.2154209559082274,0.5785470766705358,-0.7939680325787629,-11.75723859803207,7.821875000000006,-40.14639609825979,-0.5202085088857122,-0.0077304658690256906,3924.461247481332
-0.45303996101810257,0.2957459842052529,-0.7487859452233551,-11.774756995597626,7.828125000000005,-40.198453401837575,-0.5209375626699152,-0.007290537842029947,3910.3191655262012
-0.6585853183824723,0.07825060606504021,-0.7368359244475123,-11.791280463997417,7.834375000000005,-40.250583028972606,-0.52165498003073,-0.007174173608147947,3895.891566783821
-0.6198515959957668,0.10148987301397451,-0.721341469009741,-11.807540839051931,7.840625000000005,-40.30278364347306,-0.5223573099784259,-0.00702329947695951,3881.4081146505646
-1.49903653123329,-0.6747115398134832,-0.8243249914198069,-11.823459490910835,7.846875000000004,-40.355059504360604,-0.5231599077723417,-0.008025977939158341,3867.90211334627
-0.9212595209839505,-0.084101214763645,-0.8371583062203053,-11.841646992263138,7.853125000000004,-40.40741624970877,-0.5239749991909156,-0.008150914185739589,3854.188319681539
0.3707432879468673,1.048055376139741,-0.6773120881928737,-11.860116184868842,7.8593750000000036,-40.4598467225046,-0.5246344567257494,-0.006594575348338154,3840.8235320096665
-0.1439329791365007,0.46282000540672275,-0.6067529845432234,-11.8750612003363,7.865625000000003,-40.51233970605335,-0.5252252142493636,-0.005907575236142371,3826.7812515404576
-0.627087832010305,-0.01764502849587815,-0.6094428035144266,-11.888449582750583,7.871875000000003,-40.56489189625841,-0.5258185898518162,-0.005933756024525065,3812.2125448783754
-0.6018256996738411,0.00661087169997795,-0.6084365713738189,-11.901895602965809,7.8781250000000025,-40.617503375001206,-0.5264109850041053,-0.00592395152289167,3797.636816577379
-0.4791680186936711,0.11218817148396863,-0.5913561901776393,-11.915318036125205,7.884375000000002,-40.67017326172356,-0.5269867494430233,-0.005757644389179304,3783.186510907345
-0.5278682159605629,0.05510305326814717,-0.5829712692287101,-11.928363171318926,7.890625000000002,-40.72290031666742,-0.5275543494342065,-0.005675999911832583,3768.823681788345
-1.6511367665218664,-0.9271447010172063,-0.7239920655046601,-11.941223570625146,7.896875000000001,-40.7756909966969,-0.5282592511554048,-0.007049017211982701,3755.251399852357
-0.9896149879941423,-0.2305706718729232,-0.7590443161212196,-11.957193309354505,7.9031250000000055,-40.828553873253824,-0.5289982799830364,-0.007390288276315504,3742.2460788371745
-0.11356378068075634,0.5603455787053788,-0.6739093593861353,-11.97393911641295,7.909375000000005,-40.88148650814441,-0.52965441782869,-0.0065613784565367594,3730.0619330863406
-0.7381673336304299,-0.055785771214798344,-0.6823815624156315,-11.98881518723384,7.915625000000005,-40.93448516919142,-0.5303188031114628,-0.006643852827728191,3717.957917820673
-1.3477841857067745,-0.5777288736234106,-0.7700553120833638,-12.003888409944185,7.921875000000004,-40.98755453673576,-0.5310685477752828,-0.007497446638198952,3706.3003367682804
-1.5511764106200612,-0.6782571139051254,-0.8729192967149358,-12.020909525135913,7.928125000000004,-41.040703886112475,-0.5319184397590134,-0.00849891983730629,3695.775377470173
-1.8318373602712752,-0.8327137047407667,-0.9991236555305082,-12.040220250720424,7.934375000000004,-41.093944368148634,-0.5328912009641538,-0.009727612051403364,3686.81350301565
-2.348982166541023,-1.1723114522416351,-1.1766707142993873,-12.062344027120904,7.940625000000003,-41.14729076892617,-0.5340368145865233,-0.011456136223694827,3679.842910577942
-3.0170932363933454,-1.5985087403521814,-1.418584496041164,-12.088424068825828,7.946875000000003,-41.20076350665364,-0.5354179399628112,-0.013811253762878962,3675.4982813020397
-3.8594056012955584,-2.1202086692932336,-1.7391969320023233,-12.119893954353252,7.953125000000003,-41.25438996279146,-0.5371111827936482,-0.016932428308370107,3674.6874110815907
-4.958607740095214,-2.796837063363248,-2.161770676731966,-12.158507280917195,7.959375000000002,-41.308206311162145,-0.5392157846200604,-0.02104601826412182,3678.651834659226
-6.395158778451423,-3.6781584098710196,-2.7170003685804014,-12.206535541336212,7.965625000000002,-41.36226014284717,-0.5418608490803596,-0.026450644602992207,3689.084626212406
-8.262459600008562,-4.818763043838721,-3.443696556169838,-12.266933143865108,7.971875000000002,-41.41661384667651,-0.545213227506447,-0.033523784260874274,3708.3717023489417
-10.657451547390542,-6.2693155043639495,-4.388136043026589,-12.343517821709431,7.978125000000001,-41.471348746145395,-0.5494847618712878,-0.042715343648408836,3740.1458473724474
-13.886872701727587,-8.256417716818252,-5.630454984909334,-12.44113700163334,7.984375000000001,-41.526571244351366,-0.5549652022481372,-0.05480440376849331,3789.2272343507943
-17.933820251685816,-10.696070628061399,-7.237749623624415,-12.566415610417128,7.9906250000000005,-41.582419976682246,-0.5620094443694137,-0.0704424212127651,3863.24678810376
-23.812773435595766,-14.412513267790798,-9.40026016780496,-12.727472044243353,7.996875,-41.63907831223618,-0.5711572667093207,-0.09147822339907008,3974.4114547331938
-27.198516012635697,-15.479378567847364,-11.719137444788336,-12.936630276280736,8.003125000000006,-41.69676417243106,-0.5825599371882997,-0.11402670478979034,4146.25598695705
-39.60776728970636,-24.26182680977378,-15.345940479932576,-13.197443278268572,8.009375000000006,-41.75576659894187,-0.5974885930278189,-0.14928655839519187,4406.36086908431
-47.755878423594886,-28.206947157955838,-19.54893126563904,-13.538844198871207,8.015625000000005,-41.81646610120769,-0.6165014522886386,-0.19012859260819753,4778.6588451029265
-59.24217008599455,-34.57661116839849,-24.66555891759606,-13.973561851322534,8.021875000000005,-41.87931537109472,-0.6404839454519334,-0.23982493163294807,5363.822769416127
-41.27867501857958,-14.484004050739044,-26.7946709678405,-14.521613167207885,8.028125000000005,-41.944665997160044,-0.6665285758544869,-0.2604463040255341,6044.607101088266
-20.15146093287519,5.810377893142067,-25.96183882601723,-15.116944087307498,8.034375000000004,-42.012580207635246,-0.6917556336494864,-0.25227057794999513,6817.415217424552
-40.303392007326686,-12.540464969680299,-27.7629270376464,-15.693999462774203,8.040625000000004,-42.08310420816373,-0.7187243769202294,-0.2696874327074293,7907.321436625113
-55.3637143802591,-24.182664560392595,-31.1810498198665,-16.31056323877685,8.046875000000004,-42.15649066211829,-0.7490047021709002,-0.3028032525067078,9204.1250252899
-81.76732757635124,-44.407165037306214,-37.36016253904502,-17.00205502638427,8.053125000000003,-42.23320471883428,-0.7852764321489323,-0.3627172997803203,10715.161740589167
-53.025543555597515,-13.772166642188512,-39.25337691340898,-17.829149215705673,8.059375000000003,-42.313637451440364,-0.8233782199727713,-0.3810178782383897,12381.76547835475
53.14925341917977,81.42288314136144,-28.27362972218163,-18.69727196490873,8.065625000000002,-42.39734725756197,-0.8508179024593401,-0.27439682486568784,13206.174271820044
3.978117314035914,28.463971404846802,-24.4858540908109,-19.322533499916698,8.071875000000002,-42.48361709638406,-0.874578873982433,-0.2376097152309292,14435.234688917317
25.856298007299188,44.48882565516451,-18.632527647865313,-19.8633862604911,8.078125000000002,-42.57197897426709,-0.8926586836781177,-0.1807980969568483,14917.722057697301
18.184098659381032,32.577194765057705,-14.393096105676667,-20.27457188232422,8.084375000000001,-42.661943130278715,-0.906624436554332,-0.139657528762143,15199.878506919387
10.81304729804138,22.329719438276253,-11.51667214023488,-20.5917966247566,8.090625000000001,-42.753164309830794,-0.9177991544871863,-0.11174717932854308,15332.861004673998
5.196754989365333,14.822058700751777,-9.625303711386458,-20.84520094542445,8.096875,-42.845411209708104,-0.9271388430589512,-0.09339688571764929,15448.560639014842
4.102467049508103,12.186319791639123,-8.083852742131025,-21.056561936381993,8.103124999999999,-42.93851730711696,-0.9349831051182306,-0.07844262059279383,15808.744949506285
-6.8008794167200985,1.1396221820753427,-7.940501598795437,-21.23363097290114,8.109374999999998,-43.03240089528731,-0.9426886582887765,-0.0770555317054591,16859.603626167023
2.954173423224431,9.688192786412506,-6.734019363188072,-21.407243042508927,8.115624999999998,-43.12699652066928,-0.9492238493505927,-0.06535191061816178,17281.394212545645
6.463712186606307,11.74531099521646,-5.281598808610154,-21.55398199382282,8.121874999999998,-43.22217520815311,-0.9543499003260504,-0.0512605097545769,17651.78043844266
7.512260165533806,11.393829142002588,-3.8815689764687837,-21.6684378908886,8.128124999999997,-43.31779857772367,-0.9581174910851891,-0.03767590759138676,18050.507789570514
-2.4420314748231524,1.2825054750445308,-3.724536949867687,-21.75177546981183,8.134374999999997,-43.41379110364878,-0.9617330274169748,-0.03615536331785729,18828.01596682906
32.204533653833934,32.035822562547665,0.16871109128627115,-21.8313991238737,8.140624999999996,-43.50995621678489,-0.9615692353054265,0.0016379211154832173,19126.248431681594
17.82836865799027,15.753863191490256,2.074505466500018,-21.824996033716232,8.146874999999996,-43.60601242689161,-0.9595549668288754,0.020142684765510673,19428.65419721534
13.498892451239067,10.196956434733485,3.301936016505583,-21.77639712981367,8.153124999999996,-43.70180759945129,-0.9563484843648102,0.032064824640652315,19718.678525655476
23.872887541931206,18.371522922336535,5.50136461959467,-21.700591077332447,8.159374999999995,-43.79717529404158,-0.9510054074409043,0.05343076923905883,19921.376438829073
-0.9744710554022156,-5.785493579465754,4.811022524063545,-21.576208506534012,8.165624999999995,-43.89204217087738,-0.9463321292751878,0.046732781657164504,20665.983066269924
25.899355292209645,18.851036220880967,7.04831907132867,-21.4669868460233,8.171874999999995,-43.986333006915935,-0.9394845914959317,0.06847537779256188,20762.376061014882
45.85240266257011,34.69836243333592,11.154040229234186,-21.308476137666844,8.178124999999994,-44.079739570164534,-0.9286466734760551,0.10837918019876593,20528.043120230395
46.65320380862527,31.75118788742763,14.902015921197641,-21.059582288170617,8.184374999999994,-44.17188014814868,-0.9141648862068237,0.1448178726923144,20042.866312086397
35.695194683627925,18.601495435211838,17.093699248416076,-20.728273621095518,8.190624999999994,-44.26246593745557,-0.8975508999309951,0.16613986275828543,19557.574546982163
33.10696442057662,14.326605679858845,18.78035874071775,-20.34892581371069,8.196874999999993,-44.35130824375641,-0.8792952260856677,0.18255673845327502,19050.172064756927
37.69134303963041,16.917820977093697,20.773522062536713,-19.93273886904648,8.203124999999993,-44.43822799217959,-0.8590997423780297,0.2019548370763801,18438.952341934826
43.211746172868516,20.069727751808855,23.14201842105965,-19.473017399687944,8.209374999999993,-44.52301295232623,-0.83659946055481,0.22500281823219598,17825.080523085544
44.23886824168165,18.864975061230034,25.37389318045159,-18.961531689888364,8.215624999999992,-44.60543928900575,-0.8119272730354837,0.24672187519326272,17254.101331057245
54.409247133689966,25.953247185478098,28.4559999482119,-18.40130909054054,8.221874999999992,-44.68524848608465,-0.7842566685425078,0.27670604492976003,16759.732472133
40.44854747352139,10.714803841028276,29.733743632493116,-17.773596808020898,8.228124999999991,-44.76222845061524,-0.7553426220691569,0.2891404647335078,16345.11342624034
56.7768020208965,24.146128195345064,32.630673825551455,-17.118114081046574,8.234374999999991,-44.83617613818435,-0.7236111293130654,0.3173149275609155,16036.049083368564
60.03675686829202,24.451715669681896,35.58504119861012,-16.399113968590214,8.24062499999999,-44.90680704151712,-0.6890069373423215,0.34604191970743814,15776.464646388362
52.44848416968337,15.03194489121134,37.416539278472044,-15.61525647585389,8.24687499999999,-44.973888518360845,-0.6526225995322158,0.3638433781010577,15750.15895469633
44.92080850607358,6.681809262295444,38.238999243778125,-14.791209779731824,8.25312499999999,-45.03729164163014,-0.6154398658537648,0.3718273367845104,15772.310788782772
49.44760575894882,9.969515549695785,39.47809020925306,-13.949135833379191,8.25937499999999,-45.09691633712704,-0.5770540440841786,0.3838582176958611,16075.37701222317
51.4348252194386,10.62198049219769,40.81284472724096,-13.079782375552478,8.26562499999999,-45.15263766131291,-0.5373724396331949,0.39681604450983626,16508.21836025413
48.18649670422608,6.541088144958874,41.64540855926725,-12.180978420070602,8.271874999999989,-45.204350456779736,-0.49688346970334785,0.40488969929847046,17072.594608158688
43.425017806445254,1.5750658227010739,41.84995198374421,-11.263739135209967,8.278124999999989,-45.25200451161768,-0.4561976270555189,0.4068584264782893,17822.829009672696
49.65019431388277,6.899462764460011,42.750731549422795,-10.34186488768675,8.284374999999988,-45.29554628121234,-0.4146377648376707,0.41559862217848215,18716.80134072745
45.62836970040151,2.5406215400080585,43.087748160393474,-9.39998378715382,8.290624999999988,-45.33491574300989,-0.37275147111326246,0.41886293724408236,19802.28479700008
43.95107971274159,0.7607689755071082,43.190310737234455,-8.450506329477248,8.296874999999988,-45.37009161502524,-0.33076596919372536,0.41985501919537116,19891.877433031867
60.73678289949783,15.443033111106896,45.29374978839092,-7.498600084102717,8.303124999999998,-45.400966678459554,-0.28673529949256094,0.44030669701164404,19530.89431143253
53.90583740154749,7.569848128622148,46.335989272925296,-6.500186195714736,8.309374999999998,-45.42738793974533,-0.24168992622303073,0.4504537326953021,20002.147691195092
57.859134605237394,10.118554693427603,47.74057991180979,-5.478685576969793,8.315624999999997,-45.449236247060114,-0.19527622007261952,0.46413706150411205,20988.812509964853
15.55614834426226,-28.22022999709108,43.77637834135335,-4.426163519146899,8.321874999999997,-45.46663569020657,-0.1527126428564986,0.42563577216120924,21863.745426849317
12.71999248469513,-27.20739193315958,39.927384417854725,-3.4609896861481757,8.328124999999996,-45.47996565768831,-0.1138867067782452,0.38825936078253404,22610.813426787983
0.05310221966113638,-34.90334905938033,34.95645127904148,-2.580675519222832,8.334374999999996,-45.48965446756009,-0.07988949065729023,0.3399721612095497,23588.264105853774
-36.91388855069151,-62.8609289667861,25.947040416094623,-1.8099861343781067,8.340624999999996,-45.496381447810926,-0.05465011435952146,0.2523937629776877,24428.392068876892
-90.03264126802478,-101.36084246294432,11.32820119491953,-1.2379304642206872,8.346874999999995,-45.501295395084206,-0.043628831106072345,0.11021283253449117,25130.22292986415
-146.68347998263627,-137.9910550951801,-8.692424887456191,-0.9880955801082408,8.353124999999995,-45.50608120183136,-0.05208730383689503,-0.08458472730822678,24418.655260118583
-115.16285389320257,-92.91935567962044,-22.24349821358213,-1.1794707391700097,8.359374999999995,-45.51237234817295,-0.0737356229950821,-0.2164831915818707,22383.36531441744
-236.4518249144439,-186.8455423127002,-49.606282601743764,-1.6694875110543788,8.365624999999994,-45.522160132748176,-0.12202006850941431,-0.4828444551433221,19565.490443818126
-109.92343782780254,-52.59115414687976,-57.33228368092273,-2.762505718196218,8.371874999999994,-45.53715258616246,-0.1778289997762936,-0.5580893126687928,16700.51994124569
-52.748122272605706,3.9924317536152145,-56.74055402622097,-4.025789518615495,8.378124999999994,-45.557697281421405,-0.233064905402579,-0.5523590562628538,14315.116281623217
-1.0447376029698887,48.52057452619726,-49.565312129167175,-5.276061741432044,8.384374999999993,-45.58341640488276,-0.2813175638245458,-0.4825265842196682,12498.326324408199
25.18850161094236,65.10435672573237,-39.91585511479001,-6.368244485286813,8.390624999999993,-45.6134911440269,-0.3201772190582265,-0.3885965523368066,11125.429677157497
37.63986215192482,67.52614539048561,-29.88628323856076,-7.247818526067054,8.396874999999993,-45.64696365964647,-0.3492730933329978,-0.29095874274771305,10100.600914716451
2.625843996793,28.29997919953267,-25.674135202739667,-7.906402852093022,8.403124999999992,-45.683140734117245,-0.3742683960825541,-0.2499530274955629,9305.39400385237
30.111016143866966,48.545511071923244,-18.434494928056285,-8.472197518794005,8.409374999999992,-45.72146492961459,-0.3922155138643649,-0.17947117781810779,8701.08334647869
-0.2642361266242028,15.808440430287343,-16.072676556911524,-8.878475052480713,8.415624999999991,-45.76146886684628,-0.4078632307694682,-0.156477169051033,8203.123978057283
1.3766131695045023,15.177864738552431,-13.801251569047928,-9.232727417421742,8.421874999999991,-45.80292700447063,-0.42129952171757673,-0.13436290948108534,7795.872521273669
6.255819839564615,17.442599437035028,-11.186779597470423,-9.536940915120729,8.42812499999999,-45.8456015011049,-0.43219041096786753,-0.1089088925029079,7457.502250561582
1.2899752327021294,10.848327846695756,-9.558352613993629,-9.783550245160598,8.43437499999999,-45.88928581545285,-0.44149587599106926,-0.09305465023201738,7150.162557409574
3.2077430843420816,11.097894632427721,-7.89015154808564,-9.994281727691039,8.44062499999999,-45.93381946988016,-0.44917721255522935,-0.07681336564160098,6915.678420796398
2.482146158221615,9.015375892746027,-6.533229734524407,-10.168255040335247,8.44687499999999,-45.97905520467138,-0.4555374832691151,-0.06360270713885703,6717.21200539044
1.5718371219989065,7.04362263472493,-5.4717855127260275,-10.312327036735168,8.45312499999999,-46.02487529698508,-0.46086436300484346,-0.05326879735728361,6543.717256353376
-1.5328525337190047,3.422587331946685,-4.955439865665683,-10.433006844767805,8.459374999999989,-46.07120294157861,-0.4656885288658042,-0.048241658609607635,6379.127548663268
-0.6129727982722777,3.7726742608073045,-4.38564705907958,-10.542305299772503,8.465624999999989,-46.11798526602325,-0.46995796002688894,-0.04269431161084725,6250.43421372098
1.2843850899556406,4.925361704256799,-3.64097661430116,-10.639042690273866,8.471874999999988,-46.16515828529293,-0.47350242536687587,-0.03544465339986929,6135.725581022859
5.407837804427586,7.859365375988765,-2.4515275715611797,-10.71936346449056,8.478124999999988,-46.212627854186984,-0.4758889525141431,-0.023865271472672214,6036.25478026658
-2.057613678315281,0.3421069485737514,-2.399720626889033,-10.77346414203441,8.484374999999988,-46.26033355333397,-0.4782250304255974,-0.023360779114543057,5939.558922422504
1.6162375235883955,3.487254335127282,-1.8710168115388868,-10.826415390008512,8.490624999999987,-46.308247125613406,-0.48004641516307583,-0.018213847374784677,5851.852715979339
-2.6966545930251216,-0.7168541809414659,-1.979800412083655,-10.867706458360608,8.496874999999987,-46.35634813075542,-0.4819736876771996,-0.0192727251412378,5766.663434310509
-3.4759773004917878,-1.2989224629952427,-2.1770548374965437,-10.911385894850437,8.503124999999997,-46.40465146372541,-0.48409297172251653,-0.02119284045316909,5684.944459297736
-1.99073531182681,0.16174774860821367,-2.1524830604350234,-10.959403052826511,8.509374999999997,-46.45316552874265,-0.48618832862229766,-0.0209535689978112,5608.903125736238
-1.2386842067953139,0.7931895878862959,-2.0318737946816086,-11.006869002733694,8.515624999999996,-46.50188325877182,-0.4881662719611085,-0.019779433388108763,5537.729328675948
-1.4036558743427154,0.5452564631924701,-1.948912337535186,-11.051667091714702,8.521874999999996,-46.55079474499613,-0.4900634525251303,-0.01897180564021792,5469.95407473093
-1.5713993879245003,0.3276338043801355,-1.8990331923046366,-11.094626968892639,8.528124999999996,-46.599893521441246,-0.49191207637720713,-0.01848623852076869,5405.2262265774525
-1.525569074471201,0.32409560811926585,-1.8496646825904668,-11.136477771661196,8.534374999999995,-46.64917475737381,-0.49371264227398914,-0.018005658967820238,5343.8759489127915
-1.4776866282556507,0.32278366975234346,-1.8004702980079932,-11.17723090828673,8.540624999999995,-46.69863365554904,-0.49546532123065595,-0.017526789566667998,5286.296379903268
-1.4693813949549432,0.2872836637356911,-1.756665058690636,-11.216890454769135,8.546874999999995,-46.74826568964529,-0.49717536069436485,-0.01710039463708877,5232.161177910158
-1.4741186754579516,0.2451488587962118,-1.7192675342541646,-11.255575492308367,8.553124999999994,-46.79806690765569,-0.49884899951359035,-0.01673638819225521,5181.194370967708
-1.4363276579660156,0.24547728135460176,-1.681804939320618,-11.29342761697585,8.559374999999994,-46.848033666401946,-0.5004861754115859,-0.016371758979955107,5133.180456242492
-1.4296509721772168,0.2187565944702074,-1.6484075666474238,-11.330445836554256,8.565624999999994,-46.89816251750568,-0.5020908466630624,-0.01604671251476489,5087.942541759841
-1.4594153760787922,0.16395188861736237,-1.6233672646961539,-11.3667202360869,8.571874999999993,-46.94845061731082,-0.503671149439633,-0.01580302776570647,5045.300647302825
-1.3129764118598832,0.2692605682344444,-1.5822369800943286,-11.402435530869033,8.578124999999993,-46.99889474584512,-0.5052114212463873,-0.0154027180675429,5004.974639330525
-1.2342794230070788,0.3018410208342293,-1.5361204438413083,-11.437237708719545,8.584374999999993,-47.04949065733126,-0.5067068084764548,-0.014953872300674735,4967.1799003836595
-1.3793020105843832,0.13602641508471777,-1.515328425669099,-11.471017498736089,8.590624999999992,-47.10023509597952,-0.5081819644887334,-0.014751560122786644,4931.487240832205
-1.4462370557878752,0.05992439633170996,-1.506161452119586,-11.50433364961798,8.596874999999992,-47.15112660453478,-0.5096482066164192,-0.0146624212768571,4897.812536503286
-1.317716830422807,0.1634547959941389,-1.4811716264169463,-11.537443017868256,8.603124999999991,-47.20216352145133,-0.5110901317145912,-0.014419250981719487,4866.073782469162
-1.2895378338671295,0.16621934342047145,-1.4557571772876001,-11.569997575755167,8.609374999999991,-47.25334339436335,-0.5125073265256982,-0.014171948111070531,4836.057654702727
-1.2508596586634046,0.1777236227041101,-1.428583281367515,-11.601988655752244,8.61562499999999,-47.30466366459956,-0.5138980781985358,-0.01390751672837592,4807.549588353934
-1.6233370664848652,-0.1689444783345298,-1.454392588150335,-11.633378178927012,8.62187499999999,-47.356124266865834,-0.5153139671269348,-0.014158889283989874,4780.50902253666
-2.390369711735862,-0.81189510032289,-1.578474611412974,-11.665334487254865,8.62812499999999,-47.40773249851013,-0.5168506657589051,-0.015366986319704143,4755.195451089796
-2.600423447602096,-0.8864622615590263,-1.71396118604307,-11.700023999737253,8.63437499999999,-47.45950099575011,-0.5185192790408085,-0.016686132819033243,4732.117008469391
2.1398358022056247,3.342802047700469,-1.2029662454948435,-11.737698704607542,8.64062499999999,-47.51141148105385,-0.5196904270339842,-0.01171147993175641,4709.094058675574
-0.02217518579798064,1.024217583089966,-1.0463927688879462,-11.764112062111844,8.646874999999989,-47.56343145997391,-0.5207091513673692,-0.010187243333850633,4686.622599393258
-2.098249646992448,-0.9123971967757428,-1.185852450216705,-11.78707556213945,8.653124999999989,-47.61556010040928,-0.521863657340004,-0.011545059726347486,4663.572553938568
-1.5766825138979401,-0.33901160623654464,-1.2376709076613956,-11.813113843681226,8.659374999999988,-47.66780671436561,-0.5230686217866095,-0.012049644466056084,4641.986693241765
-0.8544615846735935,0.3323745626526013,-1.1868361473261952,-11.840296037816849,8.665624999999988,-47.72017135065407,-0.5242241039825754,-0.01155482195965856,4621.959520811414
-0.8977107676558845,0.25076293259090104,-1.1484737002467855,-11.866360426262752,8.671874999999988,-47.772649668143345,-0.5253422458028614,-0.011181418202860055,4602.7991751802365
-1.6260503249107003,-0.41421973974678616,-1.2118305851639146,-11.891582415579434,8.678124999999987,-47.825242884432356,-0.5265220799773077,-0.011798341744463306,4584.427730676227
-1.5162114081878604,-0.2639974864124771,-1.2522139217753818,-11.918204203919966,8.684374999999987,-47.87795605042652,-0.5277412399059356,-0.012191599286278795,4567.03178219542
-1.0084791350973912,0.21138003495104804,-1.219859170048439,-11.945719946472021,8.690624999999986,-47.930789557780216,-0.5289289071679429,-0.011876672620074047,4550.593379291369
-0.8276325763955794,0.3401593450353955,-1.167791921430974,-11.97252704602624,8.696874999999986,-47.98373929756289,-0.5300658884855202,-0.0113698131757727,4534.7463487066925
-0.92035953134592,0.21458129538984147,-1.134940826735761,-11.998191451884932,8.703124999999996,-48.03680113658906,-0.5311708920379145,-0.011050035523942531,4519.299978627842
-0.9884578140607859,0.12703133580769174,-1.115489149868478,-12.02313698058043,8.709374999999996,-48.08997252934181,-0.5322569630170358,-0.01086070979121411,4504.2728594290775
-0.9593907864720324,0.13536943142534655,-1.0947602178973777,-12.047659206732858,8.715624999999996,-48.14325152035005,-0.5333228571478581,-0.010658941308222116,4489.652855375335
-0.9055848741183936,0.16405439779233955,-1.0696392719107315,-12.071730206076204,8.721874999999995,-48.19663587808256,-0.5343642975023697,-0.010414403545115396,4475.331461645398
-0.9182852294845558,0.13125453633270273,-1.0495397658172594,-12.095253358075382,8.728124999999995,-48.25012340157971,-0.535386172440629,-0.010218749382593035,4461.174786247741
-0.9048791217411365,0.12545011058111805,-1.0303292323222544,-12.118339443151505,8.734374999999995,-48.30371217754423,-0.5363893468498013,-0.010031744091723194,4447.227186810254
-0.8729028130941101,0.1365215019648726,-1.0094243150589826,-12.14100811431768,8.740624999999994,-48.357400253405345,-0.5373721703724927,-0.009828235226914055,4433.596045248023
-0.8402190898404369,0.14673734525073082,-0.9869564350911684,-12.163222036350323,8.746874999999994,-48.41118551795525,-0.5383331206257213,-0.009609502532285038,4420.145062522671
-0.8146194226557409,0.14945465166973915,-0.9640740743254808,-12.184946714229563,8.753124999999994,-48.46506576366027,-0.5392717934745872,-0.009386728488658977,4406.818007036013
-0.8482047534422656,0.10048524171410718,-0.9486899951563734,-12.206172907259468,8.759374999999993,-48.51903912778977,-0.5401954891153056,-0.009236956407183788,4393.51120012303
-0.8339260642454649,0.09952809423815484,-0.9334541584836207,-12.22706570190883,8.765624999999993,-48.57310411981621,-0.5411043514134704,-0.009088622981647847,4380.190230788158
-0.7675595796970642,0.14387349741953553,-0.9114330771165992,-12.247628148171726,8.771874999999993,-48.62725892605906,-0.541991773443648,-0.008874220301776477,4366.849931476894
-0.7574920026522413,0.1335091743951638,-0.8910011770474056,-12.267710440944205,8.778124999999992,-48.681501479837486,-0.542859302124814,-0.008675286811660647,4352.795928622353
-0.5711377750455287,0.27741517170819685,-0.8485529467537261,-12.28734728062413,8.784374999999992,-48.735828719982656,-0.5436855007785282,-0.008261986537140846,4338.956072509677
-0.7044907554790396,0.12494703299284854,-0.8294377884718884,-12.30605309462129,8.790624999999991,-48.790237649396644,-0.5444930875012503,-0.008075867227221268,4324.338754110529
-0.57151565409412,0.22370459612830776,-0.7952202502224284,-12.32434168361843,8.796874999999991,-48.84472567164897,-0.5452673575453874,-0.007742700441371464,4310.018098037957
-0.633661221018799,0.14012971383264,-0.7737909348514384,-12.341879756703268,8.80312499999999,-48.8992900776287,-0.546020762049154,-0.007534045037665505,4295.762335181694
-1.2383754480412217,-0.4029704905307481,-0.8354049575104736,-12.358948644321915,8.80937499999999,-48.953932823542864,-0.5468341562341617,-0.008133941850077257,4281.680453527811
-0.7926062859818074,0.037124977120640924,-0.8297312631024484,-12.377377944909078,8.81562499999999,-49.008656632604904,-0.5476420250066302,-0.008078687724685368,4268.000760882896
-0.16109924878555038,0.5799976953325684,-0.7410969441181191,-12.395684202647839,8.82187499999999,-49.06345691353944,-0.5483635936840915,-0.007215686774613308,4254.5632549127595
-0.39849946192492963,0.2971940664705614,-0.6956935283954913,-12.412038539495304,8.82812499999999,-49.118327140931335,-0.5490409541537394,-0.006773604696479336,4240.775660440763
-0.6042807512443523,0.07930206725889699,-0.6835828185032491,-12.427393109199764,8.834374999999989,-49.17326451473103,-0.5497065218402182,-0.006655676864787266,4226.6778745644615
-0.5653866902475415,0.10254107351938348,-0.6679277637669256,-12.442481054698764,8.840624999999989,-49.228267683115185,-0.5503568458428505,-0.006503240026323233,4212.51357406307
-1.4437854995494608,-0.6731175966996557,-0.7706679028498051,-12.457223720363352,8.846874999999988,-49.28334088544824,-0.5511072008182634,-0.007503549754128326,4199.37386131345
-0.8660849397386988,-0.08278468758916369,-0.783300252149535,-12.474229829216894,8.853124999999988,-49.33848973818126,-0.5518698538421299,-0.007626530238665421,4185.971565378151
0.42554164438566455,1.0488711660776573,-0.6233295216919924,-12.491513136315513,8.859374999999988,-49.39370706846533,-0.5524767518392717,-0.006068979971417384,4172.876530612206
-0.08948337727240878,0.4632251852327663,-0.5527085625051741,-12.505269441888723,8.865624999999987,-49.448981650541356,-0.5530148896811675,-0.005381378418958221,4159.059035005976
-0.5719981463345911,-0.01673805623951506,-0.555260090095076,-12.51746766171726,8.871874999999987,-49.504310170576915,-0.5535555110300094,-0.005406213488419669,4144.68892547852
-0.5461893416326928,0.007872301104069676,-0.5540616427367621,-12.529720382427408,8.878124999999986,-49.559692694370796,-0.5540949648476613,-0.005394538176518867,4130.300490980652
-0.4235371363876157,0.11327811513575797,-0.5368152515233733,-12.54194520337395,8.884374999999986,-49.61512832393214,-0.5546176263792892,-0.005226615316279906,4116.024604923576
-0.47176849481188154,0.056455901960080115,-0.5282243967719621,-12.553789019665517,8.890624999999986,-49.670615801401894,-0.5551319230158065,-0.005142966365173,4101.832170200268
-1.594070405848435,-0.9251314846617694,-0.6689389211866656,-12.565443562416323,8.896874999999985,-49.72616155871484,-0.5557832232432369,-0.0065130022743040885,4088.4852355989406
-0.9335980888261826,-0.22973415069360628,-0.7038639381325766,-12.580200770512208,8.903124999999996,-49.78177414621512,-0.5564685267623627,-0.006853035191257252,4075.6707511879213
-0.05754641145375859,0.5610721033026597,-0.618618514756418,-12.595731426321818,8.909374999999995,-49.837451114144535,-0.557070831825945,-0.006023050635822718,4063.6707979902435
-0.681808453187796,-0.05485863004307722,-0.6269498231447187,-12.60939024418737,8.915624999999995,-49.89318871809868,-0.5576812472569538,-0.006104154310087707,4051.74521609809
-1.2909809217019799,-0.5765381974064394,-0.7144427242955403,-12.623243643472925,8.921874999999995,-49.94899162276886,-0.5583768461467223,-0.006955988897685106,4040.287070375403
-1.4957109794326164,-0.6783850950823813,-0.8173258843502348,-12.639041751914828,8.928124999999994,-50.00486909563886,-0.5591726112533237,-0.007957651066014256,4030.0254205812716
-1.7757057540528822,-0.8322466339244055,-0.9434591201284764,-12.657131045712037,8.934374999999994,-50.060832285034714,-0.5600911766637379,-0.00918565410414097,4021.4074799103655
-2.292423557034013,-1.1715353911425122,-1.1208881658915009,-12.678033428304632,8.940624999999994,-50.11689596787112,-0.5611824800644201,-0.010913034006821795,4014.8709338415465
-2.9600619301468565,-1.5974247110829476,-1.3626372190639098,-12.702891661629005,8.946874999999993,-50.17308054864968,-0.5625091355066412,-0.013266554422211429,4011.068638872441
-3.8024967079407386,-2.119374186431625,-1.6831225215091148,-12.733139033721882,8.953124999999993,-50.22941339470294,-0.5641477855585847,-0.01638650051943518,4010.9428454524814
-4.900125597546887,-2.7947464792474985,-2.1053791182993895,-12.770530903026604,8.959374999999993,-50.28593065833701,-0.5661974871228419,-0.02049701564257223,4015.787508126639
-6.3362474322757905,-3.6759706215051864,-2.660276810770602,-12.817335744075168,8.965624999999992,-50.3426798991857,-0.5687873298509104,-0.02589842728068526,4027.3701119450725
-8.202309223037012,-4.815787313744771,-3.3865219092922407,-12.876509089373,8.971874999999992,-50.39972346816611,-0.572084049757269,-0.03296719906358637,4048.1639695258536
-10.596368461939122,-6.265921460566239,-4.330447001372884,-12.951867833417467,8.978124999999991,-50.45714264205374,-0.576299427995344,-0.04215378238074962,4081.8983000384246
-13.825920236911623,-8.253584691722748,-5.572335545188874,-13.048260179656214,8.984374999999991,-50.51504377832518,-0.5817232974334365,-0.05423869438092595,4133.508150802731
-17.871183711800462,-10.692148264146006,-7.179035447654455,-13.172315482480013,8.99062499999999,-50.573565462954505,-0.5887103951530701,-0.06987097719633611,4210.805882506509
-23.752840421710076,-14.411459608960572,-9.341380812749504,-13.332151570643509,8.99687499999999,-50.63289102867738,-0.5978009193044248,-0.09090524151354691,4326.224085667287
-27.140683835552327,-15.480297278588353,-11.660386556963983,-13.540105191024134,9.00312499999999,-50.693238395913674,-0.6091464254214903,-0.11345506117065557,4503.9320148464185
-39.54657352848505,-24.259711305523183,-15.286862222961867,-13.799739536606031,9.00937499999999,-50.75489659765733,-0.6240176094516365,-0.14871184030146167,4771.244912372168
-47.68659012621314,-28.198072353091465,-19.488517773121668,-14.139980729848679,9.01562499999999,-50.81824606372403,-0.6429717118824753,-0.18954102430838674,5152.570710617378
-59.16993579330253,-34.566327377715496,-24.603608415587026,-14.573534176256905,9.021874999999989,-50.88373934782541,-0.6668939701451194,-0.23922258262644175,5748.695518140248
-41.20445002837047,-14.473314377008302,-26.731135651362177,-15.120404386026351,9.028124999999989,-50.95172788851875,-0.6928768437215796,-0.2598287357646023,6440.387222349735
-20.137163620453574,5.76735031855756,-25.90451393901115,-15.714525806341268,9.034374999999988,-51.02227414065775,-0.7180481990585489,-0.25171355336969237,7223.64361045547
-40.33185760816011,-12.615539567775711,-27.71631804038442,-16.290504192671044,9.040624999999988,-51.095425133941916,-0.7449716666247684,-0.26923467566219567,8324.140213864554
-55.3854362247663,-24.242562460216835,-31.142873764549407,-16.906213104455233,9.046874999999988,-51.171434463203596,-0.775214918608873,-0.3024325198410464,9632.36518419302
-81.71888474292699,-44.39815944778791,-37.32072529513907,-17.5970146318983,9.053124999999987,-51.25076762714845,-0.8114483602882252,-0.3623344167935215,11155.16508982873
-52.96949314542411,-13.757561199503538,-39.211931945920604,-18.42336444101328,9.059374999999987,-51.33381554111431,-0.8495099190290712,-0.38061558740846024,12833.19136831486
53.23317108238765,81.46030046954289,-28.227129387155266,-19.290670566315406,9.065624999999986,-51.42013626070253,-0.8769044727351768,-0.2739455370610554,13664.86968754574
4.062054674390818,28.497003844349205,-24.434949169958394,-19.914973582096223,9.071874999999986,-51.50901228665597,-0.9006160463336444,-0.23711573598467658,14895.083513990492
25.963616550404698,44.53867573441736,-18.575059184012645,-20.454741056414722,9.078124999999986,-51.599975093588554,-0.9186400923181681,-0.18024045984523676,15378.35362623868
18.280972837009198,32.61206102885786,-14.331088191848647,-20.864676416910953,9.084374999999985,-51.69253438212187,-0.9325456783481019,-0.13905586029933775,15660.409032647578
10.882832746505523,22.33660935576858,-11.453776609263034,-21.180535376721895,9.090624999999985,-51.7863446344518,-0.9436593682505245,-0.11113689902422619,15792.100166258217
5.180113623616657,14.751522704306641,-9.57140908068999,-21.432542249622408,9.096874999999985,-51.88117494093566,-0.9529467614265816,-0.0928739317605713,15905.943729085713
4.1226173910794675,12.156365522600462,-8.033748131520987,-21.64269424614917,9.103124999999995,-51.976859399201224,-0.9607424038847202,-0.07795642458138628,16262.607366868719
-6.769282566233504,1.1231793407574917,-7.892461906990991,-21.818629184241914,9.109374999999995,-52.073316586335025,-0.9684013387913077,-0.07658934906587504,17311.748461355848
3.003441131925498,9.689287622080524,-6.685846490155019,-21.99114483866649,9.115624999999994,-52.17048114224108,-0.9748897793298051,-0.06488440538497398,17734.463997755403
6.564509598223779,11.792149325721303,-5.227639727497526,-22.13677707741127,9.121874999999994,-52.26822380422595,-0.9799634603675991,-0.050736810377939326,18105.589697963005
7.629600095354941,11.450280627017971,-3.820680531663034,-22.249991715890772,9.128124999999994,-52.3664055747747,-0.9836719506074942,-0.03708490239895216,18504.383389016442
-2.3508280600690714,1.3095264199383463,-3.6603544800074146,-22.331928604426132,9.134374999999993,-52.46495043144531,-0.9872251828046272,-0.0355323219713297,19280.684796753514
32.289308478871014,32.05419020326746,0.2351182756035551,-22.410072625698266,9.140624999999993,-52.563661536570145,-0.9869969196920417,0.0022826311258553403,19577.816146992704
17.915004927388495,15.771916460710122,2.143088466678373,-22.40213503786548,9.146874999999993,-52.66225718553704,-0.9849160596458287,0.02080860046213004,19878.31948725716
13.56634583592992,10.1959563047778,3.3703895311521186,-22.351948555130154,9.153124999999992,-52.76058514364662,-0.9816431025459073,0.03272957099921477,20166.11868662006
23.935236899253006,18.3660800939508,5.569156805302204,-22.27455357591882,9.159374999999992,-52.85847900797307,-0.9762341839830406,0.05408918562866664,20366.248141172
-0.9132064527502827,-5.791317205070818,4.8781107523205405,-22.148593625250292,9.165624999999991,-52.955865504091804,-0.9714957383917464,0.04738445591294248,21106.2675128268
25.95932632507761,18.844683241569474,7.114643083508122,-22.0378084943569,9.171874999999991,-53.05266947930805,-0.9645837659331753,0.06911972458571065,21200.258782651632
45.90538140879942,34.6864383499794,11.218943058820035,-21.87775121084239,9.17812499999999,-53.148582806831065,-0.9536827845271307,0.10900981406044578,20963.061272184514
46.69445419991882,31.730042112652843,14.964412087265995,-21.627344017055513,9.18437499999999,-53.24322396408889,-0.9391403606293924,0.14542423897738288,20474.760495150364
35.73693707718427,18.583028294668388,17.153908782515888,-21.294581160860982,9.19062499999999,-53.33630437484654,-0.9224678545236155,0.1667250610577698,19985.751741915694
33.149637899659645,14.310925813495464,18.838712086164175,-20.913833342128086,9.19687499999999,-53.42763554045303,-0.9041554576062231,0.18312396917392362,19473.896496128793
37.75271169048451,16.92052419462661,20.832187495857905,-20.496295327017094,9.20312499999999,-53.51703846037702,-0.8839029408735991,0.20252516732623954,18857.624459038
43.289761589313855,20.087038796671763,23.20272279264211,-20.035225827937765,9.209374999999989,-53.60430078932236,-0.8613436380331262,0.22559302840472903,18237.75501924397
44.31056792346818,18.874810544791583,25.435757378676595,-19.522358617847605,9.215624999999989,-53.68919853608137,-0.8366112971471689,0.24732340885957294,17659.920342404814
54.52170595210305,25.998472060534166,28.523233891568882,-18.9607414096191,9.221874999999988,-53.77147286665828,-0.808875314390961,0.27735982756207844,17158.38167223828
40.56218826528964,10.756265002805094,29.805923262484523,-18.331528799957987,9.228124999999988,-53.850911186284286,-0.7798910781291398,0.2898423626182128,16736.625669121644
56.87384839311598,24.168331618045244,32.70551677507075,-17.674448728490734,9.234374999999988,-53.92731008043171,-0.7480868048192905,0.3180427330984931,16421.25829897592
60.12536924579236,24.46400037071299,35.66136887507937,-16.95380332565664,9.240624999999987,-54.000384840124276,-0.7134083890320142,0.34678415787276307,16155.387935269515
52.52218643427115,15.029602874574065,37.492583559697074,-16.16827692581855,9.246874999999987,-54.06990276481372,-0.6769501047567901,0.3645828427522411,16119.717115775336
44.984285771691596,6.670615010133377,38.31367076155821,-15.342574739284537,9.253124999999986,-54.13573500816115,-0.6396947621917604,0.37255342565029703,16129.150129082504
49.51103495935738,9.959511398491834,39.55152356086556,-14.498880597108169,9.259374999999986,-54.19778162321091,-0.6012375388034027,0.38457223388357686,16419.24013566786
51.49666296875428,10.611674221747597,40.88498874700662,-13.627937008988564,9.265624999999986,-54.25591778965121,-0.5614857900026444,0.39751748800758246,16838.66797134943
48.241367551074816,6.525757497574237,41.71561005350056,-12.727571767295965,9.271874999999985,-54.31003850755046,-0.5209285679824134,0.4055722202023108,17389.127715202045
43.467421633388845,1.5504318958494934,41.91698973753929,-11.808812036623841,9.278124999999985,-54.36009381356561,-0.4801775523206834,0.4075101566172998,18124.716520983777
49.71769671626319,6.899871414110532,42.81782530215268,-10.885482680505662,9.284374999999985,-54.40603031444772,-0.4385524653214554,0.4162508699922798,19004.951277497934
45.73442515535814,2.5750331332104333,43.159392022147756,-9.94213844812692,9.290624999999984,-54.44778776398607,-0.39659652544552815,0.4195593987592727,20080.422027723456
43.97607189217763,0.7196345225523743,43.25643736962529,-8.991088455041304,9.296874999999984,-54.4853449273343,-0.3545467415191291,0.4204978392639905,20154.371035593933
60.82340242911632,15.461069484158113,45.36233294495827,-8.037719939128843,9.303124999999994,-54.518594734470234,-0.31044940119943587,0.4409734031969324,19770.90696638109
53.92805921578131,7.529106776653328,46.398952439127996,-7.037776359296339,9.309374999999994,-54.547384345455384,-0.2653428185035329,0.4510658269590294,20223.088120477016
57.89137235692686,10.091584598373622,47.799787758553244,-6.014855047563342,9.315624999999994,-54.57159506388529,-0.21887155009464804,0.4647126840888487,21192.58358669885
15.596483047434536,-28.23677600499649,43.83325905243106,-4.960979222394855,9.321874999999993,-54.591351274790874,-0.17625266801709766,0.42618882077550374,22040.27321669074
12.758770326216784,-27.223247871754225,39.98201819797099,-3.994486996970425,9.328124999999993,-54.607032588456825,-0.13737360530193982,0.3887906271515783,22761.371624002637
0.07527982484904902,-34.93175618301442,35.00703600786354,-3.112889205589103,9.334374999999993,-54.61906762834896,-0.10332719254072886,0.3404641276121095,23721.66042168256
-36.89328228813089,-62.887144017224394,25.993861729093524,-2.340993593327803,9.340624999999992,-54.62813610157132,-0.07804227190655108,0.2528492063417779,24550.123243927927
-90.05034643592725,-101.41723036250212,11.366883926574884,-1.7678079364033827,9.346874999999992,-54.63538738286479,-0.0669833539628935,0.11058917943657585,25246.317259250347
-146.7261452923553,-138.06209078783402,-8.664054504521303,-1.5170233607828287,9.353124999999991,-54.64250726155719,-0.07541421988508405,-0.08430865922190556,24536.759514174333
-115.17938640414353,-92.95853902527654,-22.22084737886698,-1.707688037574802,9.359374999999991,-54.65112999726579,-0.09704049428689313,-0.21626274401809076,22506.581786512466
-236.45920774411988,-186.87173694267767,-49.587470801442194,-2.197145513903325,9.36562499999999,-54.66324735344367,-0.14530662927080373,-0.4826613498391059,19704.448001798595
-109.9291052952313,-52.612495224483595,-57.31661007074769,-3.289707989480809,9.37187499999999,-54.68056770007644,-0.2011003033845256,-0.5579367411372187,16857.369193412174
-52.72654058475292,3.9975814218722223,-56.72412200662513,-4.552617933938058,9.37812499999999,-54.70343872588247,-0.2563202127362023,-0.552199093516767,14488.347435370413
-1.0053421563521636,48.54058083332781,-49.54592298968,-5.802509243668666,9.38437499999999,-54.73148243629465,-0.30455399550734336,-0.4823378277114105,12688.505461560773
25.220238559423937,65.11511119962243,-39.89487264019853,-6.894252445507909,9.39062499999999,-54.763879797243845,-0.3433932234765641,-0.38839227969220763,11331.376363596892
37.67774032905604,67.54085648314604,-29.863116154090005,-7.773356812080753,9.396874999999989,-54.79967278558626,-0.37246654337173263,-0.2907331989516855,10318.677693612499
2.654592923317076,28.30483805363008,-25.650245130313014,-8.431426860631056,9.403124999999989,-54.83816804214035,-0.3974385877101173,-0.24972044338384652,9533.621980467851
30.15104307836485,48.55955379334401,-18.408510714979172,-8.99669395523299,9.409374999999988,-54.87880799193875,-0.4153604082578903,-0.17921820547772976,8936.383702854473
-0.22087802076919985,15.82355595778085,-16.044433978550057,-9.40239968116401,9.415624999999988,-54.9211250438174,-0.4309806293150366,-0.15620221057146327,8445.528557632291
1.408712059816217,15.18121894543483,-13.772506885618606,-9.756031856923338,9.421874999999988,-54.96489352206839,-0.4443889357048002,-0.13408306389763594,8043.90498359939
6.291812387883526,17.448902350760378,-11.157089962876851,-10.059615083045742,9.428124999999987,-55.0098755148842,-0.45525092061140354,-0.10861984906603343,7710.752534745329
1.3212748865909232,10.849727530180727,-9.528452643589796,-10.305573985278672,9.434374999999987,-55.05586442475151,-0.4645272767347744,-0.09276356123370855,7408.4985016124765
3.2396358500306683,11.099626795332936,-7.859990945302265,-10.515650827910173,9.440624999999986,-55.10269975113348,-0.4721792509046199,-0.07651974169845505,7177.839372839551
2.5183326057193964,9.020613163351703,-6.502280557632304,-10.68896398514928,9.446874999999986,-55.15023418326781,-0.47850939178205343,-0.0633014087743357,6982.489809211955
1.6073745889749453,7.0476097731622325,-5.440235184187285,-10.832358520298888,9.453124999999986,-55.19834993069273,-0.48380555671630476,-0.05296164934251336,6811.54200411873
-1.5021920939139042,3.4218138658411528,-4.924005959755059,-10.95234756675002,9.459374999999985,-55.24697016459772,-0.48859912138344996,-0.04793564667145194,6649.637928016684
-0.58290189163715,3.7714898860636192,-4.3543917777007675,-11.060957673512444,9.465624999999985,-55.29604202694196,-0.49283812550139383,-0.04239004117943867,6522.904761685913
1.317637071439044,4.927095939743276,-3.60945886830423,-11.157010419195533,9.471874999999985,-55.34550152864381,-0.4963519085354737,-0.03513783034079817,6409.961240804604
5.435837218940165,7.856309326827721,-2.420472107887556,-11.236640466546463,9.478124999999984,-55.39525453425216,-0.4987082036315138,-0.023562950960401185,6312.058463274852
-2.027047960373995,0.34168144775012693,-2.3687294081241235,-11.290060256237695,9.484374999999984,-55.445240650045676,-0.5010141122387606,-0.023059086072467507,6216.687911038165
1.6477685481437192,3.4877229101006377,-1.8399543619569183,-11.342331643590313,9.490624999999984,-55.495431618583304,-0.5028052585138006,-0.01791146275040082,6130.215402613886
-2.673035577496284,-0.7233171091017077,-1.9497184683945774,-11.382940862899254,9.496874999999983,-55.545807043869786,-0.5047032472158344,-0.018979887020336813,6045.931991695854
-3.4479857698948058,-1.3007374040725967,-2.147248365822211,-11.425959618866838,9.503124999999994,-55.596381882017596,-0.5067935157403759,-0.020902685245415102,5964.979675343509
-1.9588023719007057,0.16359361091791733,-2.1223959828186243,-11.4733217129651,9.509374999999993,-55.647164537007775,-0.5088595840632402,-0.020660683228642705,5889.884836718811
-1.2068413184663433,0.7947135765416429,-2.001554895007986,-11.520125952922283,9.515624999999993,-55.698147916872614,-0.5108080132335006,-0.019484291702604056,5819.61698548426
-1.3725130636781664,0.5459715200232309,-1.9184845837013966,-11.56425675898925,9.521874999999993,-55.74932209622007,-0.5126755737155574,-0.01867560482056841,5752.5886439088745
-1.5368788139139822,0.3311858203836633,-1.8680646342976457,-11.606546493375717,9.528124999999992,-55.80068057745894,-0.5144940510619133,-0.018184773463558793,5688.591828012848
-1.4932034816234252,0.32530796931917094,-1.8185114509425975,-11.64771478167426,9.534374999999992,-55.852218494546044,-0.5162642906800959,-0.017702396181826403,5628.0137912279415
-1.4469376735756434,0.32243288173198403,-1.7693705553076275,-11.68778089225426,9.540624999999991,-55.90393104385004,-0.5179866953997209,-0.017224047196249617,5571.2332520336795
-1.437068115334225,0.28833669890612573,-1.7254048142403513,-11.726754164943307,9.546874999999991,-55.95581369383661,-0.5196663043317864,-0.016796089320655627,5517.893885366653
-1.4408998139756948,0.24684833163453504,-1.6877481456102272,-11.764748983228538,9.55312499999999,-56.007862472066954,-0.5213092602751117,-0.016429559433253308,5467.74664445347
-1.3977308797274366,0.2516178051373737,-1.64934868486481,-11.801904790260762,9.55937499999999,-56.060073677140245,-0.5229148411906619,-0.01605580915550199,5420.513746923442
-1.3921951863713022,0.22309417676879326,-1.6152893631400937,-11.838205681443196,9.56562499999999,-56.11244378284709,-0.5244872729461885,-0.015724317555265488,5376.063125246265
-1.4258151826506407,0.16437017040273919,-1.5901853530533803,-11.873747825895364,9.57187499999999,-56.164969910197236,-0.5260352740568075,-0.015480011106190284,5334.218044363069
-1.2803650830476363,0.2687657337879359,-1.5491308168355715,-11.908729150099363,9.57812499999999,-56.21764883978831,-0.5275433177646495,-0.015080437078419233,5294.684697185817
-1.1995691665053978,0.30323272249739136,-1.5028018890027899,-11.942798743614098,9.584374999999989,-56.270476319173845,-0.5290062699460009,-0.014629521813513567,5257.6812490550965
-1.343793903863218,0.13792596644699123,-1.48171987031021,-11.975841014920361,9.590624999999989,-56.3234490680906,-0.5304487083891626,-0.014424384431617325,5222.736370950981
-1.4109476019160347,0.06138269461187763,-1.4723302965279133,-12.008413032637522,9.596874999999988,-56.376565604311196,-0.531882016022683,-0.014333076335204295,5189.688227031496
-1.2828806689068333,0.1643267906683389,-1.4472074595751727,-12.04077316946045,9.603124999999988,-56.42982424895737,-0.5332908769007915,-0.014088608781084503,5158.506722006303
-1.2538372740133892,0.1677257681924263,-1.4215630422058156,-12.072575403119066,9.609374999999988,-56.483222531970625,-0.5346747833643882,-0.013839064635967395,5129.021393731866
-1.2127993934481076,0.18107743983838948,-1.3938768332864964,-12.103808960474263,9.615624999999987,-56.53675785852295,-0.5360317476820492,-0.01356964317660977,5101.080696468003
-1.5821198938917764,-0.16329666430842152,-1.4188232295833556,-12.134429571241377,9.621874999999987,-56.59043009635289,-0.537413008916801,-0.013812612347517869,5074.7162231933635
-2.3565894025423537,-0.813446702823797,-1.5431426997185564,-12.165597881557792,9.628124999999986,-56.64424651233538,-0.5389153107330272,-0.015023018162261849,5050.124213906586
-2.565677299600935,-0.8869701053971631,-1.6787071942037728,-12.199504590255312,9.634374999999986,-56.69821975801061,-0.540549602771543,-0.016342920385156785,5027.741118196908
2.1754898302591124,3.3431492974744423,-1.1676594672153304,-12.236398199049974,9.640624999999986,-56.75233155704142,-0.5416863778447116,-0.011367750731686166,5005.379140905897
0.0140200419207063,1.0249884850071074,-1.010968443086401,-12.262029315902488,9.646874999999985,-56.806549406660295,-0.5426706145327681,-0.009842366880564946,4983.478014035177
-2.061535086741723,-0.9112777831034602,-1.1502573036382628,-12.284208030631628,9.653124999999985,-56.86087246070046,-0.5437904662705407,-0.011198517377726315,4960.961998086731
-1.5392862774198113,-0.33744910309394666,-1.201837174325864,-12.309457834073987,9.659374999999985,-56.91531001120996,-0.5449605439193786,-0.011700776488379748,4939.928480670909
-0.8168375145924057,0.3339276878258708,-1.150765202418278,-12.335846388368319,9.665624999999984,-56.96986208381074,-0.5460809080961245,-0.011203641767458788,4920.476236354651
-0.8595789652399553,0.25255064367884417,-1.1121296089187989,-12.361112028501614,9.671874999999984,-57.02452431250026,-0.5471636656943553,-0.010827575982307802,4901.878856572652
-1.587414021063224,-0.4122314210695398,-1.1751825999936834,-12.38552939040931,9.678124999999984,-57.07929788676068,-0.5483078195139254,-0.011441538195701652,4884.043796017472
-1.4777184202366116,-0.26239708620814306,-1.2153213340284692,-12.411340014182603,9.684374999999983,-57.13418783077077,-0.5494910606878882,-0.011832411739628262,4867.171657275251
-0.9713805545629064,0.21155890574587546,-1.1829394603087813,-12.438039379369561,9.690624999999983,-57.18919452293246,-0.5506427825459858,-0.011517218580974927,4851.269375922136
-0.7892474150721771,0.3414304906269227,-1.1306779056991008,-12.464029697355297,9.696874999999983,-57.244313843512295,-0.5517436290507313,-0.011008465047454653,4835.961986637872
-0.8820690730690554,0.21560176499700545,-1.0976708380660616,-12.488873246725234,9.703124999999993,-57.299541642250624,-0.5528123457158204,-0.010687166650891585,4821.032690727345
-0.9493663964195895,0.1286111413815423,-1.0779775378011316,-12.512994700437869,9.709374999999993,-57.3548753542542,-0.5538618943556154,-0.01049548639795021,4806.49967181222
-0.9197065704679321,0.13725376001682643,-1.0569603304847586,-12.536687755042697,9.715624999999992,-57.41031299823635,-0.5548909852874538,-0.01029090931838395,4792.362933900799
-0.8653352477716117,0.16617903879374052,-1.0315142865653526,-12.559923465490813,9.721874999999992,-57.46585231278804,-0.5558953057462244,-0.010043204587705018,4778.517400643709
-0.8789734775215593,0.13228386881293522,-1.011257346334495,-12.582604404882705,9.728124999999991,-57.52149107344293,-0.5568799073516196,-0.009846016053952496,4764.821036401572
-0.8656011084466375,0.1263136352367985,-0.9919147436834364,-12.60484505155214,9.734374999999991,-57.57722735279574,-0.5578456797045026,-0.009657723528829447,4751.305755124176
-0.8294682866347672,0.14087511374044154,-0.9703434003752089,-12.626665618185578,9.74062499999999,-57.633059159390456,-0.5587904521899181,-0.009447724854155092,4738.049553165361
-0.797646128650862,0.14976583774038413,-0.9474119663912459,-12.648016991775455,9.74687499999999,-57.68898432699827,-0.5597128999663807,-0.00922447776462685,4724.930604326882
-0.7752829939906134,0.14927430571614128,-0.9245572997067535,-12.668869144499345,9.75312499999999,-57.74500062685762,-0.5606130972204794,-0.009001972540986555,4711.901489442232
-0.8099841364786784,0.09936121752914857,-0.9093453540078259,-12.68922365595581,9.75937499999999,-57.80110620595869,-0.561498484800925,-0.008853875804456932,4698.890548948476
-0.7947946263234189,0.09934323447799824,-0.8941378608014161,-12.709248787743569,9.76562499999999,-57.857299583528224,-0.5623690665897129,-0.008705817887878315,4685.862059409943
-0.7275327915525248,0.14448970463716246,-0.8720224961896874,-12.728944410876009,9.771874999999989,-57.913578942671826,-0.5632181162822887,-0.008490496925757712,4672.793185393024
-0.7171605200754896,0.13430786183840468,-0.8514683819138938,-12.748158005692607,9.778124999999989,-57.96994220616687,-0.5640471536185402,-0.008290373362515332,4658.991942121755
-0.528220127055678,0.2803508270043506,-0.808570954060028,-12.766923643071454,9.784374999999988,-58.02638628502609,-0.5648344235658457,-0.007872699473054702,4645.369898104444
-0.6637630291764166,0.12559380122406155,-0.7893568304004781,-12.784748528547873,9.790624999999988,-58.082908155466406,-0.5656029852404902,-0.007685616746445764,4630.947595445799
-0.5296247289153175,0.2252744119368855,-0.7548991408522026,-12.802154163917438,9.796874999999988,-58.1395052045505,-0.5663379964414037,-0.007350112009135096,4616.79747679078
-0.5918191733172117,0.14144887058230562,-0.7332680438995169,-12.818804127936856,9.803124999999987,-58.19617470165644,-0.5670519456773793,-0.0071394923597554345,4602.693742604214
-1.1973681031160646,-0.4025503300719561,-0.7948177730441095,-12.834980576541938,9.809374999999987,-58.252918590042604,-0.5678258220458671,-0.00773876368487754,4588.7735648538655
-0.7511796245843214,0.03785309331990425,-0.7890327179042254,-12.852516117026882,9.815624999999986,-58.309739584376615,-0.5685940646342774,-0.007682425884103354,4575.231690239176
-0.11880233135202252,0.581384125126747,-0.70018645647877,-12.86992623442497,9.821874999999986,-58.3666330776501,-0.5692758008354419,-0.006817362011645201,4561.912012384103
-0.35607387920668676,0.2985083029632309,-0.6545821821699168,-12.885379811778899,9.828124999999986,-58.42359252435855,-0.5699131333335038,-0.006373324980618866,4548.21776812509
-0.5623466355278439,0.08001575798394814,-0.6423623935117927,-12.89982922484883,9.834374999999985,-58.480615109371094,-0.5705385669174939,-0.006254335839901533,4534.196967425351
-0.523808223981843,0.10285162286645533,-0.6266598468482978,-12.914009617497877,9.840624999999985,-58.537699473249546,-0.5711487106515902,-0.006101437340963019,4520.098612930792
-1.4008770933868588,-0.6716944063731823,-0.7291826870136762,-12.92784367075092,9.846874999999985,-58.59484984247514,-0.5718586738603373,-0.007099632087470535,4507.0713516015885
-0.8229740627734949,-0.08137429255175863,-0.7415997702217358,-12.943936346637308,9.853124999999984,-58.652071812448,-0.5725807255968282,-0.007220517364909071,4493.7571842138495
0.46845872378552983,1.0499267051987597,-0.5814679814132295,-12.960301429039207,9.859374999999984,-58.70935819200591,-0.573146865561391,-0.005661399645629419,4480.72301044264
-0.045848418871798885,0.4647639443714788,-0.5106123632432779,-12.973135900756102,9.865624999999984,-58.76669773613201,-0.5736440169605943,-0.004971513992032474,4466.93335300544
-0.5284293814138207,-0.015460273923606879,-0.5129691074902135,-12.984407048753436,9.871874999999983,-58.824087110093835,-0.5741434622759566,-0.004994453153622776,4452.574153397894
-0.5034618984900003,0.008251020087011425,-0.5117129185770115,-12.995728338664362,9.878124999999983,-58.88152636740227,-0.5746416838927872,-0.004982216168306521,4438.190132774968
-0.3803103664657802,0.11404009787734776,-0.49435046434312807,-13.007020399363046,9.884374999999983,-58.939014601610296,-0.5751230002676878,-0.004813163749006067,4423.895062435879
-0.428519734634695,0.05713628885811407,-0.485656023492809,-13.017928861821025,9.890624999999982,-58.99655054417051,-0.5755958509366708,-0.0047285066898291195,4409.64793759671
-1.5499556034865407,-0.9237892561255636,-0.626166347360977,-13.028645768403772,9.896874999999982,-59.05414061203858,-0.5762055064246816,-0.0060965548801079706,4396.265778629502
-0.8901881976688444,-0.22918097775793397,-0.6610072199109103,-13.042460896169851,9.903124999999992,-59.11179334152624,-0.5768490833284428,-0.0064357690376110116,4383.3867816168
-0.014383448110794075,0.5613379007014304,-0.5757213488122248,-13.057047753264655,9.909374999999992,-59.16950627681555,-0.5774096224576969,-0.0056053912925408565,4371.320612683851
-0.6378140535567769,-0.053906118281923925,-0.5839079352748532,-13.069762127831009,9.915624999999991,-59.227275664495124,-0.5779781311338656,-0.005685086761687535,4359.348893957398
-1.2466280519543267,-0.5754000559040788,-0.6712279960502477,-13.082668290870952,9.921874999999991,-59.28510615380724,-0.5786316551085054,-0.006535239746397821,4347.891369868519
-1.453058817718242,-0.6788737381348893,-0.7741850795833524,-13.097515948886997,9.92812499999999,-59.34300700743517,-0.5793854174500391,-0.007537623415336388,4337.676783929419
-1.7326829694639874,-0.8323493494802031,-0.9003336199837845,-13.114657275868517,9.93437499999999,-59.400989378070236,-0.5802619952513511,-0.008765778013120335,4329.148703619912
-2.248909337819715,-1.1711981238096996,-1.0777112140100154,-13.13461321921174,9.94062499999999,-59.459068040898515,-0.5813112613142746,-0.010492660629234369,4322.761274739359
-2.9158229543239385,-1.59650273746318,-1.319320216860757,-13.158525500141085,9.94687499999999,-59.517263391143345,-0.5825957435823672,-0.012844822680926802,4319.2041955423
-3.7575160057057224,-2.1179296483780083,-1.6395863573277134,-13.187826001807705,9.95312499999999,-59.5756027787129,-0.5841920078086886,-0.015962642263214435,4319.453351554109
-4.85468364934584,-2.7930917090196408,-2.0615919403261995,-13.22426903020651,9.959374999999989,-59.63412233311151,-0.5861990801636001,-0.020070723549115307,4324.815043911402
-6.289815900449767,-3.673674255790573,-2.6161416446591925,-13.270123224151195,9.965624999999989,-59.692869584932595,-0.5887459562580676,-0.025468760944674925,4337.0927904666005
-8.154424690902205,-4.812530835107125,-3.341893855795077,-13.328343054117886,9.971874999999988,-59.75190684432221,-0.5919992315341279,-0.03253275276060368,4358.824133054129
-10.547182478353072,-6.261962331769205,-4.285220146583869,-13.402743543659467,9.978124999999988,-59.81131533513325,-0.5961705846867108,-0.041713531525828844,4393.807118932093
-13.776307562034033,-8.249775237889768,-5.526532324144267,-13.498172169820046,9.984374999999988,-59.87120135793051,-0.6015498712584675,-0.05379286571756682,4447.0525283469
-17.82089398090128,-10.688251478406926,-7.132642502494354,-13.621260688065407,9.990624999999987,-59.93170344231286,-0.6084918163884949,-0.06941945130027492,4526.49979372397
-23.703504739509132,-14.40890558056893,-9.2945991589402,-13.780128892540256,9.996874999999987,-59.99300487389112,-0.6175368151767027,-0.09044998788207782,4644.771701413326
-27.09056128703097,-15.47739769226752,-11.613163594763446,-13.987120405488499,10.003124999999986,-60.05532353332765,-0.6288363735540516,-0.1129955837734898,4826.523229702825
-39.492679426920475,-24.253915172230126,-15.23876425469036,-14.245800031060506,10.009374999999986,-60.118948390379806,-0.6436607674890683,-0.14824393935016714,5098.784274483904
-47.62754583029192,-28.188554410299187,-19.438991419992746,-14.585086560061978,10.015624999999986,-60.184259763838334,-0.6625667016815031,-0.1890593419243486,5486.312626083114
-59.10421389659632,-34.552229599434824,-24.551984297161493,-15.017672305885403,10.021874999999985,-60.25171003719529,-0.6864387654575218,-0.2387206377601866,6089.996686861337
-41.12976427993574,-14.453212956214054,-26.6765513237217,-15.563541109396793,10.028124999999985,-60.32165040460013,-0.7123685826392656,-0.25929817181743803,6789.169156778017
-20.127045595187937,5.728493366073409,-25.85553896126136,-16.156600667130725,10.034374999999985,-60.39414345118736,-0.7374923491054124,-0.2512376646614683,7579.464864312836
-40.370899273187035,-12.692559567353877,-27.678339705833174,-16.731637543157202,10.040624999999984,-60.469237014879724,-0.7643789247418665,-0.26886575636454113,8687.090808428813
-55.407033473389944,-24.29478494347787,-31.11224852991208,-17.346636889949544,10.046874999999984,-60.547185582924826,-0.7945924361601128,-0.3021351141824628,10003.189686984151
-81.67445148115353,-44.38604300218426,-37.2884084789693,-18.03687518113931,10.053124999999984,-60.6284549298591,-0.8307945025254886,-0.3620206636537584,11533.884771490608
-52.903693680257646,-13.72811626254605,-39.17557741771153,-18.862604997046038,10.059374999999983,-60.713435693649515,-0.8688207732827473,-0.3802627075725873,13219.101175613881
53.30866758887129,81.4947837876525,-28.18611619878119,-19.72918142936406,10.065624999999983,-60.80168550848907,-0.8961755235084435,-0.27354750225696184,14053.968780557256
4.125247900220323,28.516573000359006,-24.391325100138673,-20.352629540049907,10.071874999999983,-60.892486522888994,-0.9198447644900107,-0.23669240981567238,15281.059262972536
26.065969563802184,44.59057226688647,-18.52460270308427,-20.891462623098224,10.078124999999982,-60.98536975365059,-0.937819850741838,-0.1797508625182733,15763.22710933089
18.350842704342856,32.629237497337485,-14.278394792994622,-21.30029800213317,10.084374999999982,-61.079844461581914,-0.9516743078846165,-0.1385445714277848,16043.89962069915
10.938124716874803,22.338911326687825,-11.400786609813013,-21.614996255168297,10.090624999999982,-61.175565006034745,-0.9627365811720737,-0.11062273287457229,16173.009976134757
5.157907458683798,14.684836104506438,-9.526928645822643,-21.865826955632645,10.096874999999981,-61.272300875783216,-0.9719808137973934,-0.09244232625319738,16284.383230019672
4.132552530688001,12.125699868947322,-7.993147338259331,-22.07498300812561,10.103124999999991,-61.36988676941288,-0.9797370587958902,-0.07756244998496785,16637.482181388143
-6.7471590450306085,1.1067631583449684,-7.853922203375574,-22.250001142337904,10.109374999999991,-61.468241552069436,-0.9873585943352349,-0.07621535539344618,17683.289469153202
3.046910385011385,9.693673689985111,-6.646763304973718,-22.42163965079725,10.11562499999999,-61.56729993706903,-0.9938091056566201,-0.06450511321385187,18105.615840023434
6.644950614178215,11.828959837155237,-5.184009222977027,-22.566377344263724,10.12187499999999,-61.66693241440924,-0.998840441147476,-0.050313354908559864,18477.08165189921
7.7344584188600445,11.504813793121528,-3.770355374261486,-22.678592049433302,10.12812499999999,-61.766999440665394,-1.0025000839756346,-0.0365964282815848,18875.250534348495
-2.274500167338003,1.3327035258569637,-3.6072036931949656,-22.75937652532308,10.13437499999999,-61.86742453090782,-1.0060017208729035,-0.03501636897268869,19650.111445717215
32.358769069742415,32.06873819485432,0.2900308748880917,-22.836301199582312,10.14062499999999,-61.96801062426174,-1.0057201462055243,0.002815746673792824,19945.849365278627
17.98432086127361,15.784771427370185,2.199549433903424,-22.827101155115955,10.146874999999989,-62.06847585480389,-1.0035844646376169,0.0213568156790745,20244.215763656368
13.619246045406886,10.19278485444637,3.4264611909605156,-22.775614332427903,10.153124999999989,-62.16866793087665,-1.00025705681757,0.033274078200468425,20529.791263300624
23.983145457957573,18.358796956143873,5.6243485018136985,-22.696924517668073,10.159374999999988,-62.26842051044544,-0.9947945345580911,0.05462522259478823,20727.188154848875
-0.8671143701839321,-5.799440599658335,4.932326229474399,-22.569686913288717,10.165624999999988,-62.367660408459976,-0.990003425732659,0.047911088254320666,21463.11287852843
26.003667228782685,18.835863790250304,7.167803438532369,-22.457644478370042,10.171874999999988,-62.46631257010994,-0.9830398072666209,0.06963618466038064,21555.21794514195
45.93954600667572,34.6694600151172,11.270085991558512,-22.296353197409665,10.178124999999987,-62.56406901709303,-0.9720891323951661,0.10950674871454788,21315.9584690989
46.723649523680784,31.710419303682777,15.013230219998013,-22.044757882439633,10.184374999999987,-62.66054843706325,-0.9574992670091861,0.1458986538598008,20825.078439057866
35.76080019280214,18.5607119667724,17.20008822602975,-21.710861025211734,10.190624999999986,-62.75546249428508,-0.9407818774273624,0.16717389581823655,20332.921428304988
33.17728419948078,14.294352380019816,18.88293181946095,-21.3290417647901,10.196874999999986,-62.84862291296573,-0.9224264961857762,0.1835538124158624,19817.015266877737
37.79370673615492,16.917644276847618,20.87606245930731,-20.910481404762255,10.203124999999986,-62.939850804042145,-0.9021313253424603,0.20295170843315877,19196.28176165345
43.33902221708249,20.09185938147781,23.247162835604676,-20.44840445018696,10.209374999999985,-63.02893381104915,-0.8795288147975988,0.22602510544861473,18571.8459267336
44.36240904827622,18.881431181966313,25.480977866309885,-19.93452575608248,10.215624999999985,-63.11564787698803,-0.8547525039799219,0.2477631081767694,17989.24859619694
54.61191765142211,26.038687743521194,28.57322990790095,-19.37188901518846,10.221874999999985,-63.19973389744276,-0.8269679051147506,0.2778459886517124,17483.443134454785
40.64747689978441,10.78779637006412,29.859680529720237,-18.74156090505296,10.228124999999984,-63.28097886237656,-0.797931393561182,0.2903651155356861,17057.573202074433
56.94721785700655,24.185843242569515,32.76137461443704,-18.08329124392806,10.234374999999984,-63.35917907213702,-0.7660728016480854,0.3185859191309658,16739.70600558292
60.185437694680544,24.467756741316908,35.71768095336362,-17.36141785766945,10.240624999999984,-63.43404969351652,-0.7313396259419901,0.34733175706095404,16468.72928046379
52.5609301580025,15.013940587015648,37.54698957098687,-16.574660153770626,10.246874999999983,-63.5053580966407,-0.6948284365416035,0.3651118940038651,16424.65399834785
45.023603338677006,6.657175973787669,38.36642736488937,-15.747773940369996,10.253124999999983,-63.572975608200515,-0.657521794654671,0.37306641886932573,16424.79283206374
49.54868746172708,9.946072736508855,39.602614725218196,-14.90293582837968,10.259374999999983,-63.63680244261713,-0.6190148936775941,0.38506900977076824,16705.512859979128
51.53086958089822,10.59666964069134,40.934199940206895,-14.030887019219175,10.265624999999982,-63.69671395218637,-0.5792152977072451,0.39799595970348994,17115.43428919828
48.26938746173805,6.506951194814747,41.76243626692338,-13.129458307840814,10.271874999999982,-63.75260534456056,-0.538612549776409,0.4060274793083606,17656.323593117337
43.48248328766964,1.522284009485775,41.9601992781839,-12.209686225331213,10.278124999999982,-63.80442694837448,-0.4978195265020487,0.4079302327436035,18381.561734454117
49.74875713264184,6.889121351435713,42.85963578120618,-11.285421002222426,10.284374999999981,-63.85212561438465,-0.4561537937013164,0.41665732800732247,19251.651702674273
45.77469396374678,2.573670382752373,43.201023580994445,-10.341166745676858,10.29062499999998,-63.89564117322555,-0.41415738311674233,0.419964105845741,20320.090982632537
43.98800786488089,0.6934509058901454,43.294556958990746,-9.389203956660712,10.29687499999998,-63.9349525695294,-0.3720705429602499,0.4208684015649242,20382.56383076597
60.89371532964787,15.48940318712658,45.40431214252125,-8.434991699825773,10.30312499999999,-63.96995271638202,-0.3279323940921183,0.44138148868131577,19983.879206530575
53.93313831382508,7.496679385729928,46.43645892809514,-7.434109525327551,10.30937499999999,-64.0004888035662,-0.28278934959142676,0.4514304450069151,20423.299643364768
57.91284139463063,10.077507526906055,47.835333867724536,-6.410337224802263,10.31562499999999,-64.02644244719683,-0.23628352302114303,0.4650582657028372,21382.243766947537
15.617407999853388,-28.249595141579853,43.86700314143326,-5.35564191780635,10.32187499999999,-64.04793821493371,-0.19363183171651066,0.42651691304632366,22211.541185599715
12.783910575728587,-27.230783086831543,40.01469366256015,-4.388358160434409,10.32812499999999,-64.06535585626611,-0.15472099493155178,0.38910836784958874,22916.471192326142
0.08389022146729007,-34.95282005284354,35.03671027431087,-3.505981472509539,10.334374999999989,-64.07912419212225,-0.12064572219134656,0.3407527274020522,23866.707964023408
-36.88920767782958,-62.9095319977445,26.020324319914934,-2.7333643329273527,10.340624999999989,-64.08992323126638,-0.09533506069127998,0.2531066150006659,24689.753307993917
-90.09244376183989,-101.47714673778574,11.384702975945874,-2.159522945581941,10.346874999999988,-64.09890292462467,-0.08425880647445365,0.11076254216826324,25383.994935129307
-146.76455816371222,-138.11119571770584,-8.653362446006383,-1.9082737756642476,10.353124999999988,-64.10774982835386,-0.0926792681093992,-0.0842046163494555,24677.509948769068
-115.20018326526916,-92.98601831028618,-22.214164954982973,-2.0986397223597235,10.359374999999988,-64.11809874370392,-0.11429903889187647,-0.21619770782477277,22651.570981829795
-236.47305018234795,-186.88963910114182,-49.58341108120612,-2.5879054140253723,10.365624999999987,-64.13194175676517,-0.16256122233315437,-0.48262183441277906,19862.56532557801
-109.93949273828927,-52.6250907713891,-57.31440196690021,-3.6803479275022837,10.371874999999987,-64.15098745523251,-0.21835274701364335,-0.5579152468048898,17028.8311105228
-52.69857562134359,4.0200288087622535,-56.71860443010589,-4.943188126763643,10.378124999999986,-64.1755834568384,-0.27356728510412714,-0.5521453809048378,14671.239148714698
-0.9765901242942404,48.56082292198925,-49.53741304628353,-6.192943910419166,10.384374999999986,-64.20535146025877,-0.32179278330337274,-0.48225498199245587,12882.445271907136
25.241276509008443,65.12602239223426,-39.884745883225804,-7.284490487607391,10.390624999999986,-64.23947220704775,-0.3606221524762967,-0.3882936917292394,11535.440630066276
37.70516065806002,67.55591386440236,-29.85075320634233,-8.163366292317532,10.396874999999985,-64.27698748649104,-0.38968343638925695,-0.29061283912960234,10530.219041277453
2.6749675946446656,28.31181193020305,-25.636844335558376,-8.821161124896792,10.403124999999985,-64.3172037800232,-0.414642434254242,-0.2495899786498505,9751.474133918153
30.178763056248226,48.57201470884133,-18.393251652593122,-9.386132089818787,10.409374999999985,-64.35956337169411,-0.4325493991636616,-0.17906964909419576,9158.213416525823
-0.19081684544400046,15.83643401074466,-16.027250856188672,-9.791502155542338,10.415624999999984,-64.4035984862232,-0.44815289141815307,-0.1560349225449149,8671.757956118061
1.4293200813822144,15.1841979402339,-13.754877858851685,-10.144757300105606,10.421874999999984,-64.44908333254229,-0.46154403496354796,-0.1339114354539487,8273.34551148228
6.315868636307454,17.454491655818853,-11.138623019511396,-10.447954398876668,10.428124999999984,-64.49577993635934,-0.4723880413774822,-0.10844006413934212,7943.377347271553
1.3402794215074225,10.850194834548043,-9.509915413040627,-10.693509205073997,10.434374999999983,-64.54348165596393,-0.48164635071418727,-0.09258309336705074,7644.31358691109
3.2661355522204176,11.106548600551509,-7.84041304833109,-10.903180717930915,10.440624999999983,-64.59202793675571,-0.48927926512137326,-0.07632914407186007,7415.924899285346
2.543373566551732,9.025361360329162,-6.481987793777429,-11.076065781253662,10.446874999999983,-64.6412713825348,-0.4955896504602915,-0.06310385338918251,7222.305470486139
1.6289618260383707,7.048734557280161,-5.419772731241791,-11.219016522836887,10.453124999999982,-64.69109415979959,-0.50086589483558,-0.05276244375288426,7052.7987194781945
-1.4821600325181181,3.421439742063615,-4.903599774581733,-11.33855799797522,10.459374999999982,-64.74141943423615,-0.505639593895527,-0.047736990599470175,6892.554217277077
-0.5616214809667305,3.7722492431554957,-4.333870724122222,-11.446721660682659,10.465624999999982,-64.79219434496844,-0.5098586207502698,-0.04219026854742724,6766.939032197392
1.3407300110829152,4.929329891353479,-3.588599880270567,-11.54232525789308,10.471874999999981,-64.8433548808912,-0.5133520977049801,-0.03493476954710313,6654.9840468843895
5.454299121855721,7.854227204675194,-2.3999280828194713,-11.62149848819615,10.47812499999998,-64.89480690545072,-0.5156883934854475,-0.02336295780467303,6557.999951824815
-2.006111501023183,0.3420221336983933,-2.348133634721575,-11.6744681428882,10.48437499999998,-64.94649003775187,-0.5179742525374352,-0.02285859051987738,6463.427976705847
1.6696673027579807,3.488854240265797,-1.8191869375078171,-11.726287965957752,10.49062499999998,-64.9983760094928,-0.5197451822811779,-0.017709297437427416,6377.651805865724
-2.657785859940111,-0.7281079712456331,-1.929677888694477,-11.766441526826348,10.49687499999998,-65.05044445171278,-0.521623662118486,-0.01878479837308039,6293.930478676873
-3.42830946771114,-1.3010537342753166,-2.1272557334358217,-11.809020315382412,10.50312499999999,-65.10271035824567,-0.5236944685394045,-0.020708064209184873,6213.476592130747
-1.9386131958978439,0.16376416597772867,-2.102377361875574,-11.85594316074672,10.50937499999999,-65.15518213414907,-0.5257410495286455,-0.020465809892409967,6138.934328921057
-1.1850351421874552,0.7962651428624994,-1.981300285049954,-11.902307235386266,10.51562499999999,-65.20785267471007,-0.527669761691407,-0.019287121627614336,6069.134056851313
-1.3483797309302028,0.5493379753540644,-1.8977177062842658,-11.945992329929858,10.521874999999989,-65.26071201812115,-0.5295171065303831,-0.01847344838976129,6002.48296844128
-1.5125532371721626,0.33427429566610256,-1.846827532838265,-11.987824720107538,10.528124999999989,-65.31375361897311,-0.5313149105085926,-0.01797803978209458,5938.9446299094025
-1.4714711074499427,0.3257377724697529,-1.7972088799196952,-12.028524963664038,10.534374999999988,-65.36697258514984,-0.5330644130260138,-0.017495025174212784,5878.863233455502
-1.426114919620608,0.3220165357750471,-1.7481314553956535,-12.068121257619293,10.540624999999988,-65.42036411292176,-0.5347661424123575,-0.01701729386343728,5822.612777725169
-1.4134256669928122,0.2904221205569279,-1.7038477875497378,-12.106625794636512,10.546874999999988,-65.47392365836672,-0.5364247664866787,-0.016586240743211647,5769.775297736376
-1.4171260814590336,0.2487717149907448,-1.6658977964497776,-12.144144566420586,10.553124999999987,-65.52764721929009,-0.5380464519809087,-0.01621685494230035,5720.109395759093
-1.3688631524280812,0.2577062343930117,-1.6265693868210918,-12.180817573939139,10.559374999999987,-65.58153103479307,-0.5396298580788814,-0.015834060979726644,5673.345851588382
-1.363108332761673,0.22856653431784543,-1.5916748670795184,-12.216614921924705,10.565624999999986,-65.63557149279147,-0.5411793018891248,-0.015494438102433625,5629.393631061921
-1.401510913742521,0.16496867371577978,-1.5664795874583008,-12.251634864521998,10.571874999999986,-65.68976566919082,-0.5427042260977972,-0.015249242086724705,5588.040957269804
-1.2576276259727752,0.26792582331268927,-1.5255534492854645,-12.286091743184176,10.578124999999986,-65.74411034638437,-0.5441893177731865,-0.01485091675389267,5548.981199940498
-1.1735724778288894,0.3053315760549642,-1.4789040538838547,-12.31963950965874,10.584374999999985,-65.79860126256388,-0.5456290058168809,-0.014396880436944478,5512.359857124635
-1.3185097580375773,0.1391286794513059,-1.4576384374888822,-12.352152702195745,10.590624999999985,-65.85323511291686,-0.5470480012428004,-0.014189954259194682,5477.705529447734
-1.385870445451439,0.06224658010716747,-1.4481170255586078,-12.384191428331121,10.596874999999985,-65.90801039984672,-0.5484577373542279,-0.01409736111427421,5444.942928823961
-1.2580776764200572,0.16483849075702717,-1.4229161671770851,-12.416015224391751,10.603124999999984,-65.96292543424369,-0.5498429505850609,-0.013852132308330444,5414.015617968273
-1.230301700353429,0.16707039425181372,-1.3973720946052428,-12.44727927728361,10.609374999999984,-66.01797774711837,-0.5512033069085999,-0.013603563235389214,5384.8358477884285
-1.1840686750525675,0.18501552256128787,-1.3690841976138552,-12.47797676790101,10.615624999999984,-66.07316471922114,-0.5525361351468419,-0.013328282382419544,5357.278473666708
-1.5534085345401774,-0.15989728833324476,-1.3935112462069312,-12.508047977565402,10.621874999999983,-66.12848616370393,-0.5538927545088899,-0.013566193620480137,5331.297193057145
-2.3303090148357897,-0.8126065095971282,-1.5177025052386612,-12.538655389912163,10.628124999999983,-66.18394931590097,-0.5553702894319575,-0.014775349230676556,5307.107892033411
-2.5399920658451363,-0.8867573719258561,-1.6532346939192806,-12.571998346086943,10.634374999999983,-66.23956681951859,-0.5569797829203986,-0.01609493488441099,5285.13692550592
2.2027891723999815,3.3447340991260517,-1.1419449267260697,-12.608327483157638,10.640624999999982,-66.29532038484452,-0.5580915235982945,-0.011117406778959223,5263.153500256881
0.04252108272694513,1.0274057000545898,-0.9848846173276439,-12.633388808017543,10.646874999999982,-66.35117747933253,-0.5590503661620811,-0.0095884256378664,5241.569743912514
-2.0336406153217625,-0.9097070270239611,-1.1239335882978023,-12.654989626531734,10.653124999999982,-66.40713722714153,-0.5601445900179222,-0.01094223855840994,5219.3745479642175
-1.511420465603453,-0.33611131424578916,-1.1753091513576635,-12.679656300520474,10.659374999999981,-66.46320889867584,-0.5612888406683896,-0.011442506504674562,5198.673857982308
-0.7885544806141219,0.33545010864190855,-1.1240045892560298,-12.705457294565111,10.66562499999998,-66.51939249826908,-0.5623831511964227,-0.010943105280330566,5179.572733466368
-0.8315316293494718,0.2536668522565981,-1.0851984816060698,-12.730130337493932,10.67187499999998,-66.57568364027563,-0.5634396889345824,-0.01056537738159685,5161.339101072152
-1.5590656895657993,-0.41100207632497554,-1.1480636132408233,-12.75395144918217,10.67812499999998,-66.63208349671235,-0.5645574398000276,-0.011177508654451431,5143.848187835453
-1.448821039107876,-0.2608545143856099,-1.1879665247222653,-12.779161802044422,10.68437499999998,-66.68859707111407,-0.5657140482343431,-0.011566084343155071,5127.297262240219
-0.9438350497570678,0.21172445348012223,-1.155559503237189,-12.805255831810538,10.69062499999998,-66.74522472916021,-0.566839112688498,-0.011250644541548649,5111.72105513768
-0.7591401471608061,0.343795955250665,-1.1029361024114706,-12.830640404483924,10.696874999999979,-66.80196233226063,-0.567912949319759,-0.010738366312610763,5096.74232859572
-0.8517610963011579,0.21782743922466613,-1.0695885355258226,-12.854870388682324,10.70312499999999,-66.85880569594823,-0.5689543244324646,-0.010413751127056524,5082.125489259922
-0.919716755239518,0.12997054407596892,-1.0496872993154878,-12.878370936517385,10.709374999999989,-66.91575222861567,-0.5699763289163928,-0.010220044839282412,5067.897195400089
-0.890212986692899,0.13829747063751602,-1.0285104573304154,-12.901438673089903,10.715624999999989,-66.97279993106784,-0.5709777201270301,-0.010013912106372546,5054.069555848983
-0.8349491127639798,0.1678583391112991,-1.002807451875279,-12.92404572328899,10.721874999999988,-67.02994652160169,-0.571954090549857,-0.00976370422826955,5040.517863175506
-0.8495166461962793,0.1329343888293754,-0.9824510350256546,-12.946092519134664,10.728124999999988,-67.08718975838667,-0.5729106451497467,-0.00956554599889677,5027.07322260394
-0.8350948927231688,0.1277879262792227,-0.9628828190023926,-12.967697011804088,10.734374999999988,-67.14452769818057,-0.573848150728306,-0.00937505578559363,5013.77988251052
-0.7944385167280094,0.14607668015708833,-0.9405151968850972,-12.988876634661127,10.740624999999987,-67.20195829976979,-0.5747638810561349,-0.009157303278288913,5000.700384776664
-0.7648905518317916,0.15230460827687864,-0.9171951601086694,-13.009569697132333,10.746874999999987,-67.25947933923436,-0.5756569082354803,-0.008930271793455282,4987.743432139579
-0.7451750517749957,0.14917995120182903,-0.8943550029768247,-13.029755153044459,10.753124999999986,-67.31708856959398,-0.5765276989567525,-0.00870790721272207,4974.8657607739915
-0.7808774787054107,0.09841107797008489,-0.8792885566754953,-13.049443461430025,10.759374999999986,-67.3747841456229,-0.5773838216215655,-0.008561226648129992,4962.004507748861
-0.7648431801718174,0.09925189981789358,-0.8640950799897112,-13.068805764646477,10.765624999999986,-67.43256459430933,-0.5782251521069405,-0.008413304853749907,4949.121425613777
-0.6966979776274369,0.1451766246666212,-0.8418746022940574,-13.087839028510036,10.771874999999985,-67.49042809432117,-0.5790448481301376,-0.008196960231971239,4936.183302739254
-0.6861609571039965,0.13504650285396239,-0.8212074599579589,-13.106388098932316,10.778124999999985,-67.54837255781452,-0.5798444217368324,-0.007995736066947496,4922.508039097755
-0.4966326828339921,0.28150130815646984,-0.7781339909904622,-13.124486861929114,10.784374999999985,-67.606394881729,-0.5806020565529331,-0.007576348161007258,4908.996631360395
-0.6322978816457643,0.1264855456949434,-0.758783427340708,-13.141641122589515,10.790624999999984,-67.66449202706981,-0.5813408502633943,-0.007387937104612735,4894.667749997008
-0.4978871343275339,0.2262841322809505,-0.7241712666084839,-13.158373242479144,10.796874999999984,-67.72266136673903,-0.58204594312088,-0.007050928574856754,4880.592898600394
-0.5599522758027472,0.1424367801346625,-0.7023890559374091,-13.17434638892159,10.803124999999984,-67.78090015524069,-0.5827298269121022,-0.0068388379122220596,4866.549920158714
-1.165787935463385,-0.4019421752681569,-0.7638457601952284,-13.18984277684462,10.809374999999983,-67.83921032395132,-0.5834735473006394,-0.007437203885372185,4852.69822453801
-0.7197312834050021,0.03826622408205287,-0.7579975074870545,-13.206696277955789,10.815624999999983,-67.89759457993743,-0.5842115724217106,-0.007380251210712399,4839.205688486496
-0.08642666904013437,0.582546838973865,-0.668973508014,-13.223423018319624,10.821874999999983,-67.95604830446607,-0.5848629181508564,-0.006513457291457852,4825.922360250993
-0.32311606854018504,0.3000218703037363,-0.6231379388439207,-13.23818934010438,10.828124999999982,-68.01456493212514,-0.5854696350307508,-0.006067168798942959,4812.25399249409
-0.5287868536821592,0.08185094654328237,-0.6106378002254411,-13.251946422178152,10.834374999999982,-68.07314162288122,-0.5860641800909417,-0.005945450601909328,4798.254783148164
-0.4897446726708419,0.10488071377209879,-0.5946253864429405,-13.26542831110653,10.840624999999982,-68.13177698856867,-0.5866431336580124,-0.0057895356707061965,4784.16965515294
-1.367247668289928,-0.6703106976204025,-0.6969369706695251,-13.278557022037281,10.846874999999981,-68.19047523030503,-0.5873217010689,-0.006785674108876744,4771.181704059076
-0.7896828407457133,-0.08046723868978013,-0.7092156020559334,-13.293939676241065,10.85312499999998,-68.2492419264715,-0.5880122222604827,-0.006905211915826524,4757.878489343068
0.5020052636335426,1.0509352079293999,-0.5489299442958575,-13.309591650175594,10.85937499999998,-68.30806987168052,-0.5885466819197331,-0.005344596592505082,4744.830173066803
-0.012097311236079766,0.4658164959851966,-0.4779138072212765,-13.32170957788457,10.86562499999998,-68.36694780561525,-0.5890119967751147,-0.004653148553816155,4730.98789378473
-0.49496799476353737,-0.014798359793087135,-0.48016963497045023,-13.332260594731412,10.87187499999998,-68.42587238082078,-0.5894795073352312,-0.00467510560116489,4716.53041626664
-0.4707251827340566,0.008196523236259894,-0.47892170597031675,-13.342859480051573,10.87812499999998,-68.4848436463015,-0.5899458022791763,-0.004662949439450492,4702.016605090107
-0.34697551513093416,0.11451187012456694,-0.4614873852555014,-13.353429275756346,10.884374999999979,-68.54386069251775,-0.5903951220459306,-0.004493197667543055,4687.575139483482
-0.3944623983516816,0.058172778647398664,-0.45263517699907996,-13.363613862743899,10.890624999999979,-68.60292223974672,-0.5908358225333042,-0.004407004873736131,4673.1873539467315
-1.5157601663219864,-0.9227697666785815,-0.5929903996434053,-13.373603417299147,10.896874999999978,-68.6620346897165,-0.5914131768625556,-0.00577354329251277,4659.728635977932
-0.8561072834073032,-0.2283954645746622,-0.6277118188326413,-13.386687816593852,10.903124999999989,-68.72120656537676,-0.5920243363425882,-0.006111594800326125,4646.806319470058
0.02042749127467708,0.562653503389165,-0.5422260121144887,-13.40054141391203,10.909374999999988,-68.78043539536556,-0.592552263433214,-0.0052792709062575065,4634.732035361322
-0.6028953269383012,-0.052670430340880196,-0.5502248965974209,-13.412518306182763,10.915624999999988,-68.83971740740647,-0.5930879773851274,-0.00535713951913408,4622.773781538187
-1.211289402920608,-0.5739626699138406,-0.637326733006768,-13.42468314538381,10.921874999999988,-68.89905723098882,-0.5937084942618811,-0.0062051687675373475,4611.3417504173885
-1.419538056658397,-0.6792042576792101,-0.7403337989791867,-13.438785113003378,10.928124999999987,-68.95846412061731,-0.5944292983080343,-0.0072080404615310605,4601.172671828359
-1.6987244426976316,-0.832256396181084,-0.8664680465165472,-13.455182486910065,10.934374999999987,-69.01794923073763,-0.5952729040984481,-0.008436057904138808,4592.723177639676
-2.2128397383063483,-1.1692842369863017,-1.0435555013200464,-13.47439504774602,10.940624999999986,-69.07752732174035,-0.5962889159558714,-0.010160118574232485,4586.462866722388
-2.879408104282563,-1.594540900346374,-1.2848672039361893,-13.497558757622206,10.946874999999986,-69.13721876028698,-0.5975398549767535,-0.012509390208821644,4583.095869056906
-3.7220843577789555,-2.1170800636008282,-1.6050042941781257,-13.526105748942426,10.953124999999986,-69.19705087558022,-0.5991024508878738,-0.015625959111202545,4583.606940328331
-4.817990585981589,-2.7912584745845668,-2.0267321113970227,-13.561794549219286,10.959374999999985,-69.25705977738937,-0.6010755852953322,-0.019731344074583435,4589.334093140826
-6.251603601809203,-3.670762391412119,-2.5808412103970864,-13.606891163445297,10.965624999999985,-69.31729296143303,-0.6035880955777153,-0.02512510282383115,4602.092339853555
-8.115802830767906,-4.809645900274729,-3.3061569304931755,-13.664347271907493,10.971874999999985,-69.37781269529098,-0.6068065815814218,-0.03218486003706461,4624.451171184822
-10.507462467185864,-6.258502367707977,-4.248960099477887,-13.737978970791291,10.978124999999984,-69.43870015627955,-0.6109426381899219,-0.04136056608500107,4660.277138554735
-13.735487812520558,-8.245814066583204,-5.48967374593735,-13.832633021478717,10.984374999999984,-69.50006159060015,-0.6162860482222551,-0.05343410032333145,4714.662968385662
-17.778341084632757,-10.683303886608464,-7.095037198024296,-13.95494093231386,10.990624999999984,-69.56203546268418,-0.6231913934581848,-0.06905345235929695,4795.6011624361145
-23.661773485136973,-14.405321725709607,-9.256451759427373,-14.113020907240402,10.996874999999983,-69.6248049958206,-0.6321992692703,-0.09007875812115314,4915.815130642184
-27.048603554075225,-15.47408863832085,-11.574514915754378,-14.319222890404108,11.003124999999983,-69.68858802041655,-0.6434612226487091,-0.11261953378409094,5100.329495587848
-39.44525796369801,-24.246289117961943,-15.19896884573607,-14.577114637608066,11.009374999999983,-69.75367342671328,-0.6582469032858965,-0.14785680637187454,5375.94166175197
-47.57648553223734,-28.178757476205163,-19.39772805603218,-14.91560235956222,11.015624999999982,-69.82044140715962,-0.6771127056408948,-0.18865802354998282,5767.638145418173
-59.045431173428064,-34.53697648594051,-24.508454687487546,-15.34737061439975,11.021874999999982,-69.88934416470552,-0.7009424452770106,-0.23829739636115813,6376.336437655539
-41.06213400557631,-14.43220307563586,-26.62993092994042,-15.892381245570794,11.028124999999982,-69.96073263432288,-0.7268269470702312,-0.258845017932207,7080.275299246536
-20.123430996830727,5.690914400836248,-25.81434539766697,-16.484518020736452,11.034374999999981,-70.03466951596876,-0.7519106858474096,-0.25083738777178405,7874.934615561195
-40.40842240561041,-12.761440826339339,-27.64698157927108,-17.058749254397377,11.04062499999998,-70.11120339028038,-0.778766800385019,-0.2685611453760941,8987.162891491334
-55.43336643611948,-24.3453541517121,-31.088012284407363,-17.673151981249095,11.04687499999998,-70.19058956908304,-0.8089567756683057,-0.3018997528328676,10308.679036148207
-81.63236813725044,-44.3703788778924,-37.26198925935805,-18.36293894285947,11.05312499999998,-70.27329406749139,-0.8451331924985928,-0.3617641683028709,11844.819546314142
-52.852225780211036,-13.706088646173065,-39.146137134037886,-19.188154870469145,11.05937499999998,-70.35970727144989,-0.8831308866713583,-0.37997694172765556,13534.458455380347
53.38555846186393,81.53658893200068,-28.15103047013677,-20.05413547282225,11.06562499999998,-70.44938639508558,-0.9104515860424853,-0.2732069937112698,14370.375715857639
4.183065194243549,28.536629448029352,-24.35356425378582,-20.676846620771464,11.071874999999979,-70.54161318359046,-0.9340841840549508,-0.23632598012465447,15593.14850578734
26.143414078685414,44.62563876188799,-18.48222468320259,-21.214867520424132,11.078124999999979,-70.63591830026293,-0.9520181493945099,-0.17933965339559135,16073.274878092298
18.405732214174677,32.64030710398319,-14.23457488980849,-21.622777838943826,11.084374999999978,-70.73181071211687,-0.9658300876841895,-0.13811938289679596,16352.33825531901
10.988479513254388,22.34470042963412,-11.35622091637974,-21.93651079519723,11.090624999999978,-70.82894467242744,-0.976849118527342,-0.1101903084315253,16479.341792586394
5.132106803127767,14.622432668654442,-9.490325865526666,-22.186353157451375,11.096874999999978,-70.92709002007881,-0.9860578344999851,-0.09208715972643099,16588.72885198099
4.1382978084875175,12.098307746326217,-7.960009937838705,-22.394690957504476,11.103124999999988,-71.02608200801532,-0.9937819242303004,-0.07724089730315314,16939.030620690246
-6.730798447849228,1.0918575929132137,-7.822656040762435,-22.568962509731364,11.109374999999988,-71.1258397601633,-1.0013731187294153,-0.07591194499114745,17981.837822624977
3.084875911439747,9.699633238427639,-6.614757326987895,-22.739891416312222,11.115624999999987,-71.22629804455376,-1.0077925690796365,-0.06419450350221226,18402.255306289277
6.714024887889725,11.86195224252122,-5.147927354631502,-22.883899200712186,11.121874999999987,-71.32732711727502,-1.012788885345608,-0.049963162659714,18772.5732229791
7.827634395012393,11.5556648610376,-3.728030466025211,-22.99529035545157,11.128124999999986,-71.42878693384691,-1.0164074460922372,-0.03618560746629275,19169.556542172755
-2.2034671809561033,1.3582907983833266,-3.5617579793394354,-23.07511005586829,11.134374999999986,-71.53060055451499,-1.0198649672694098,-0.03457521177172634,19943.25523058734
32.41860449004128,32.08157335564032,0.33703113440096466,-23.15099774904735,11.140624999999986,-71.63257069101311,-1.0195377626929936,0.003272045764163245,20238.085559574785
18.035507825719204,15.788511464743236,2.246996360975969,-23.140723319762735,11.146874999999985,-71.734415379743,-1.0173560119047083,0.02181750788285415,20535.017274390288
13.664341863832043,10.190691999102587,3.4736498647294605,-23.088149510450343,11.153124999999985,-71.83598231931613,-1.0139827795580243,0.03373232346684021,20818.74286788214
24.021455012386838,18.350873260346244,5.670581752040599,-23.00837614989292,11.159374999999985,-71.93710522600863,-1.0084753542918397,0.05507425266184654,21013.260447281053
-0.8243068533414906,-5.802495503577131,4.97818865023564,-22.88007444295607,11.165624999999984,-72.03771097852983,-1.0036396961323526,0.04835658159486971,21745.569802856222
26.038623673587356,18.826121279720315,7.212502393867047,-22.76697523893835,11.171874999999984,-72.13772459593763,-0.9966326520236541,0.0700704410869843,21836.53300250475
45.96332191409832,34.650757227553314,11.312564686545004,-22.604652887229086,11.178124999999984,-72.23683826365716,-0.9856407023670638,0.10991949656590304,21596.108729120868
46.74365135782638,31.690322009923914,15.053329347902451,-22.352076490375364,11.184374999999983,-72.33467089220684,-0.971011868626529,0.14628833740534758,21103.466253154893
35.77800742382806,18.540240024321914,17.237767399506126,-22.01725313005355,11.190624999999983,-72.43093437850264,-0.954257857289407,0.16754011337121918,20608.54430580067
33.180673714651945,14.263683011073077,18.916990703578886,-21.634563952446463,11.196874999999983,-72.52544073980208,-0.9358693686994162,0.18388488589990826,20089.464118540924
37.82212739499459,16.912604399590926,20.909522995403677,-21.215217811278514,11.203124999999982,-72.61801129165623,-0.9155416683837485,0.20327700315667713,19465.638603269705
43.37740004459401,20.09626015756841,23.281139887025613,-20.752373629197333,11.209374999999982,-72.70843368122459,-0.8929061229834744,0.2263554540027412,18838.432232314797
44.396478644975005,18.881516295834732,25.514962349140294,-20.23772252472922,11.215624999999982,-72.79648382574933,-0.8680967675113103,0.24809355472164066,18253.227437677702
54.691270399218865,26.07923987844287,28.612030520775978,-19.674319942171262,11.221874999999981,-72.88190238607208,-0.8402744389436193,0.27822328567690996,17745.676428144227
40.71577013865693,10.814145780707452,29.901624357949515,-19.043126676404327,11.22812499999998,-72.96447596501254,-0.8111971398654898,0.2907729907812956,17318.995452668874
56.998633015269384,24.19430031220499,32.80433270306443,-18.383929063074824,11.23437499999998,-73.04400066068733,-0.7792967736303129,0.31900366235176936,16998.81631664906
60.21609833465495,24.456784572662563,35.75931376199237,-17.661111180324426,11.24062499999998,-73.12019165500197,-0.7445231126626146,0.3477366096769827,16723.210400344473
52.582575073670796,14.996121745304718,37.58645332836606,-16.873443105336502,11.24687499999998,-73.19281648804423,-0.7079735481824523,0.3654956448016238,16673.60129981016
45.04557855092112,6.641599983111286,38.40397856780981,-16.045698198581672,11.25312499999998,-73.26174668507132,-0.6706303923593523,0.3734315582309998,16667.581196379746
49.5685134906514,9.930303014091027,39.63821047656036,-15.200046269403956,11.259374999999979,-73.32688264871348,-0.6320888804839384,0.3854151187541387,16942.261150673417
51.54709486988288,10.579456989911433,40.96763787997143,-14.327228244033167,11.265624999999979,-73.3880999314076,-0.59225677339832,0.39832107085618473,17346.098247450907
48.27761591952429,6.484580089420992,41.793035830103314,-13.425078109383618,11.271874999999978,-73.44529398385822,-0.5516242756142276,0.40632497784092436,17880.986034719142
43.48276110360432,1.4954152695870706,41.98734583401723,-12.504646099169543,11.278124999999978,-73.49841544068393,-0.5108048608998126,0.40819414714414964,18599.5617712169
49.75791470357955,6.873205267143649,42.884709436435934,-11.579794681300699,11.284374999999978,-73.54741142137384,-0.469114752898496,0.41690108001316584,19462.65714602202
45.7795797956739,2.5558386665553754,43.22374112911858,-10.634996243737918,11.290624999999977,-73.59222197192975,-0.4270962582196244,0.4201849467887162,20525.651100085357
43.99253439986856,0.6774112947034793,43.31512310516504,-9.682536255596183,11.296874999999977,-73.63282625612156,-0.3849894256167954,0.4210683260282896,20580.663463078155
60.951217193580284,15.521910549103296,45.429306644477045,-8.72786806437746,11.303124999999987,-73.66911707636508,-0.34082697925364275,0.4416244636315266,20171.8570174448
53.92638591799068,7.468780238666805,46.457605679323905,-7.726425137024893,11.309374999999987,-73.70094159417832,-0.295663377011172,0.45163602242470746,20603.38102577465
57.92362980038727,10.068415194083991,47.85521460630335,-6.702168785365484,11.315624999999986,-73.72818167414167,-0.24913822225593227,0.46525154755239734,21555.955233278586
15.633433744723542,-28.252974174085637,43.886407918809226,-5.647008684233236,11.321874999999986,-73.75096196844311,-0.2064676637728921,0.4267055848304017,22373.285416148923
12.793857093709041,-27.239068483886676,40.0329255775957,-4.6792619227510475,11.328124999999986,-73.76966230653294,-0.16753909802376338,0.3892856574912874,23068.852116893013
0.08371893606292984,-34.96892904127808,35.05264797734106,-3.796439997378073,11.334374999999985,-73.78471167768036,-0.13344832492483852,0.3409077309892485,24015.00176634424
-36.89492570305203,-62.928472226845805,26.033546523793788,-3.023421676401692,11.340624999999985,-73.79679033401837,-0.10812480183540249,0.25323523089436034,24835.813763272847
-90.13963334868663,-101.52994387790403,11.390310529217402,-2.449235243119856,11.346874999999985,-73.80704872870974,-0.09704309199222383,0.11081709843178665,25529.846800336847
-146.79923450267577,-138.14637506524323,-8.652859437432548,-2.197809289101216,11.353124999999984,-73.8171740365172,-0.10546306415681317,-0.08419972164589343,24826.376540132234
-115.22837708575283,-93.0110623363198,-22.217314749433026,-2.388117431182176,11.359374999999984,-73.82880148474771,-0.12708590045330614,-0.21622836296492987,22803.363668618702
-236.4889675792916,-186.90077596248156,-49.58819161681003,-2.877419556786642,11.365624999999984,-73.84392341662264,-0.17535273704532983,-0.4826683659202367,20024.449321085318
-109.94591754546063,-52.62652466214412,-57.31939288331651,-3.9699448189681044,11.371874999999983,-73.86424850947644,-0.23114912003065816,-0.5579638298532832,17199.881664704815
-52.67694372608964,4.043230540318505,-56.720174266408144,-5.232879371909193,11.378124999999983,-73.89012422479439,-0.28636518632845964,-0.552160662978015,14849.685035287808
-0.9547244734952767,48.581239929598354,-49.53596440309363,-6.482659416508377,11.384374999999983,-73.92117194782328,-0.3345892742493868,-0.4822408792092716,13067.915865472307
25.25763030013175,65.13900376650842,-39.881373466376694,-7.57416732751061,11.390624999999982,-73.95657217954785,-0.3734153602418383,-0.388260859924515,11727.020294822998
37.72139398107572,67.56711170729616,-29.845717726220425,-8.452964810674512,11.396874999999982,-73.99536653465239,-0.40247174184910295,-0.29056381607264625,10725.909531030364
2.6915275703765476,28.321843452117857,-25.630315881741325,-9.11064662117799,11.403124999999982,-74.03686134093859,-0.42742438387470505,-0.24952642025602084,9950.746869075636
30.199059695748353,48.5839961210543,-18.38493642530594,-9.675473116187419,11.409374999999981,-74.08049872280219,-0.4453232533975089,-0.1789886952280384,9359.328633101519
-0.1749934935649145,15.842966187245278,-16.017959680810193,-10.080660391589156,11.41562499999998,-74.12581077047878,-0.4609177001341912,-0.15594446736682313,8875.363296921736
1.455804425947242,15.199152931384358,-13.743348505437126,-10.433712004819714,11.42187499999998,-74.17257153644591,-0.47429761920866415,-0.1337991907447297,8478.797631038447
6.324015138782707,17.451549715873266,-11.12753457709055,-10.736656790243872,11.42812499999998,-74.22054295892983,-0.48513083046950606,-0.10833211260841906,8150.781346178101
1.3558898680655547,10.854126543032057,-9.4982366749665,-10.98196937027322,11.43437499999998,-74.26951838895606,-0.4943777700552663,-0.09246939585760229,7853.561705828378
3.283067158607449,11.111114941805164,-7.828047783197712,-11.191385882707413,11.44062499999998,-74.3193372097812,-0.501998646447388,-0.07620876392121773,7626.403050879302
2.5571921289678143,9.026624432893929,-6.469432303926113,-11.364000942840365,11.446874999999979,-74.36985198253792,-0.5082968086872198,-0.06298162239831821,7433.6695592547885
1.6450887495836406,7.0518381552292055,-5.406749405645559,-11.5066775302324,11.453124999999979,-74.42094484170354,-0.5135603746252689,-0.052635659380490744,7264.8222010466825
-1.4686955253571021,3.421822986317253,-4.8905185116743555,-11.625934512993867,11.459374999999978,-74.47253892738264,-0.518321338956585,-0.04760964331316086,7105.456720693303
-0.5484438812894241,3.7723328419858233,-4.3207767232752445,-11.733812322961086,11.465624999999978,-74.52458137526999,-0.5225276187903098,-0.04206279833724788,6980.365554615037
1.3555914266429387,4.930865082632838,-3.5752736559899025,-11.829129658404288,11.471874999999978,-74.57700816234744,-0.5260081227586269,-0.03480503968316998,6868.867053706101
5.465367988295083,7.852266491478393,-2.3868985031833128,-11.908011344937389,11.478124999999977,-74.62972515520683,-0.5283317344290397,-0.023236116704128517,6772.292781653795
-1.9921111262078242,0.3428651385754309,-2.3349762647832564,-11.960695800772793,11.484374999999977,-74.68267198118109,-0.5306047850561878,-0.022730506271480697,6678.057977357898
1.6864509196887683,3.492003008457727,-1.8055520887689585,-12.012227393936538,11.490624999999977,-74.7358203425159,-0.5323624416399901,-0.01757656583802312,6592.548098653896
-2.649623005236946,-0.7328591104548557,-1.9167638947820909,-12.052081970519652,11.496874999999976,-74.78914988210371,-0.5342283501163857,-0.01865908476395602,6509.028974456458
-3.417177224307497,-1.302600639159743,-2.1145765851477516,-12.094377417534949,11.503124999999986,-74.84267564030182,-0.5362868138456033,-0.02058463729217591,6428.834416232904
-1.9242707516165336,0.16520800827864254,-2.0894787598951776,-12.141021845322376,11.509374999999986,-74.89640602292197,-0.5383208385573275,-0.020340247117241497,6354.5108993991935
-1.1681782193726578,0.7997009671772746,-1.9678791865499337,-12.18710240994968,11.515624999999986,-74.9503338891422,-0.5402364858474343,-0.01915647290106895,6284.931976638702
-1.3324458583222032,0.5515188839922924,-1.8839647423144958,-12.230492222247095,11.521874999999985,-75.00444923557357,-0.5420704427800185,-0.018339569325841205,6218.485988273607
-1.4959635122805826,0.3367362269689654,-1.8326997392495483,-12.272021760688961,11.528124999999985,-75.05874548241174,-0.543854493983231,-0.017840512032126134,6155.1868003921745
-1.456375011072966,0.3265780753023776,-1.7829530863753429,-12.312410640266394,11.534374999999985,-75.11321771306704,-0.545590119122807,-0.01735625139575914,6095.365315392917
-1.412332600377082,0.32160568821118257,-1.7339382885882642,-12.35169250401959,11.540624999999984,-75.16786112062734,-0.547278032083065,-0.016879129602581054,6039.365624591923
-1.3978264202487607,0.2916421999874217,-1.6894686202361824,-12.389883753982481,11.546874999999984,-75.22267115516367,-0.5489226586434949,-0.016446265604298238,5986.76870101012
-1.3998909217966755,0.2512497625256925,-1.6511406843223688,-12.42708491259814,11.553124999999984,-75.27764378702953,-0.5505299786738143,-0.016073200303193657,5937.328290969527
-1.3476896970935497,0.26327317769707026,-1.6109628747906182,-12.463431762297366,11.559374999999983,-75.33277519558324,-0.5520981924003349,-0.015682137265206217,5890.7470119106565
-1.3428267415925923,0.23262257094316957,-1.5754493125357618,-12.498884030727032,11.565624999999983,-75.38806169726125,-0.5536318411599837,-0.01533648759648807,5846.997747249249
-1.3846158878416146,0.16554953443321416,-1.550165422274828,-12.533545062768791,11.571874999999983,-75.44350033351843,-0.55514088398365,-0.01509042823666424,5805.869600971503
-1.2404551793122174,0.26867046908548514,-1.509125648397702,-12.567640904617535,11.578124999999982,-75.49908787689598,-0.5566099835675431,-0.014690995838930345,5766.949774671671
-1.1572155195985292,0.3052702049795861,-1.4624857245781147,-12.60082497225211,11.584374999999982,-75.55482006050666,-0.5580336886457863,-0.01423705078243216,5730.425346641449
-1.3001058647339474,0.14085118385510162,-1.4409570485890488,-12.632974533314394,11.590624999999982,-75.61069356718485,-0.5594364449180597,-0.014027562722733651,5695.84510040629
-1.3681566289270297,0.06314226046119922,-1.4312988893882306,-12.664643706056225,11.596874999999981,-75.66670687986283,-0.5608298086414357,-0.013933637233760213,5663.14533593385
-1.2403941293615584,0.16558928809306467,-1.4059834174546235,-12.696094827608327,11.60312499999998,-75.72285829718435,-0.562198537788743,-0.013687291473072584,5632.34325643478
-1.2116505426403534,0.1685611061248152,-1.3802116487651686,-12.726983589934022,11.60937499999998,-75.77914533348574,-0.5635421882390907,-0.013436504503477947,5603.344487658635
-1.163232372961809,0.18820417492148203,-1.3514365478832921,-12.757300699114817,11.61562499999998,-75.83556533470625,-0.5648578361710078,-0.013156479319171174,5575.954784463188
-1.531838799500432,-0.15649504641841241,-1.3753437530820205,-12.786980734668266,11.62187499999998,-75.89211806496515,-0.566196769007023,-0.013389328360151524,5550.143630120479
-2.3114207718892437,-0.8119811876493617,-1.4994395842398829,-12.817185478000011,11.62812499999998,-75.94881072963332,-0.5676565243563733,-0.014597553493502887,5526.165535512122
-2.519997164913499,-0.8852548997440622,-1.6347422651694357,-12.850123640307116,11.634374999999979,-76.00565595658553,-0.5692480146878713,-0.01591490331498038,5504.433658990614
2.223234205141793,3.3464279373458496,-1.1231937322040577,-12.886042920067233,11.640624999999979,-76.06263543232677,-0.5703415001371469,-0.010934854492755525,5482.656739911764
0.06255887335779692,1.0285218376557654,-0.965962964297969,-12.910688695151928,11.646874999999978,-76.11971660340208,-0.5712819213691522,-0.009404212320053708,5461.24712795466
-2.013137247547953,-0.9083348987858775,-1.1048023487620757,-12.931870232700428,11.653124999999978,-76.1768985754553,-0.57235751969506,-0.010755983259077737,5439.230781869963
-1.4908704964065826,-0.3348805834973467,-1.1559899129092366,-12.95611304666807,11.659374999999978,-76.23419059952174,-0.5734829616336786,-0.011254419386186525,5418.714644148889
-0.7679483498744547,0.3365664492216719,-1.1045147990961266,-12.981486091048394,11.665624999999977,-76.29159266246616,-0.5745582972547006,-0.010753356210220045,5399.794264166706
-0.8111144222821577,0.2544713709137869,-1.065585793195945,-13.005727491978718,11.671874999999977,-76.34910036434326,-0.5755957402873265,-0.010374430326258191,5381.753695997293
-1.5384900920274516,-0.4101667984663257,-1.1283232935611256,-13.029114331406324,11.678124999999977,-76.40671486495982,-0.5766942720440466,-0.010985317567200874,5364.452548007326
-1.4284419340535692,-0.2603003729304034,-1.1681415611231654,-13.053887688334267,11.684374999999976,-76.46444115750319,-0.5778315788232804,-0.011373067792338728,5348.081994866714
-0.922481096709093,0.21305063852038328,-1.1355317352294765,-13.079542955712396,11.690624999999976,-76.52227959364632,-0.5789371440393446,-0.011055652160642216,5332.699288765498
-0.7386825564703825,0.3441688381471699,-1.0828513946175515,-13.104484404289558,11.696874999999975,-76.58022602214182,-0.5799914258705496,-0.010542818312049982,5317.921571659685
-0.8308127978973082,0.2185764977804897,-1.049389295677798,-13.128270124925638,11.703124999999986,-76.63827625016312,-0.5810131345554892,-0.010217086849396059,5303.49726011174
-0.8973547097848432,0.13184632518355688,-1.0292010349684,-13.151324006998442,11.709374999999985,-76.69642766654329,-0.582015193047849,-0.010020584923597878,5289.4475982699305
-0.8672015054130797,0.14048752345861396,-1.0076890288716942,-13.173938879512322,11.715624999999985,-76.75467824178763,-0.5829963118389859,-0.009811187911369316,5275.778985598095
-0.8126892476663953,0.16910587940402422,-0.9817951270704195,-13.196085810562874,11.721874999999985,-76.81302566857384,-0.5839522238852662,-0.009559120462802656,5262.37005556385
-0.8266392712333526,0.13455188621311007,-0.9611911574464622,-13.217668414444422,11.728124999999984,-76.87146768371795,-0.5848880789968696,-0.009358551116032803,5249.056375233865
-0.8116409339998452,0.12969075630488158,-0.9413316903047272,-13.238803395362053,11.734374999999984,-76.93000231773965,-0.5858046014371077,-0.009165224402380831,5235.879369845152
-0.7689143258635481,0.14952228164794243,-0.9184366075114896,-13.259507224038991,11.740624999999984,-76.98862748956152,-0.5866988350002357,-0.008942335631279595,5222.886798400416
-0.7399777255631603,0.15476259054006716,-0.8947403161032282,-13.27971300342799,11.746874999999983,-77.04734093126244,-0.5875699990179806,-0.008711640177448441,5210.013804800804
-0.7227119149915016,0.14918718465747013,-0.8718990996489723,-13.299403017582025,11.753124999999983,-77.10614037748832,-0.588418925499448,-0.008489264814674359,5197.210715189655
-0.7591806046937163,0.09775284894648001,-0.8569334536401958,-13.318595990851934,11.759374999999983,-77.16502398786493,-0.5892532820327249,-0.008343565332769361,5184.4228848252205
-0.7425133148402024,0.09923003561642427,-0.8417433504566268,-13.337465305900961,11.765624999999982,-77.22399029444883,-0.5900728496451331,-0.008195676124082044,5171.613933685014
-0.6732576772151465,0.1461207156887054,-0.8193783929038516,-13.356005775794035,11.771874999999982,-77.28303746903634,-0.5908706421053483,-0.00797792460215284,5158.741556143667
-0.6625020718850179,0.13605487043846193,-0.7985569423234796,-13.374058981278784,11.778124999999982,-77.34216340923655,-0.5916481618986505,-0.0077751979330217,5145.12273379836
-0.47303402859225707,0.28232361868319167,-0.7553576472754483,-13.391658583977055,11.784374999999981,-77.40136499835106,-0.5923836203914166,-0.007354584927659742,5131.654576003101
-0.6085979074721319,0.1272866121511725,-0.7358845196233047,-13.40831100789347,11.79062499999998,-77.46063918529327,-0.5931001184528316,-0.0071649806141508895,5117.351875547157
-0.4745456144973019,0.22666800889234887,-0.7012136233896503,-13.42453867679355,11.79687499999998,-77.5199833341404,-0.5937828584899215,-0.006827400370898648,5103.295609674865
-0.5351811734680234,0.14400967185258368,-0.6791908453206069,-13.440006154162973,11.80312499999998,-77.57939468482763,-0.5944441552546346,-0.006612967647130648,5089.2659361854285
-1.1402284333911337,-0.3998940639985045,-0.7403343693926292,-13.454991636468094,11.80937499999998,-77.63887514177623,-0.5951649837170606,-0.0072082846242599715,5075.442018054329
-0.6943251373178796,0.03990971891818851,-0.7342348562360688,-13.471327383374392,11.81562499999998,-77.69842738457739,-0.5958798723061601,-0.007148885890994905,5061.962558733762
-0.061556577730262046,0.5835074400223785,-0.6450640177526408,-13.48753087335072,11.821874999999979,-77.75804677512129,-0.5965079385717977,-0.006280662656375518,5048.6725974344945
-0.29825230410990883,0.3008496376559275,-0.5991019417658363,-13.501770737415727,11.828124999999979,-77.81772673469268,-0.5970912528561456,-0.005833142843479252,5034.97815843153
-0.5035871312480216,0.08286044498622593,-0.5864475762342475,-13.514998590123774,11.834374999999978,-77.87746440959555,-0.5976622452011696,-0.005709923450239926,5020.936964433207
-0.46454254784434057,0.10575854035313624,-0.5703010881974769,-13.52794785502986,11.840624999999978,-77.9372583976334,-0.5982175155559913,-0.005552703548217392,5006.7991083675015
-1.3416199895460517,-0.6691799492758609,-0.6724400402701912,-13.540540979931485,11.846874999999978,-77.997112884997,-0.5988722317158544,-0.006547161598630595,4993.790304943836
-0.7644493730829156,-0.07982824060887908,-0.684621132474037,-13.555384225914128,11.853124999999977,-78.0570334369193,-0.5995388067302903,-0.006665750144359538,4980.427091754826
0.5269282778867505,1.0512202392242254,-0.5242919613374752,-13.570494615465439,11.859374999999977,-78.1170128411501,-0.600049277885883,-0.005104711555928158,4967.267919712882
0.013307494811839099,0.4664818441893905,-0.4531743493775513,-13.582069966550753,11.865624999999977,-78.17703983031814,-0.6004905054747433,-0.004412275888602633,4953.293025185635
-0.46871283625634486,-0.013483125580916293,-0.4552297106754285,-13.592076133396539,11.871874999999976,-78.2371110422729,-0.600933733620631,-0.004432281458877213,4938.7044798868
-0.44436981757598243,0.00942483096358409,-0.45379464853956647,-13.602125713868041,11.878124999999976,-78.29722650715301,-0.6013755639815552,-0.0044183036092424605,4924.0833612252145
-0.3198971943533607,0.11620527719041364,-0.43610247154377446,-13.61214204893267,11.884374999999975,-78.35738529375887,-0.6018001681355486,-0.004246041539933753,4909.588531322453
-0.3668589269056388,0.06009828666154064,-0.42695721356717914,-13.62176747265215,11.890624999999975,-78.41758609555133,-0.6022158677136376,-0.004156995780889557,4895.188748821818
-1.4892986642415076,-0.9220896953753135,-0.5672089688661947,-13.631191405888174,11.896874999999975,-78.47783529495807,-0.6027681204212058,-0.005522527075682537,4881.756638238359
-0.8276755777121356,-0.22609494561173285,-0.6015806321004031,-13.643707934747239,11.903124999999985,-78.53814139286794,-0.6033538377763384,-0.005857173551326713,4868.854836381615
0.04873717178193042,0.5645446300022098,-0.5158074582202788,-13.656986029178915,11.909374999999985,-78.5985018869063,-0.603856042990875,-0.005022052145366208,4856.795087659357
-0.5755930816281023,-0.05190328093368894,-0.5236898006944136,-13.668381222590822,11.915624999999984,-78.65891298513837,-0.6043659216503862,-0.005098786595111391,4844.853665031222
-1.183906615568987,-0.5732267351870504,-0.6106798803819365,-13.679962014734542,11.921874999999984,-78.71937930594592,-0.6049604945004582,-0.005945728500720523,4833.458260642712
-1.3930963300952237,-0.6793824690623607,-0.7137138610328633,-13.693477802697398,11.928124999999984,-78.77991009971262,-0.6056553808335384,-0.006948863330802806,4823.336054268478
-1.6717317389468578,-0.8319328291749984,-0.8397989097718597,-13.709290064419699,11.934374999999983,-78.84051651981268,-0.6064730211676684,-0.008176403341300506,4814.946633080899
-2.185511127073594,-1.1687117009534926,-1.0167994261201019,-13.72791708937193,11.940624999999983,-78.9012133200286,-0.607462983150766,-0.009899619830975823,4808.772873885344
-2.851364520108782,-1.5934229039703942,-1.2579416161383883,-13.750494246592114,11.946874999999983,-78.96202085456517,-0.6086877075804956,-0.012247244297296638,4805.533715220335
-3.693775956810408,-2.11587927614728,-1.5778966806631265,-13.778452152175523,11.953124999999982,-79.02296643555077,-0.6102239121316723,-0.015362045511766053,4806.219085109613
-4.788803683385658,-2.7894526373251667,-1.999351046060492,-13.813549440643843,11.959374999999982,-79.08408615063618,-0.6121703895765135,-0.019464774448412582,4812.176481373994
-6.221475178308569,-3.668376077868272,-2.5530991004402943,-13.858050581706454,11.965624999999982,-79.14542746472777,-0.614655892255236,-0.02485502678722478,4825.254619409856
-8.083823251047852,-4.8059646682825505,-3.2778585827653033,-13.914905920172085,11.971874999999981,-79.20705260085613,-0.6178468303118834,-0.03190938056647382,4848.045308678504
-10.473996784636283,-6.254012809111015,-4.219983975525266,-13.987927981720086,11.97812499999998,-79.26904267640927,-0.6219546807508368,-0.04107850438953439,4884.442267812669
-13.701547467468552,-8.241500806362389,-5.460046661106163,-14.081961737531858,11.98437499999998,-79.33150387310008,-0.627269253065367,-0.05314572314530186,4939.575304432431
-17.743176444939778,-10.67849198746396,-7.064684457475816,-14.203640339472795,11.99062499999998,-79.39457458860672,-0.6341450570675449,-0.0687580400217794,5021.4740113428525
-23.627079601157543,-14.401549975418854,-9.225529625738691,-14.361081591570345,11.99687499999998,-79.45843798351707,-0.643122841139612,-0.08977784072067135,5142.940311113898
-27.012805850564835,-15.469852090331527,-11.542953760233315,-14.566640228511043,12.00312499999998,-79.52331182985651,-0.6543540856490419,-0.11231244509429812,5329.260893431137
-39.40504752071388,-24.238769319951764,-15.166278200762115,-14.82388399541642,12.009374999999979,-79.589484932367,-0.6691079645606443,-0.1475387891160237,5607.01676438478
-47.53263015263686,-28.16904625436674,-19.36358389827013,-15.161709512316461,12.015624999999979,-79.65733735854809,-0.6879405590610909,-0.18832594500446634,6001.384294485664
-58.99458094404485,-34.522430192124894,-24.472150751919955,-15.59279368505504,12.021874999999978,-79.72732113650765,-0.7117350001301053,-0.23794441069014352,6613.243927760066
-41.003718846207114,-14.41292652576052,-26.59079232044661,-16.13707950502808,12.028124999999978,-79.79978695945856,-0.7375814588878301,-0.25846458757724816,7320.013361643987
-20.12636452114563,5.654153084063687,-25.780517605209337,-16.728431574817044,12.034374999999978,-79.87479764876687,-0.7626323272785491,-0.2505086839071905,8117.130916940336
-40.447470725317444,-12.825210088334217,-27.62226063698326,-17.30199329416407,12.040624999999977,-79.95240248653275,-0.7894644280388986,-0.2683210076034949,9232.080180233841
-55.46243322633842,-24.392500721701317,-31.069932504637126,-17.915921446090614,12.046874999999977,-80.03285755022527,-0.819636845811612,-0.3017241777271335,10556.929957067161
-81.6027637583648,-44.3602644559181,-37.24249930244665,-18.60537152003269,12.053124999999977,-80.11662910954064,-0.855794340495786,-0.3615749468417393,12096.429830924493
-52.80256880952821,-13.679557730096294,-39.12301107943194,-19.430208739235532,12.059374999999976,-80.20410730591895,-0.8937695870705336,-0.37975246574747545,13788.508785142854
53.450897760720686,81.57378028598885,-28.122882525268135,-20.295719073033485,12.065624999999976,-80.29484893370932,-0.9210629687368793,-0.2729338166634576,14624.321531497328
4.239610911068127,28.561686834574832,-24.322075923506734,-20.91783684558957,12.071874999999975,-80.38813533267636,-0.9446650106038945,-0.23602041867015147,15842.985257382565
26.208935208401726,44.655711912316185,-18.446776703914495,-21.455178658674722,12.078124999999975,-80.48349681218146,-0.9625645794980688,-0.17899568894174356,16321.025478679801
18.452871009260445,32.65065071592341,-14.19777970666295,-21.86231435961665,12.084374999999975,-80.5804420819106,-0.9763408150847946,-0.1377623558672576,16598.507286603093
11.029364535092709,22.348323507533124,-11.318958972440397,-22.17523672435256,12.090624999999974,-80.67862530718331,-0.9873236903694593,-0.10982875284664735,16723.48532919753
5.105418189443981,14.56571893428182,-9.460300744837838,-22.42425330564711,12.096874999999974,-80.77781665531018,-0.9965032721677457,-0.09179581798286351,16830.976544021916
4.139151620853288,12.072412306432106,-7.933260685578832,-22.631920803768274,12.103124999999984,-80.87785188919081,-1.004201405444955,-0.0769813327720931,17178.92993853689
-6.718994274627015,1.0785793205528011,-7.79757359517983,-22.805590763044307,12.109374999999984,-80.97865037244571,-1.0117682596532607,-0.07566854208305669,18219.221559789436
3.114569331620278,9.703735224510694,-6.5891658928904056,-22.975951653445033,12.115624999999984,-81.08014692913741,-1.018162874180721,-0.06394614527460223,18638.199081762305
6.774805875403137,11.893272155209742,-5.118466279806599,-23.119377238450095,12.121874999999983,-81.1822116026978,-1.023130597027007,-0.04967722846286079,19006.876243883013
7.909134859209194,11.602013652864963,-3.692878793655769,-23.230098089152957,12.128124999999983,-81.28470388446382,-1.0267150382933978,-0.03584441266390705,19401.9490566547
-2.1429374289964143,1.3809098662431682,-3.5238472952395807,-23.309119384870524,12.134374999999983,-81.38754642429167,-1.0301357582634483,-0.03420719970050547,20174.435904391008
32.47155975767373,32.094991681810235,0.37656807586350066,-23.38414533898823,12.140624999999982,-81.49054172067953,-1.0297701694938117,0.00365588769636453,20468.698004945778
18.078401802177737,15.7915105503647,2.2868912518130413,-23.372971014097992,12.146874999999982,-81.59340771326595,-1.0275496822344559,0.02220487259355844,20764.250958586035
13.699942147812274,10.186863604215064,3.513078543597214,-23.319487392056423,12.153124999999982,-81.69599210542904,-1.0241381610273157,0.03411521207140077,21045.658663235918
24.04834530486984,18.33968064679565,5.7086646580741975,-23.2388128412271,12.159374999999981,-81.79812870091007,-1.0185937485933112,0.055444124340045337,21237.55844741626
-0.7822518729709589,-5.798941469406517,5.016689596435552,-23.109638421763677,12.16562499999998,-81.89974442293014,-1.0137206918079946,0.048730567853166644,21967.0809858616
26.070041567729795,18.819795017352323,7.250246550377487,-22.99565668688784,12.17187499999998,-82.00076430645746,-1.006676978738224,0.07043713069770703,22057.027449808094
45.98361941964755,34.63516200017356,11.348457419473984,-22.83246854067733,12.17812499999998,-82.10088066307449,-0.9956501536025247,0.11026825135699199,21815.595735278002
46.75918109790147,31.672114455694793,15.08706664220667,-22.579067947916055,12.18437499999998,-82.19971259745166,-0.9809885339408276,0.14661619661697137,21321.29778256949
35.777815359689214,18.50989420585074,17.267921153838465,-22.243469485090497,12.19062499999998,-82.29697228490252,-0.9642052150762146,0.16783318864613037,20824.712441657448
33.18433307692341,14.239986007481033,18.944347069442358,-21.860086589281526,12.196874999999979,-82.3924720523764,-0.9457901344013924,0.18415080674822273,20304.104127438866
37.84343589202256,16.907197403902508,20.936238488120054,-21.4401115969514,12.203124999999979,-82.48603338219503,-0.9254364619710168,0.2035367243037558,19678.85994218745
43.40413825671571,20.09628282047643,23.307855436239265,-20.97665665267713,12.209374999999978,-82.57744395238626,-0.9027749418534371,0.226615201175797,19050.223015710562
44.42130102793496,18.879825416261202,25.541475611673764,-20.461399362412834,12.215624999999978,-82.6664796897956,-0.8779398063332403,0.2483513552019679,18464.7418516347
54.75293017400825,26.110655374020354,28.642274799987895,-19.89740002060669,12.221874999999978,-82.7528810835242,-0.8500880682389199,0.27851738094320416,17957.10994682712
40.758626653550614,10.825414257621548,29.93321239592908,-19.265532806073914,12.228124999999977,-82.83643448953309,-0.8209800519389892,0.2910801629993079,17528.375871687615
57.031514828881214,24.195455816057216,32.83605901282401,-18.605636404916826,12.234374999999977,-82.91693593381275,-0.7890488336541824,0.31931218284806756,17205.713177701356
60.23493442628822,24.44528360456579,35.78965082172246,-17.882120970364085,12.240624999999977,-82.99410065908661,-0.7542456718231051,0.3480316183107739,16927.203881799913
52.59350867538803,14.97882413143224,37.614684543955775,-17.093789587591537,12.246874999999976,-83.06769637542453,-0.7176686549354081,0.36577016887697034,16874.14613591162
45.052737846218605,6.622833132904305,38.42990471331434,-16.26543064107264,12.253124999999976,-83.1375948226272,-0.6803002891177307,0.3736836581767745,16864.372005362988
49.5744641436931,9.912531904274527,39.661932239418526,-15.419217484759368,12.259374999999975,-83.20369662267339,-0.641735711806367,0.38564577311363596,17135.506667915837
51.54903953511194,10.560106541038266,40.9889329940737,-14.545887926959997,12.265624999999975,-83.26587755325667,-0.6018828998593212,0.39852811947045796,17535.790192645018
48.27235829974853,6.461017618472839,41.8113406812757,-13.643279918859276,12.271874999999975,-83.32403332852593,-0.5612326055258772,0.4065029433344405,18067.237559734614
43.472386181594175,1.470001978759388,42.00238420283478,-12.722455159540331,12.278124999999974,-83.37811488733992,-0.5203985707538902,0.40834034771986993,18782.073914405322
49.75543410580674,6.857705453573982,42.897728652232786,-11.79728123799967,12.284374999999974,-83.42806960618769,-0.47869580620156055,0.41702764552329613,19641.02128310096
45.776430884658254,2.541557689079382,43.23487319557882,-10.852202087850879,12.290624999999974,-83.47383772099086,-0.43666648986165035,0.42029316339910194,20700.98847988998
43.990736339992935,0.666010431546563,43.324725908446396,-9.899499324377443,12.296874999999973,-83.51539856160039,-0.3945503223290943,0.42116167532556026,20751.443112714842
60.994654499946904,15.551688437411466,45.442966062535525,-8.944617511322367,12.303124999999984,-83.55264480758984,-0.3503745974600185,0.4417572486907583,20335.970927660954
53.91529642568691,7.447030743356241,46.4682656823306,-7.94286621064535,12.309374999999983,-83.58542356906945,-0.3052006321321359,0.4517396532788258,20762.892521446247
57.92686967238245,10.06190171949413,47.864967952888264,-6.918361586164663,12.315624999999983,-83.61361690043151,-0.2586659951091228,0.46534637023013065,21711.662998952997
15.643478181622582,-28.252718120644303,43.896196302266844,-5.86296677992883,12.321874999999983,-83.6373494961582,-0.2159859194245485,0.426800756845743,22521.459385622424
12.801018972876156,-27.241368822530823,40.04238779540699,-4.89497808104881,12.328124999999982,-83.65700119975368,-0.17704815248507733,0.38937766939471186,23211.73527618447
0.0772342228430239,-34.982888797534386,35.06012302037738,-4.011915400552684,12.334374999999982,-83.67300111285117,-0.1429501094647412,0.34098043020336116,24156.69345602427
-36.910588744399845,-62.948710372095306,26.03812162769542,-3.2386952765658585,12.340624999999982,-83.68602972512691,-0.11762213605006144,0.2532797341467976,24977.372701619373
-90.18803760322871,-101.5762465484556,11.388208945226902,-2.664368175429308,12.346874999999981,-83.69723795547202,-0.10654247085210408,0.11079665197957353,25672.75541525381
-146.83303459454157,-138.1740579644301,-8.658976630111487,-2.4129490035345333,12.35312499999998,-83.70831349879303,-0.11496839556826965,-0.08425924716165568,24972.378118593315
-115.2606441336958,-93.03388451741019,-22.226759616285612,-2.603357219769259,12.35937499999998,-83.720891939772,-0.13660042401116315,-0.216320284428935,22952.006936717637
-236.5039941210664,-186.90564551995297,-49.59834860111344,-3.092842951995973,12.36562499999998,-83.7369658183195,-0.18487714693873664,-0.48276722927573495,20181.22345770185
-109.9515031835631,-52.62253980494768,-57.32896337861545,-4.185575223985901,12.37187499999998,-83.75824381797273,-0.24068284612568847,-0.5580569918695182,17363.124058413763
-52.66903709596093,4.0584615270067195,-56.72749862296764,-5.448709043307086,12.37812499999998,-83.78507326240663,-0.2959060425524534,-0.5522319642676491,15017.389519304108
-0.944001900181825,48.59696223350255,-49.54096413368436,-6.698642798549368,12.384374999999979,-83.81707531442397,-0.34413499779453804,-0.48228955242084665,13239.353361824451
25.26965732884582,65.15383278572446,-39.88417545687864,-7.790255866377728,12.390624999999979,-83.85343025489544,-0.3829638116349724,-0.38828813840434334,11901.722524578232
37.732933990076965,67.57959904218752,-29.846665052110573,-8.669112115301525,12.396874999999978,-83.89317950125289,-0.4120211155139955,-0.2905730387902311,10902.557112928916
2.7069318894578305,28.336076726687338,-25.62914483722952,-9.326813273064356,12.403124999999978,-83.93562918790148,-0.4369726174578823,-0.24951501943886759,10129.17949274931
30.214276405341387,48.59621899281836,-18.381942587476956,-9.891613516282597,12.409374999999978,-83.98022124738912,-0.4548685722949111,-0.17895954837028802,9538.155435219307
-0.1633485586004984,15.850492775481344,-16.013841334081842,-10.296735158401857,12.415624999999977,-84.02648762648255,-0.47045900957346154,-0.15590437278550393,9055.435264585612
1.4681317323467924,15.206293263577999,-13.738161531231196,-10.64969692969706,12.421874999999977,-84.07420227090313,-0.4838338788381967,-0.1337486926473513,8659.488943321983
6.337708888249548,17.458947560139787,-11.121238671890227,-10.952528729208678,12.428124999999977,-84.12312701288107,-0.4946609607205459,-0.10827081882349193,8332.422502845773
1.3655554740225282,10.857056380801724,-9.491500906779194,-11.197704161670291,12.434374999999976,-84.1730551280545,-0.5039013427479273,-0.09240382027381444,8036.276530695143
3.2907869816718693,11.111970352363498,-7.821183370691626,-11.406974008713972,12.440624999999976,-84.2238259720117,-0.5115155363960673,-0.07614193648139937,7809.6443633209965
2.5666195097323787,9.028852042585742,-6.462232532853363,-11.579439663870993,12.446874999999975,-84.27529208330499,-0.5178066894696886,-0.06291153073621282,7617.233470248323
1.6555667039625472,7.054686950048583,-5.399120246086038,-11.721959486846332,12.453124999999975,-84.32733555919279,-0.5230628282863047,-0.05256138816616108,7448.59785867836
-1.460724891763108,3.422119635601025,-4.882844527364129,-11.841050221748832,12.459374999999975,-84.3798795167033,-0.5278163219239729,-0.047534936376681776,7289.647262364667
-0.5377992960434003,3.7749135767384545,-4.312712872781858,-11.948760733870406,12.465624999999974,-84.43287107037911,-0.5320147515923489,-0.04198429668376047,7164.734765185232
1.3653624415541343,4.932347972022575,-3.5669855304684455,-12.043902083757937,12.471874999999974,-84.48624616731514,-0.5354871871282764,-0.03472435535927468,7053.338665290664
5.47149294876206,7.850387622084408,-2.378894673322349,-12.122602719422675,12.478124999999974,-84.53991067703078,-0.5378030071844048,-0.023158200561283943,6956.859564850527
-1.9831147427269769,0.34372706918772594,-2.326841811914704,-12.17511224576547,12.484374999999973,-84.59380423434457,-0.5400681390915756,-0.02265131907170801,6862.69949789363
1.6965127763224739,3.493676619184838,-1.797163842862366,-12.226465870075307,12.490624999999973,-84.6478985227963,-0.541817629942727,-0.017494908511513568,6777.196412248478
-2.6452998237386223,-0.7363886543904622,-1.9089111693481586,-12.266136711346705,12.496874999999973,-84.70217319899551,-0.5436758940415392,-0.018582640988121756,6693.647828138894
-3.410443484804519,-1.3035721349076337,-2.106871349896885,-12.30826004258587,12.503124999999983,-84.75664333654775,-0.5457268570032743,-0.02050962961735164,6613.510385110931
-1.9143867122010172,0.16709937042733097,-2.0814860826283486,-12.354735416566461,12.509374999999983,-84.81131733445595,-0.5477531011606394,-0.02026244157365046,6539.219435948695
-1.1575011813231102,0.8020309953078905,-1.9595321766310005,-12.40064040081073,12.515624999999982,-84.86618802066343,-0.5496606229890609,-0.01907521828421531,6469.663892696182
-1.321303236933856,0.5539452852191681,-1.8752485221530244,-12.44384663097649,12.521874999999982,-84.92124535656609,-0.5514860950641358,-0.01825472075074841,6403.241210004647
-1.4843518035358387,0.3392491299577369,-1.8236009334935739,-12.485184258775295,12.528124999999982,-84.97648272576865,-0.5532612889870154,-0.017751939228796202,6339.999247974873
-1.4469624247075188,0.3268503774245979,-1.773812802132116,-12.52537260744088,12.534374999999981,-85.03189519104141,-0.5549880164684103,-0.017267274813948765,6280.25096493862
-1.403589951726886,0.3212606458868286,-1.7248505976137136,-12.564452842098767,12.54062499999998,-85.08747794601281,-0.5566670829596356,-0.016790664912253176,6224.311905839445
-1.388006725727677,0.2922773744670892,-1.6802841001947664,-12.602443444124198,12.54687499999998,-85.14322643859963,-0.5583027687765536,-0.016356858169179353,6171.769412596048
-1.3884333126332946,0.25322203973002017,-1.6416553523633153,-12.63944165043292,12.55312499999998,-85.19913661979906,-0.5599008552120638,-0.01598086435510148,6122.383295463538
-1.332874891420812,0.26789712405712574,-1.6007720154779368,-12.675578756669411,12.55937499999998,-85.25520461998507,-0.5614591485079468,-0.015582932958829798,6075.827467501789
-1.3292132722796806,0.2355919776379113,-1.5648052499175915,-12.71080558094459,12.56562499999998,-85.31142669919137,-0.5629824356181905,-0.015232871102437148,6032.092351555179
-1.3733045728156614,0.1661284473037798,-1.5394330201194395,-12.745231039428031,12.571874999999979,-85.36779987250966,-0.5644810307475524,-0.014985951293619529,5990.9579316107365
-1.2293407422335842,0.26900193898432523,-1.4983426812179086,-12.779089230460226,12.578124999999979,-85.42432090571492,-0.5659396333575097,-0.014586026099573034,5951.995981796152
-1.1451727216097844,0.3063631487123925,-1.4515358703221761,-12.812034414278841,12.584374999999978,-85.4809855213297,-0.5673526789381262,-0.014130455806165237,5915.4037301208045
-1.2882383011848955,0.14164732813883738,-1.4298856293237336,-12.843941307246995,12.590624999999978,-85.53779038814172,-0.5687446573021805,-0.013919783640542482,5880.75322726718
-1.3565903980697538,0.06357155150977689,-1.420161949579531,-12.875365039026429,12.596874999999978,-85.59473397996979,-0.5701271792593581,-0.013825219571775495,5848.022990172677
-1.2265465517723686,0.16794067206186944,-1.3944872238342383,-12.906569194686796,12.603124999999977,-85.65181457477411,-0.5714847168270948,-0.013575375677367172,5817.24084238039
-1.198607592913481,0.16990288603569248,-1.3685104789491742,-12.937203005834887,12.609374999999977,-85.70902965941879,-0.5728169760664592,-0.013322592393643801,5788.271008168341
-1.1483929102178736,0.19092649335065784,-1.339319403568531,-12.967260591565626,12.615624999999977,-85.76637654960906,-0.5741208277391413,-0.013038516726821483,5760.918220957757
-1.5158061684678867,-0.15309856701430202,-1.3627076014535844,-12.99667189435892,12.621874999999976,-85.8238549639437,-0.5754474589536177,-0.013266312144763556,5735.141793307227
-2.2975989770207628,-0.8109526475709753,-1.4866463294497867,-13.026596437820391,12.628124999999976,-85.88147207487313,-0.5768947596350296,-0.014473006814118627,5711.22363476394
-2.506581811538484,-0.8847151916109239,-1.6218666199275606,-13.059250921427724,12.634374999999975,-85.93924049860411,-0.5784737149844996,-0.01578955349470071,5689.580020403548
2.2381893768668943,3.348231828502436,-1.1100424516355418,-13.09488470242329,12.640624999999975,-85.99714190420345,-0.5795543970023379,-0.010806820178383077,5667.882522318813
0.0773020656498336,1.0299027677052048,-0.9526007020553713,-13.11923891178248,12.646874999999975,-86.05514371451824,-0.5804818092934366,-0.00927412291098726,5646.523606431777
-1.9983338189005253,-0.9070847231239156,-1.0912490957766092,-13.140124252899673,12.653124999999974,-86.11324501561437,-0.5815442126290928,-0.010624033356562474,5624.560045519615
-1.476101459595499,-0.33382592577991693,-1.1422755338155828,-13.164066691169433,12.659374999999974,-86.17145504137594,-0.5826563026022473,-0.011120899731544665,5604.104427436611
-0.7528556967738551,0.3377620127365424,-1.0906177095103982,-13.189135849033681,12.665624999999974,-86.22977376191946,-0.5837181082683314,-0.01061805666084056,5585.244195978573
-0.7962053183698553,0.2553492271992521,-1.0515545455691082,-13.213069386596791,12.671874999999973,-86.28819676186423,-0.5847418906270044,-0.010237823586730884,5567.273727201727
-1.5226188736686774,-0.40857086241899293,-1.1140480112496853,-13.236145464764652,12.678124999999973,-86.34672518259643,-0.5858265240169668,-0.010846333899623023,5550.0385053707705
-1.4132594789680337,-0.2595134923457697,-1.1537459866222644,-13.260602749285976,12.684374999999973,-86.40536399955796,-0.5869498152136585,-0.011232911966917176,5533.736568912903
-0.9076714289733712,0.213409859593003,-1.1210812885663757,-13.285939367606693,12.690624999999972,-86.46411355588506,-0.5880413113282686,-0.010914961146100952,5518.43696192976
-0.7226444036074853,0.3455458870398011,-1.0681902906472873,-13.310561038826025,12.696874999999972,-86.52296968739492,-0.5890813188688202,-0.010400075405515507,5503.750568133741
-0.8144606909190643,0.22004310701128252,-1.0345037979303462,-13.334022426365065,12.703124999999982,-86.58192818007352,-0.5900885347031172,-0.010072158342969836,5489.3982403173295
-0.8810381283083837,0.13308749803479245,-1.0141256263431762,-13.356747121789063,12.709374999999982,-86.64098640257679,-0.5910759153621622,-0.0098738065904497,5475.392822833432
-0.8511460441179894,0.141337528182939,-0.9924835723009282,-13.379028718057482,12.715624999999982,-86.70014230982622,-0.5920422296265633,-0.009663142644010385,5461.7627112481805
-0.7953121411037372,0.17098926280437465,-0.9663014039081117,-13.400839605631784,12.721874999999981,-86.7593935741281,-0.5929830564109552,-0.009408267843918917,5448.395579823028
-0.809629317633745,0.13586685791938896,-0.9454961755531343,-13.422079914133116,12.72812499999998,-86.81873790846089,-0.5939036302448255,-0.009205738338703336,5435.121483378523
-0.7945925323313602,0.1308645258258239,-0.9254570581571838,-13.442868266503263,12.73437499999998,-86.87817332479496,-0.5948046964364919,-0.009010661916664013,5421.975585242176
-0.7498156582541369,0.15231829226957522,-0.9021339505237117,-13.463221609976904,12.74062499999998,-86.93769771246465,-0.5956830569574008,-0.008783605209088205,5408.99155870356
-0.7214262385044843,0.15671287796285652,-0.878139116467341,-13.483067573154026,12.74687499999998,-86.99730876817328,-0.5965380572150982,-0.008550002576974938,5396.131032304738
-0.7057359451292742,0.14951222888123894,-0.8552481740105135,-13.502391292081885,12.75312499999998,-87.05700420960834,-0.5973707714860919,-0.008327142709936335,5383.34140781124
-0.742663406560459,0.09763689895416527,-0.8403003055146245,-13.521216972097884,12.759374999999979,-87.1167821948372,-0.5981889330911062,-0.008181616050143318,5370.5718078377795
-0.7254987141841625,0.0995608677927928,-0.8250595819769557,-13.539719480142685,12.765624999999979,-87.17664125431521,-0.5989922564691033,-0.008033233779970457,5357.780971778045
-0.65544662355368,0.14709837846541723,-0.802545002019098,-13.557892117674145,12.771874999999978,-87.23657955008876,-0.5997736590019735,-0.00781402532870335,5344.921892995267
-0.6446381231717279,0.13694865359350572,-0.7815867767652332,-13.575574278540078,12.778124999999978,-87.29659496582342,-0.6005346556910137,-0.007609966890401701,5331.306443879796
-0.455125691411235,0.2831372869607336,-0.7382629783719681,-13.592799901637965,12.784374999999978,-87.35668437210083,-0.6012534698571201,-0.007188141661063652,5317.830173201599
-0.5896301290985599,0.1289111742730275,-0.7185413033715874,-13.609075674801002,12.790624999999977,-87.41684469967366,-0.6019530815994298,-0.006996117423097222,5303.51179282761
-0.45610012605991546,0.22762403324864355,-0.683724159308559,-13.624921280789113,12.796874999999977,-87.4770732934004,-0.602618792935198,-0.00665711335768176,5289.431109501021
-0.5167942660276144,0.14478805785924598,-0.6615823238868601,-13.640003529675539,12.803124999999977,-87.53736738030194,-0.6032629450956578,-0.006441521604597158,5275.366577715181
-1.1220048451539781,-0.39936058697307164,-0.7226442581809066,-13.654601208714459,12.809374999999976,-87.59772885503352,-0.6039665495358149,-0.007036044401570436,5261.511758477194
-0.6758104168388754,0.04062496842578587,-0.7164353852646618,-13.670547394421149,12.815624999999976,-87.65816038789282,-0.6046641076500923,-0.006975581142774462,5247.9884401889785
-0.04211779795013745,0.5849294125280398,-0.6270472104781775,-13.686358944084976,12.821874999999975,-87.71865732486833,-0.605274631860132,-0.006105242100397147,5234.643563449872
-0.2786343433990095,0.30223856218096035,-0.5808729055799691,-13.7002020997673,12.828124999999975,-87.77921306633552,-0.6058401974835996,-0.005655656234676577,5220.892617741131
-0.4840037427246344,0.08403532233940415,-0.5680390650640392,-13.713028579241001,12.834374999999975,-87.83982473953245,-0.606393266455099,-0.005530689714993344,5206.801590603105
-0.44514885704034024,0.10661319447102068,-0.5517620515113615,-13.725572518780389,12.840624999999974,-87.9004909271744,-0.6069304863841162,-0.005372199290172099,5192.6034872768305
-1.322345436627225,-0.6685418594520882,-0.6538035771751368,-13.737757436299432,12.846874999999974,-87.96121580435823,-0.6075670572926255,-0.006365709085093151,5179.528114242038
-0.7443715193805378,-0.07857768771609679,-0.665793831664441,-13.752190314472848,12.853124999999974,-88.02200492228688,-0.6082153012802881,-0.006482439876626574,5166.077956103191
0.5473090992162181,1.0525681477435296,-0.5052590485273107,-13.766886110478133,12.859374999999973,-88.08285104941328,-0.6087072412477015,-0.004919399674133941,5152.812814621746
0.034356816368806206,0.4682314795199751,-0.43387466315116874,-13.77804231162597,12.865624999999973,-88.14374289537248,-0.6091296779362578,-0.004224366885563928,5138.749391807455
-0.44771629357201487,-0.012010685032823319,-0.43570560853919166,-13.787623421415137,12.871874999999973,-88.20467707410472,-0.6095538967086643,-0.0042421877240652085,5124.1213755187355
-0.422755384041577,0.011238821961404168,-0.4339942060029808,-13.797242971291766,12.878124999999972,-88.26565359137342,-0.6099764486653576,-0.00422551956693271,5109.482722934805
-0.29879160156744605,0.11733795099423844,-0.41612955256168443,-13.8068231618253,12.884374999999972,-88.3266714941321,-0.6103816065081729,-0.004051578428153009,5094.968838292223
-0.34581038835656686,0.06103182034770565,-0.4068422087042729,-13.8160086249186,12.890624999999972,-88.38772946053032,-0.6107777214563058,-0.003961149481329334,5080.549051042588
-1.4674282953208135,-0.9205660948486221,-0.5468622004721915,-13.824989466372028,12.896874999999971,-88.44883385479827,-0.6113101639024843,-0.005324424461785009,5067.121158701368
-0.8056778453698862,-0.22466186329463309,-0.5810159820752534,-13.837057819182053,12.903125000000006,-88.50999315593756,-0.6118758588835922,-0.005656949811079246,5054.216145959024
0.0708639179689009,0.5659006662292414,-0.4950367482603404,-13.849882992644059,12.909375000000006,-88.57120484093814,-0.6123578411279386,-0.004819822443463506,5042.148006899234
-0.5534383897204349,-0.05070178347846038,-0.5027366062419747,-13.860820826969553,12.915625000000006,-88.63246509895386,-0.6128473191863959,-0.004894780584573885,5030.200848458489
-1.162168777047289,-0.5725455268201498,-0.5896232502271391,-13.871940403932342,12.921875000000005,-88.69377853445252,-0.6134213907869488,-0.005740716005528751,5018.810428650857
-1.372933240372461,-0.6801584212538898,-0.6927748191185716,-13.884992945492991,12.928125000000005,-88.75515439851401,-0.6140958904428907,-0.006744996559419417,5008.705044025352
-1.6505261472795034,-0.831701469538753,-0.8188246777407497,-13.900344908788046,12.934375000000005,-88.81660384853426,-0.6148931099621251,-0.007972195192343913,5000.346481375083
-2.1629447603187097,-1.1673291293873862,-0.9956156309313233,-13.91851135625781,12.940625000000004,-88.87814162639616,-0.615862447275936,-0.009693373138108917,4994.217505562341
-2.828743163731918,-1.592174518541193,-1.236568645190725,-13.94062399331135,12.946875000000004,-88.93978806691541,-0.6170663631090506,-0.01203915833114593,4991.046661357864
-3.670950163497541,-2.114617592599694,-1.5563325708978473,-13.968114113246914,12.953125000000004,-89.00157046373738,-0.6185815733302629,-0.015152102212122537,4991.833389296428
-4.765041540652179,-2.7875435282662004,-1.9774980123859767,-14.002740594709817,12.959375000000003,-89.06352488118655,-0.6205067756532426,-0.019252023229797938,4997.935134356123
-6.195622861452997,-3.664901865676046,-2.530720995776952,-14.046766112361055,12.965625000000003,-89.12569874460496,-0.6229704927149964,-0.02463717061753716,5011.21542194245
-8.056935100258107,-4.802046376850927,-3.254888723407181,-14.103136252979704,12.971875000000002,-89.18815422274146,-0.6261390700149085,-0.03168577299912168,5034.277232127597
-10.446736336020352,-6.250284971605084,-4.196451364415264,-14.175662620925818,12.978125000000002,-89.25097237689981,-0.6302240131519768,-0.040849431370683004,5071.022604838176
-13.67321999470742,-8.237334413351117,-5.435885581356298,-14.269191492483161,12.984375000000002,-89.31425933096344,-0.635515068120686,-0.05291054968709225,5126.59933974519
-17.713233156810276,-10.673466935397549,-7.039766221412723,-14.390355359823628,12.990625000000001,-89.37815341537434,-0.6423666200974153,-0.06851551976729235,5209.065526035254
-23.597726269419496,-14.39769595095364,-9.20003031846585,-14.54727012393582,12.996875000000001,-89.44283772586068,-0.6513195896293996,-0.08952969531984326,5331.281930138466
-26.98279591274227,-15.465932233825246,-11.516863678917023,-14.75229540767201,13.003125000000008,-89.50852997777223,-0.66252544860159,-0.11205858972190366,5518.7292284560235
-39.37147370647431,-24.232262665225015,-15.13921104124929,-15.008999881676873,13.009375000000007,-89.57551890002031,-0.677252996360048,-0.14727547758457993,5797.819956404808
-47.495326722092756,-28.160142022967264,-19.335184699125488,-15.346272561408435,13.015625000000007,-89.64418444835961,-0.6960579704259493,-0.18804974065901323,6193.88661573894
-58.949454207865365,-34.50786380210968,-24.441590405755665,-15.776782140164833,13.021875000000007,-89.71497848175387,-0.7198226974594778,-0.23764727033528482,6807.734306005246
-40.95340714399759,-14.395706805431805,-26.557700338565766,-16.320450864864195,13.028125000000006,-89.7882514661544,-0.7456369905511858,-0.2581429309170799,7516.113750859987
-20.132275215735575,5.620074653130113,-25.75234986886569,-16.91113195130481,13.034375000000006,-89.8640663401029,-0.7706604884186743,-0.2502349786748852,8314.476262776847
-40.49240717495357,-12.88917734680136,-27.603229828152205,-17.48412980378024,13.040625000000006,-89.94247306966201,-0.79747410276378,-0.26813614345105646,9430.844649782659
-55.49263635343477,-24.435654839343105,-31.056981514091596,-18.09769113460736,13.046875000000005,-90.02372847198322,-0.8276339436602078,-0.301598408964279,10757.599216754012
-81.5823207268677,-44.35368942580872,-37.22863130105897,-18.78690188596914,13.053125000000005,-90.10829906788456,-0.8637779743665112,-0.36144030706303293,12299.08971916901
-52.764128167217706,-13.657946513792735,-39.10618165342493,-19.61147153248555,13.059375000000005,-90.19657481086516,-0.9017368852455979,-0.3795891087908675,13992.39639465519
53.50861240947952,81.60980240647382,-28.101189996994314,-20.476640473662393,13.065625000000004,-90.28811211583832,-0.9290092142174712,-0.2727232897187326,14827.350919446906
4.28709784272129,28.58444746522991,-24.297349622508648,-21.098300366694964,13.071875000000004,-90.3821919396384,-0.952587261784279,-0.23578047566807825,16042.338624815904
26.266243790161763,44.68450360524578,-18.418259815084017,-21.63510838248852,13.078125000000004,-90.47834426071356,-0.9704591597186716,-0.17871897934392642,16518.48198231391
18.498553141215876,32.66583847664915,-14.16728533543329,-22.04162055703574,13.084375000000003,-90.57607750901639,-0.9842058063379102,-0.13746646619238656,16794.561696780576
11.061501860892717,22.349778938724924,-11.288277077832198,-22.353871111216336,13.090625000000003,-90.67504574487018,-0.9951589107379203,-0.10953104400010125,16917.666136887874
5.080135315678896,14.516087261998939,-9.435951946320037,-22.60220808173687,13.096875000000002,-90.77501943371949,-1.0043148662484478,-0.0915595551052741,17023.52725125388
4.138263396511515,12.05000928875066,-7.911745892239144,-22.809332542919844,13.10312500000001,-90.8758347831515,-1.0119921223916357,-0.07677256143187826,17369.49462011945
-6.7133632561407754,1.0644667301673145,-7.77782998630809,-22.98251931689124,13.109375000000009,-90.97741138012994,-1.0195398171770704,-0.075476947854347,18408.166004458064
3.135964310234467,9.705204923543077,-6.569240613308614,-23.152433696873008,13.115625000000009,-91.07968412572568,-1.0259150947377054,-0.06375277560634848,18825.899028816904
6.826011486380848,11.921112531576425,-5.0951010451955785,-23.295406551674443,13.121875000000008,-91.18252288748639,-1.0308601404765454,-0.04945045738840065,19193.2537603421
7.9728987898465,11.637994720800558,-3.6650959309540676,-23.405596752802605,13.128125000000008,-91.28578677524496,-1.0344176146949686,-0.03557474218423245,19587.337918742738
-2.0911601119463494,1.40229523896261,-3.4934553509089574,-23.48398803509864,13.134375000000007,-91.38939809758759,-1.0378088321576202,-0.033912174626516425,20358.873832399444
32.51435193932368,32.10605141880464,0.40830052051904536,-23.55832459031425,13.140625000000007,-91.49315916100257,-1.0374124361418502,0.00396396015770032,20652.294630547818
18.118133763589114,15.798650249259286,2.3194835143298276,-23.54642959945817,13.146875000000007,-91.5967877979594,-1.0351603029948226,0.02252133147027482,20945.679329700946
13.724869701955699,10.180026400059992,3.544843301895707,-23.492204855684335,13.153125000000006,-91.70013170987396,-1.031717935296427,0.03442367698395571,21225.046791074357
24.067455154868785,18.328383014269857,5.739072140598927,-23.410806193610167,13.159375000000006,-91.80302480615265,-1.0261439902774319,0.05573945018995066,21415.596564232623
-0.7477095880461415,-5.79524303509996,5.04753344705382,-23.280936699961384,13.165625000000006,-91.9053940543031,-1.0212409727316074,0.04903017545824433,22142.867366060433
26.102331837807778,18.821092043075478,7.2812397947323095,-23.166249829265233,13.171875000000005,-92.00716446040487,-1.0141671493036828,0.07073823427924655,22231.492530066716
45.997710378283756,34.62005262725645,11.377657751027298,-23.002353307501316,13.178125000000005,-92.10802841544093,-1.00311195141757,0.11055197886112925,21988.94833139821
46.767386132376195,31.65334050652313,15.114045625853073,-22.748284453603528,13.184375000000005,-92.20760521869005,-0.9884241135647254,0.14687837852844593,21493.67122411702
35.78039950056563,18.48807622969577,17.292323270869893,-22.41206787614807,13.190625000000004,-92.30560727823816,-0.9716170773975222,0.16807036167203113,20996.310480651257
33.18347905094751,14.217396010846276,18.966083040101214,-22.02812545652469,13.196875000000004,-92.40184717550856,-0.9531808680107013,0.1843620938682092,20474.98298177088
37.8569179690996,16.89981653796847,20.957101431131107,-21.607652098383294,13.20312500000001,-92.4961465645673,-0.9328069131638725,0.20373954846828807,19848.92243935303
43.4253423890913,20.096589797567955,23.328752591523365,-21.14372098437494,13.20937500000001,-92.58829316399432,-0.9101250753767345,0.2268183778713805,19219.621819287517
44.43366786391067,18.87219964215729,25.56146822175338,-20.627990181912587,13.21562500000001,-92.6780629427699,-0.885270500134719,0.24854575242015534,18633.489992823947
54.803058410763676,26.137591783339698,28.665466627424006,-20.063540963236665,13.22187500000001,-92.76519627829241,-0.8573962103154329,0.27874289819286074,18126.091565459035
40.7909964350889,10.83361439050428,29.957382044584588,-19.431157117468107,13.22812500000001,-92.84947932334185,-0.8282646906735379,0.2913151964189501,17696.70626928493
57.055425131746034,24.195224512515114,32.86020061923095,-18.770726091707665,13.234375000000009,-92.93070805767734,-0.7963099960359926,0.3195469463754532,17372.424643836526
60.243767037711386,24.431624634153987,35.81214240355743,-18.046679839928363,13.240625000000009,-93.00859780560765,-0.7614849625703937,0.34825033465598915,17092.225562074742
52.59810984767401,14.9628754726647,37.635234375009354,-17.257856704474815,13.246875000000008,-93.08291645187393,-0.7248879627551091,0.36596999815284553,17037.122887801852
45.05252382339379,6.604340888931959,38.44818293446186,-16.429050927133954,13.253125000000008,-93.15353594119222,-0.6875018236106579,0.3738613914445117,17025.141067651675
49.57331047012863,9.895244689535645,39.678065780592966,-15.582442502220964,13.259375000000007,-93.22035711032956,-0.6489215591362942,0.38580264474363674,17294.197688813907
51.54437677397918,10.54162789439843,41.00274887958072,-14.70876577215136,13.265625000000007,-93.28325595399882,-0.6090553142490186,0.39866244887275615,17692.484195214067
48.25993136875931,6.437730499441866,41.82220086931745,-13.805861805195384,13.271875000000007,-93.34212844277631,-0.5683944613007766,0.4066085294824196,18222.10646724688
43.45539137230894,1.4453198259050553,42.01007154640387,-12.884805650331801,13.278125000000006,-93.39692581349227,-0.5275529530184032,0.4084150828237338,18935.01452528757
49.74711087311594,6.843540400060128,42.903570473055815,-11.959468961798255,13.284375000000006,-93.44759568661198,-0.48584450937568824,0.4170844364271495,19791.592806616136
45.77058537686684,2.531234599593519,43.2393507772734,-11.014265700079513,13.290625000000006,-93.49407845409608,-0.4438108403065213,0.42033669069166923,20850.3136214777
43.9868520828818,0.6586375867622333,43.32821449611953,-10.061466166450824,13.296875000000005,-93.5363535601865,-0.40169128150166533,0.4211955880485596,20898.443613650503
61.02842143749643,15.57833649902578,45.45008493847062,-9.106505982444508,13.303125000000009,-93.57431355607541,-0.35750863627654894,0.44182645225116396,20478.96192520699
53.90439162399832,7.431191339771876,46.47320028422652,-8.104592306863527,13.309375000000008,-93.60780548157885,-0.31232987379233396,0.4517876248421499,20903.077213106943
57.92909099443364,10.059520028052523,47.8695709663812,-7.079968956686322,13.315625000000008,-93.63671151335294,-0.26579076168929383,0.46539112103040103,21850.144648823683
15.65453885655458,-28.247054720635063,43.90159357718968,-6.024457932860093,13.321875000000007,-93.66115632335033,-0.22310543825840873,0.42685323430885097,22655.36419126187
12.805479363042013,-27.242189159744967,40.04766852278703,-5.0563306763115445,13.328125000000007,-93.6815197220766,-0.18416253626722565,0.3894290199118307,23343.527851638475
0.06490925434827836,-34.998301293300685,35.06321054764898,-4.173127508447731,13.334375000000007,-93.69823092341217,-0.15006149044402795,0.34101045823197706,24288.659534960112
-36.92844858215928,-62.967032919040406,26.038584336881105,-3.3998115994124007,13.340625000000006,-93.71197065128136,-0.12473306693981676,0.25328423504211184,25109.888302607484
-90.23587001295077,-101.61845590762681,11.38258589467606,-2.825444471070466,13.346875000000006,-93.72389024825064,-0.11365887244561934,0.11074194494197413,25807.046476510273
-146.86768637071535,-138.19940988629543,-8.668276484419936,-2.574119605234401,13.353125000000006,-93.73567788420868,-0.12209384671528548,-0.08434974269666129,25109.21260630304
-115.29285342179816,-93.0538791886347,-22.23897423316346,-2.764706733224764,13.359375000000005,-93.74896946469161,-0.14373776294318574,-0.2164391622790026,23090.421206365263
-236.5193203824,-186.90836086716806,-49.610959515231926,-3.2544432440280504,13.365625000000005,-93.76575769087614,-0.19202676074732164,-0.4828899780413589,20325.672972842713
-109.95798852850729,-52.617200058575165,-57.340788469932164,-4.347440802905665,13.371875000000005,-93.7877512274548,-0.2478439708259767,-0.5581721007865507,17511.687040725308
-52.66388219353295,4.073259153903905,-56.73714134743691,-5.610826475200566,13.378125000000004,-93.81529725370966,-0.3030765542710375,-0.5523258344506083,15168.379922375683
-0.9388097886605504,48.60988608093661,-49.548695869597175,-6.860966948037031,13.384375000000004,-93.84801673324756,-0.35131303648704826,-0.4823648221601073,13391.914759790176
25.278710177068596,65.16845083188213,-39.88974065481348,-7.952746628409452,13.390625000000004,-93.88508974848524,-0.3901472682666055,-0.3883423177955727,12055.778933167394
37.73967252367071,67.59031165382683,-29.85063913015609,-8.831723278610003,13.396875000000003,-93.92555753395459,-0.4192084411203771,-0.290611728537716,11057.12803507958
2.716380532544969,28.347760502457646,-25.63137996991267,-9.489510866317113,13.40312500000001,-93.96872606196557,-0.44416211909931463,-0.24953677978937525,10284.420199414773
30.224397704930325,48.60697184818299,-18.38257414325265,-10.054360033502439,13.40937500000001,-94.01403710236028,-0.46205868879484313,-0.17896569695528472,9692.964599414054
-0.15564861139859174,15.857741316750387,-16.013389928148968,-10.45949585427579,13.41562500000001,-94.06102247113014,-0.47764868660257953,-0.15589997807736405,9210.682936003985
1.4742853272713972,15.211253160869441,-13.736967833598056,-10.812448369938387,13.421875000000009,-94.10945602514707,-0.4910223937358496,-0.13373707133270057,8814.736512101135
6.350402505221318,17.46894839759847,-11.118545892377167,-11.115254861834824,13.428125000000009,-94.15909948753699,-0.5018468540627103,-0.10824460326860795,8488.081329765484
1.3703882801303149,10.85891706803221,-9.488528787901888,-11.360372158889415,13.434375000000008,-94.20974604737039,-0.5110843426052649,-0.09237488542554627,8192.479782633123
3.294998827038498,11.113048050440453,-7.818049223401958,-11.569577847454482,13.440625000000008,-94.26123503875326,-0.5186954850521666,-0.0761114244690159,7965.981314649106
2.5718531151496267,9.03067681021401,-6.458823695064385,-11.741975845740964,13.446875000000007,-94.3134189789825,-0.5249833195326817,-0.0628783448051518,7773.608139087743
1.6623244484350186,7.057597234995382,-5.3952727865603665,-11.884421982139212,13.453125000000007,-94.36617993059811,-0.5302357127795685,-0.05252393246886786,7604.917712365447
-1.4566757353573574,3.422294861070712,-4.8789705964280685,-12.003429348932862,13.459375000000007,-94.4194409879926,-0.5349854351101729,-0.04749722330604409,7446.082934565926
-0.5314473370650385,3.7770664032374297,-4.308513740302465,-12.111055863023676,13.465625000000006,-94.47314924859408,-0.5391797769194907,-0.04194341809317785,7321.114524363095
1.3721140538857617,4.934565180257374,-3.562451126371608,-12.206105976054893,13.471875000000006,-94.52724062735228,-0.5426477982446551,-0.03468021325164487,7209.596948555372
5.474979148340753,7.8494771752998265,-2.3744980269590736,-12.284707893698815,13.478125000000006,-94.58162098417593,-0.544959338228218,-0.02311539983562804,7113.017424914546
-1.9785367847168618,0.34388450232199785,-2.3224212870388623,-12.337121629428854,13.484375000000005,-94.63622995942967,-0.547220166846746,-0.022608286185280487,7018.760618274025
1.7036130336029989,3.496003531138121,-1.7923904975351237,-12.388378815722369,13.490625000000005,-94.69103921832071,-0.5489650109741094,-0.01744844127363443,6933.134851998937
-2.6448112566451876,-0.7401089490610921,-1.9047023075840965,-12.427945312643695,13.496875000000005,-94.74602842776343,-0.5508191778803238,-0.01854166906214302,6849.446443748961
-3.40601911330275,-1.303385052791529,-2.102634060511222,-12.469976602045847,13.503125000000011,-94.80121268745717,-0.5528660159942895,-0.02046838113965721,6769.244885585315
-1.9083216063934003,0.16868605625516972,-2.0770076626485694,-12.516359165331771,13.509375000000011,-94.85660038328625,-0.5548879005874019,-0.020218845931123816,6694.910906031858
-1.151855594026314,0.8030440955312532,-1.954899689557566,-12.562165879782253,13.51562500000001,-94.91218432395988,-0.5567909128852744,-0.019030122978724567,6625.281381630626
-1.3144233712147926,0.5558958606586388,-1.870319231873431,-12.60527029894889,13.52187500000001,-94.96795444892977,-0.5586115865127573,-0.01820673627482941,6558.786862342775
-1.477631946077192,0.34080310693270544,-1.8184350530098985,-12.64649942966818,13.52812500000001,-95.02390411583951,-0.5603817516821018,-0.01770165169344518,6495.493937469164
-1.4412989135270002,0.3272822262334986,-1.7685811397604976,-12.686573924375118,13.53437500000001,-95.08002837274232,-0.5621033863740097,-0.017216346919079372,6435.703291635436
-1.3987321568229545,0.3209362253425336,-1.7196683821654883,-12.725538715991705,13.54062500000001,-95.1363224124713,-0.5637774082055286,-0.01674021831518886,6379.717966582433
-1.3813598823969098,0.29354824238403937,-1.6749081247809487,-12.76341482993742,13.546875000000009,-95.19278167591841,-0.5654078607367566,-0.01630452531228074,6327.12852759238
-1.3808019329427883,0.25517896415960073,-1.6359808971023886,-12.80029414888763,13.553125000000009,-95.249402090121,-0.5670004233149186,-0.015925625781619407,6277.693567589127
-1.323267280457133,0.271309596214648,-1.5945768766717792,-12.836305667136582,13.559375000000008,-95.30617974558017,-0.56855268586865,-0.015522625537314512,6231.076148931509
-1.319420105890141,0.2387135582490603,-1.5581336641392014,-12.871395313096299,13.565625000000008,-95.36311085379394,-0.570069478406728,-0.015167925380778645,6187.271136911369
-1.3648139346560686,0.1677065785682094,-1.5325205132242767,-12.905672985768808,13.571875000000007,-95.42019239493445,-0.5715613444033317,-0.01491865996603726,6146.008998889482
-1.2230225042897713,0.2684864349674694,-1.4915089392572412,-12.939377982532069,13.578125000000007,-95.47742112688064,-0.5730132945205152,-0.014519501171834386,6106.933417300888
-1.1366621329949027,0.30781782860736057,-1.444479961602264,-12.972171617813542,13.584375000000007,-95.53479276517135,-0.5744194712935206,-0.014061767730053975,6070.221787065765
-1.2801530874718399,0.1425402564512514,-1.422693343923091,-13.003921985249637,13.590625000000006,-95.59230396113826,-0.5758044480446762,-0.013849767511556562,6035.458675483341
-1.3460147450773772,0.06650650202903065,-1.4125212471064093,-13.035186114691514,13.596875000000006,-95.64995316013092,-0.5771795318086671,-0.013750837639908585,6002.677075546637
-1.2170866940064897,0.16951872703645376,-1.3866054210429446,-13.066220724159855,13.603125000000013,-95.70773860654222,-0.5785293964173349,-0.013498646086677652,5971.842499893561
-1.1900317179755608,0.17050499763617047,-1.3605367156117323,-13.096679623995419,13.609375000000012,-95.76565777101884,-0.5798538931148393,-0.01324496697504289,5942.818310223003
-1.137985001951097,0.1930379896863448,-1.3310229916374428,-13.126560229914718,13.615625000000012,-95.8237079490786,-0.5811496680803933,-0.01295774965554039,5915.420725552467
-1.5041745038114493,-0.15020542435050718,-1.3539690794609422,-13.155787410291122,13.621875000000012,-95.88188882208846,-0.582467792116931,-0.013181240365377626,5889.602528988612
-2.2876821685984154,-0.8099305167282531,-1.4777516518701619,-13.185518065771948,13.628125000000011,-95.94020753337068,-0.5839064335276967,-0.014386414107656393,5865.6532441044565
-2.4969429510131342,-0.8840696141221341,-1.612873336891,-13.2179752072947,13.634375000000011,-95.99867668672397,-0.5854766335379882,-0.015702000102915142,5844.009082219866
2.248646138291024,3.3495013264957127,-1.1008551882046889,-13.25340946969095,13.64062500000001,-96.05727793696556,-0.5865483712939488,-0.010717377559605435,5822.310462603994
0.08863462819483793,1.031763681167773,-0.9431290529729344,-13.277559891054,13.64687500000001,-96.1159786836494,-0.5874665623827566,-0.00918191088807908,5800.931564904931
-1.9874993835571457,-0.9059025628822163,-1.0815968206749287,-13.298235191089473,13.65312500000001,-96.17477799019798,-0.5885195685887342,-0.010530062059776194,5778.954225795218
-1.4654554090261969,-0.332963863997347,-1.1324915450288493,-13.3219636301352,13.65937500000001,-96.23368507528356,-0.5896221331229686,-0.01102564534234453,5758.488771718319
-0.7419440796413661,0.3387401474830614,-1.0806842271244275,-13.346815916388712,13.66562500000001,-96.29269989532622,-0.5906742677303587,-0.01052134607390073,5739.614856639186
-0.7843433703710938,0.2570219345733615,-1.041365304944455,-13.370529325450939,13.671875000000009,-96.35181801521036,-0.5916881299523696,-0.010138622220108971,5721.623580993932
-1.5114431817948852,-0.40771522668119126,-1.1037279551136931,-13.393379683173347,13.678125000000009,-96.41104055749649,-0.5927627157704515,-0.010745858180817875,5704.371393865438
-1.402264351628327,-0.25892793825591653,-1.1433364133724109,-13.417608415067567,13.684375000000008,-96.4703724868935,-0.5938758721695981,-0.011131563991466314,5688.067381007988
-0.8961430253993032,0.21438026477338595,-1.1105232901726891,-13.442714564374771,13.690625000000008,-96.52981413494747,-0.5949570889098735,-0.010812167402754378,5672.777291695443
-0.7111625255021591,0.3463471980279638,-1.0575097235301236,-13.467102557010936,13.696875000000007,-96.58936132427674,-0.5959866976755659,-0.010296087656923735,5658.091068989392
-0.8024236943169846,0.22121953457466093,-1.023643228891645,-13.490327630625128,13.703125000000007,-96.64900982613146,-0.5969833394190504,-0.009966417434844364,5643.721330359164
-0.8692560263429338,0.13388674575579534,-1.0031427720987294,-13.512812114800893,13.709375000000007,-96.70875699444584,-0.5979600268685161,-0.00976687449465822,5629.691256809656
-0.8384096259957085,0.14285833275648027,-0.9812679587521891,-13.534850877526566,13.715625000000006,-96.7686007668516,-0.5989154212470282,-0.009553943785121066,5616.032359685494
-0.7824793133404077,0.17239180625453995,-0.9548711195949469,-13.556413876985188,13.721875000000006,-96.82853879386815,-0.5998451190838769,-0.009296978368486678,5602.640044415028
-0.79706805226172,0.13684771634974568,-0.9339157686114652,-13.577401643103224,13.728125000000006,-96.88856877071028,-0.6007544177588501,-0.009092986749731203,5589.344784996055
-0.7813995216571497,0.1322630533731081,-0.9136625750302576,-13.597934222296159,13.734375000000005,-96.94868869161405,-0.6016440003166729,-0.008895825578228066,5576.173198423847
-0.7346935551688109,0.1552041230082311,-0.889897678177042,-13.618027152617325,13.740625000000005,-97.00889641398093,-0.6025104470208518,-0.008664467041788654,5563.148145778109
-0.7068557696931378,0.15873718830851805,-0.8655929580016558,-13.637603043818542,13.746875000000005,-97.06918959791747,-0.6033532317098311,-0.008427846889793755,5550.252453623208
-0.6929458861344285,0.14972377095266942,-0.8426696570870991,-13.656649937676596,13.753125000000004,-97.12956594444697,-0.6041736988800787,-0.0082046717024749,5537.429248572754
-0.7307677474119908,0.09704471478718339,-0.8278124621991748,-13.675198153853218,13.759375000000004,-97.1900236144734,-0.6049797016487066,-0.008060027686280013,5524.625493850573
-0.7135767971965877,0.09907008085395087,-0.8126468780505388,-13.69342526812738,13.765625000000004,-97.25056114652261,-0.605770939335602,-0.007912376868953748,5511.798312749632
-0.6421855092021151,0.147834180904501,-0.7900196901066159,-13.711324236389208,13.771875000000003,-97.31117670081574,-0.6065401465268668,-0.007692071912648362,5498.901217296312
-0.6306824759846437,0.13818915299108903,-0.7688716289757328,-13.728730311020282,13.778125000000003,-97.37186814629385,-0.6072887630354125,-0.00748616508545684,5485.243132237867
-0.44149996338979036,0.2839270256623899,-0.7254269890521798,-13.745675724501119,13.784375000000002,-97.43263233841381,-0.6079950793637167,-0.007063163283041754,5471.722944859357
-0.5754222544816803,0.13010102073266852,-0.7055232752143492,-13.7616686801552,13.790625000000002,-97.49346619318352,-0.6086820160304005,-0.006869366666838927,5457.358173179897
-0.442084773359921,0.2284890360016678,-0.6705738093615891,-13.777227506520271,13.796875000000002,-97.55436704015825,-0.6093349234643176,-0.0065290743391706405,5443.233929781114
-0.5017111935409606,0.1464644021272461,-0.6481755956682066,-13.792020103331705,13.803125000000009,-97.6153320874371,-0.6099660221125613,-0.00631098648243733,5429.129547635348
-1.106364340156993,-0.39742306845645065,-0.7089412717005424,-13.80632251744271,13.809375000000008,-97.67636320277296,-0.6106562846046965,-0.006902624921351086,5415.247499009559
-0.660046940199467,0.04241223565743112,-0.7024591758568982,-13.821966939734649,13.815625000000008,-97.73746302874154,-0.61134023476705,-0.006839501623535958,5401.68844146759
-0.0268359999743103,0.586061909045202,-0.6128979090195122,-13.83747072816984,13.821875000000007,-97.79862688960573,-0.6119369825166393,-0.005967477495893434,5388.299853129054
-0.2635226834803741,0.3030733573385877,-0.5665960408189616,-13.851002324407832,13.828125000000007,-97.85984817110668,-0.6124886475022184,-0.00551664985579129,5374.502558890866
-0.46853149776186437,0.08507229697516344,-0.5536037947370281,-13.863514442496127,13.834375000000007,-97.9211239865633,-0.6130276616303028,-0.0053901412808434,5360.338766380513
-0.42990565583151363,0.1073140844165943,-0.5372197402481074,-13.875740532069505,13.840625000000006,-97.98245290577093,-0.6135507225220987,-0.005230608917960191,5346.050509135576
-1.3061633223329632,-0.6671192221610176,-0.639044100171946,-13.887605236459162,13.846875000000006,-98.0438390880459,-0.6141729229774429,-0.006222004553441097,5332.897359693717
-0.7280462352524482,-0.07721918246470434,-0.6508270527877433,-13.901713105412737,13.853125000000006,-98.10528806392976,-0.6148065946996983,-0.006336717222554446,5319.362084388646
0.5641250226619445,1.0541725645294138,-0.4900475418674693,-13.916079308404516,13.859375000000005,-98.16679257987222,-0.6152837241493935,-0.004771294496950825,5306.0320712223465
0.05138965645917329,0.46981185088724225,-0.418422194428069,-13.92690050410532,13.865625000000005,-98.22834132186635,-0.6156911157332876,-0.0040739158389414215,5291.9312986026125
-0.43121967295357966,-0.011104630655087499,-0.42011504229849217,-13.936141276849403,13.871875000000005,-98.28993088540129,-0.6161001549653299,-0.004090392320422692,5277.266256692809
-0.4058419355778856,0.012386816511921318,-0.4182287520898067,-13.94541742511403,13.878125000000004,-98.35156126100576,-0.6165073571240143,-0.004072021586843926,5262.593205718967
-0.28178606446704946,0.1184141594043528,-0.40020022387140236,-13.954650341664891,13.884375000000004,-98.41323147914358,-0.6168970056322728,-0.003896485082584998,5248.0455742129325
-0.3285375592232843,0.06219785704271359,-0.390735416265998,-13.96348490784309,13.890625000000004,-98.47494020134909,-0.6172774384778245,-0.0038043284555170404,5233.592216601899
-1.44981510276661,-0.9192585860843232,-0.5305565166822868,-13.97211094150179,13.896875000000003,-98.53669377353253,-0.6177940051912202,-0.005165667133956928,5220.149717552833
-0.7878570430493547,-0.2233466961049184,-0.5645103469444366,-13.983820121038566,13.90312500000001,-98.59850065528109,-0.6183436297797028,-0.00549624588482664,5207.223539556424
0.08856856803695443,0.5669415152346017,-0.47837294719764767,-13.996281757742839,13.90937500000001,-98.66035830615309,-0.6188093876603756,-0.004657578806728227,5195.1279111003005
-0.5355528463220753,-0.049641130639909,-0.48591171568216635,-14.006852647805186,13.91562500000001,-98.72226289976345,-0.6192824845469376,-0.004730968865619663,5183.156030810189
-1.1436900247983564,-0.5711096167212101,-0.5725804080771457,-14.017601855938668,13.921875000000009,-98.7842190221318,-0.6198399628200271,-0.005574782730895375,5171.748239670966
-1.356202650827637,-0.6804296173109963,-0.6757730335166405,-14.030279413715341,13.928125000000009,-98.84623591573238,-0.6204979091916659,-0.00657946371638834,5161.631100380738
-1.63365596089755,-0.831815839151822,-0.801840121745728,-14.045257568366882,13.934375000000008,-98.90832474080707,-0.6212785923021514,-0.0078068311048554734,5153.266596321065
-2.1449178775524316,-1.166424022411835,-0.9784938551405962,-14.0630509632641,13.940625000000008,-98.97050023340984,-0.622231259752978,-0.009526674508265926,5147.142652816833
-2.8099214839023303,-1.5906982287609475,-1.2192232551413817,-14.08478803581634,13.946875000000007,-99.03278271080839,-0.6234182882181384,-0.01187028465160406,5143.994631186398
-3.651444218158485,-2.1127410741170687,-1.5387031440414156,-14.111898347920565,13.953125000000007,-99.09519944196069,-0.6249163348277509,-0.014980466096124813,5144.827346871303
-4.744686244228742,-2.7851757796438212,-1.959510464584919,-14.146139664134218,13.959375000000007,-99.1577864599666,-0.626824025290494,-0.019076904627430766,5150.998410230845
-6.1744429176961635,-3.6621286184176847,-2.5123142992784784,-14.1897732987603,13.965625000000006,-99.2205911523809,-0.6292698229955547,-0.02445797705060716,5164.372855725754
-8.033814547189474,-4.797950833092759,-3.2358637140967197,-14.245743831168609,13.971875000000006,-99.28367563751975,-0.6324198797813251,-0.031500567857704,5187.559486079632
-10.423533958808871,-6.246655342768126,-4.176878616040744,-14.317858890890026,13.978125000000006,-99.3471209200217,-0.6364857702576562,-0.04065890476331154,5224.466766945843
-13.649564989731761,-8.233787193848304,-5.415777795883461,-14.410966812616511,13.984375000000005,-99.41103307119364,-0.6417572531811773,-0.052714829235211036,5280.272833863062
-17.688092695059265,-10.669093191217296,-7.0189995038419735,-14.531700963961486,13.990625000000005,-99.47555036353553,-0.648588593656509,-0.06831340475331765,5363.0516075948635
-23.573569141000462,-14.394749922128673,-9.178819218871798,-14.688175219618467,13.996875000000005,-99.54085583930332,-0.6575209216990816,-0.0893232804257264,5485.702135237776
-26.95744862333082,-15.462337485102333,-11.495111138228484,-14.89275469074858,14.003125000000011,-99.6071671661654,-0.6687056155424627,-0.11184693843381076,5673.838200181801
-39.342733085811325,-24.226186513102075,-15.11654657270925,-15.149006767571123,14.009375000000011,-99.67477300269859,-0.6834111151213995,-0.14705499578936865,5953.708220656508
-47.46286837469306,-28.15162194946949,-19.31124642522358,-15.48581298350358,14.01562500000001,-99.74405319882217,-0.7021928073502295,-0.18781692228829955,6350.781279036
-58.90959878378627,-34.49400235019506,-24.415596433591187,-15.915833756168245,14.02187500000001,-99.81545945220294,-0.7259322602652268,-0.23739452914997342,6965.78595442188
-40.90819663224534,-14.378952347941492,-26.52924428430382,-16.45897222565053,14.02812500000001,-99.88934200990865,-0.7517188938489359,-0.2578663358370904,7674.9586726569905
-20.145212747964113,5.583909032629486,-25.729121780593598,-17.04907021145899,14.03437500000001,-99.96576394565297,-0.7767198210376204,-0.2500092718868455,8473.755094146636
-40.54216872110728,-12.953043032467379,-27.589125688639914,-17.621599103979474,14.04062500000001,-100.0447759234401,-0.8035197347049461,-0.26799913667325675,9590.713337114525
-55.52337650254759,-24.47496056091912,-31.0484159416285,-18.23488929465472,14.046875000000009,-100.12663547304844,-0.8336712574619389,-0.30151522756992866,10918.454907550413
-81.56692995288284,-44.347698894440185,-37.21923105844272,-18.92394607430475,14.053125000000009,-100.21180934401092,-0.8698061617876611,-0.361349043257222,12461.04110087122
-52.72944277173341,-13.635707756013266,-39.09373501572018,-19.7483372890928,14.059375000000008,-100.30068730165931,-0.907752991180103,-0.3794682939244189,14154.770231153276
53.55694078006108,81.64141651214794,-28.084475732086826,-20.613254202442633,14.065625000000008,-100.39282540616252,-0.9350090988840827,-0.2725610770397967,14988.459169528958
4.3346806034766905,28.611686318732687,-24.277005715255985,-21.23456098383871,14.071875000000007,-100.48750423134709,-0.9585674048074461,-0.2355830592336339,16200.153946710852
26.308838204631822,44.70416532316896,-18.39532711853712,-21.770929054923727,14.078125000000007,-100.58425345410366,-0.9764170503240664,-0.17849645516620422,16674.497405710525
18.536679758740515,32.679282073103955,-14.142602314363433,-22.176939558077038,14.084375000000007,-100.68258129395896,-0.9901397467820633,-0.13722696457996789,16949.195145117515
11.089497274763875,22.352713304117078,-11.26321602935319,-22.488646316784102,14.090625000000006,-100.7821417080105,-1.0010685342488097,-0.10928787466746405,17070.58960655884
5.052989525060089,14.46978820248201,-9.416798677421909,-22.73642839452983,14.096875000000006,-100.88270542996456,-1.0102059048323566,-0.0913737058354702,17175.114773648464
4.134210173233007,12.029408678031851,-7.895198504798853,-22.943125900560243,14.10312500000001,-100.98410908040731,-1.017867104022552,-0.07661199190195403,17519.46838719052
-6.710939793340879,1.0519176335271982,-7.762857426868074,-23.115941184345917,14.109375000000009,-101.08627244907173,-1.0254002692658124,-0.07533165243260474,18556.850551832198
3.15231456564954,9.706430970162641,-6.5541164045131035,-23.285517001842877,14.115625000000009,-101.18913050599373,-1.0317608691742448,-0.06360599908432395,18973.891300392115
6.870863989047716,11.947571288445843,-5.0767072993981275,-23.428146281119,14.121875000000008,-101.29255295259642,-1.0366880628796373,-0.04927193705392611,19340.061635224796
8.029211565939942,11.671766994145772,-3.6425554282058297,-23.53791926321642,14.128125000000008,-101.39639853866409,-1.040223658473624,-0.03535595593986727,19733.12213898793
-2.0451274616926405,1.4232325030590236,-3.468359964751662,-23.615800429524473,14.134375000000007,-101.50058924733679,-1.043590514980368,-0.033668565067440585,20503.6114319477
32.55075823671784,32.11613932519077,0.43461891152706866,-23.689569147496673,14.140625000000007,-101.60492720148174,-1.043168567918707,0.004219470616609266,20795.64609253669
18.14896064533299,15.802675076125688,2.346285569207303,-23.677078073418077,14.146875000000007,-101.7091301504258,-1.040890410962575,0.022781569561320072,21087.850519499407
13.751646100317595,10.180006664506333,3.571639435811264,-23.62224545889736,14.153125000000006,-101.81304577206207,-1.0374220217625283,0.034683892000465656,21366.01804806047
24.086696758808415,18.32163970867807,5.765057050130346,-23.54023814220872,14.159375000000006,-101.91650801512436,-1.03182283948331,0.055991822792182094,21555.924181478247
-0.7256788591840418,-5.798772745275062,5.073093886091015,-23.409777223458416,14.165625000000006,-102.0194439067645,-1.0268949933192322,0.04927846164077867,22281.609065127486
26.128593135570508,18.8217219256152,7.306871209955305,-23.294507955378577,14.171875000000005,-102.12177846986161,-1.0197962686230335,0.07098724696198563,22368.76447592411
46.00957734962513,34.60774830134233,11.401829048282789,-23.13002751927468,14.178125000000005,-102.22320416251728,-1.008717584490439,0.11078684132594488,22125.074405812906
46.770912537357006,31.634879294826344,15.136033242530642,-22.875407388889016,14.184375000000005,-102.32334046069478,-0.9940083790596127,0.14709205430826375,21629.077912722372
35.78201518066065,18.469856145915596,17.312159034745058,-22.538688560115883,14.190625000000004,-102.42189998283746,-0.9771820637940702,0.1682631526554241,21131.37563679959
33.17931275132132,14.195927319447811,18.983385431873494,-22.15429266926591,14.196875000000004,-102.51869553779761,-0.9587290354089917,0.18453028385078604,20609.633483027283
37.863258816088646,16.890013219318227,20.97324559677038,-21.733423476040137,14.20312500000001,-102.61354895884905,-0.9383393856196702,0.20389649789321457,19983.098427116558
43.43917495179937,20.09452380285951,23.344651148939864,-21.26912427235269,14.20937500000001,-102.70624803263743,-0.9156420901479022,0.22697295471768028,19354.07192507617
44.443382184036004,18.866671226385286,25.576710957650725,-20.753033354122742,14.21562500000001,-102.79656877182994,-0.8907726937022309,0.24869396445671288,18768.385276920926
54.840758018077175,26.157664636140716,28.68309338193648,-20.188241250903125,14.22187500000001,-102.8842514696967,-0.8628812636329625,0.278914300692684,18260.52089507543
40.81352923610327,10.837997901591445,29.975531334511807,-19.555464796378185,14.22812500000001,-102.9690821376303,-0.8337320950391258,0.29149168593836616,17830.123851287834
57.07345058754327,24.195114138546902,32.878336448996386,-18.894632315086092,14.234375000000009,-103.05085673059867,-0.8017597643284211,0.3197233071070471,17504.934988290006
60.24954471452745,24.420598468907528,35.82894624561996,-18.1701872981605,14.240625000000009,-103.12929063832479,-0.7669183901939065,0.3484137413451461,17223.834781894784
52.59653451449326,14.946491231089874,37.650043283403384,-17.38099677939396,14.246875000000008,-103.20415190733449,-0.7303069900001797,0.3661140019372675,17167.63531715095
45.04780939284853,6.5869535935580785,38.46085579929046,-16.551869182035595,14.253125000000008,-103.275312683237,-0.692908528050028,0.37398461950151723,17154.453989086913
49.56748148801209,9.878785068745989,39.688696419266144,-15.70498713869992,14.259375000000007,-103.34267400599263,-0.6543179270624429,0.3859060098758513,17422.431685804815
51.535867380712695,10.524621127019252,41.01124625369337,-14.831082423106393,14.265625000000007,-103.40611207336221,-0.6144434203291562,0.39874506733286685,17819.719598615495
48.24306191601971,6.415220934218465,41.82784098180123,-13.927997588586152,14.271875000000007,-103.46552309857302,-0.5737770838869912,0.4066633644216499,18348.52142349182
43.435147113653684,1.4223840265914518,42.01276308706216,-13.00682310587446,14.278125000000006,-103.52085860071399,-0.5329329589325665,0.40844124954424665,19060.508309781202
49.73609177420872,6.831410313024946,42.904681461183735,-12.08143210005119,14.284375000000006,-103.5720664204231,-0.4912234352495377,0.4170952368302885,19916.009403559645
45.76025873216071,2.5211321756599236,43.23912655650079,-11.13620783920493,14.290625000000006,-103.61908709139303,-0.4491899841489939,0.4203345110054379,20974.515014682427
43.970943904648855,0.6448087343014482,43.32613517034734,-10.183414683386847,14.296875000000005,-103.6619002129338,-0.40707244666639075,0.42117537482603135,21022.68533715236
61.05571643784632,15.604188882549655,45.4515275552967,-9.228499202167647,14.303125000000012,-103.70039825521981,-0.36288839905385295,0.4418404761253777,20601.177572093613
53.902802935439226,7.428527403003149,46.474275532436074,-8.226549595704931,14.309375000000012,-103.73442810473604,-0.3177085912707736,0.4517980778307935,21022.30961585206
57.93183154091312,10.060982033539755,47.870849507373336,-7.201895022584966,14.315625000000011,-103.76387194610767,-0.27116823616176167,0.46540355109011955,21968.80487663357
15.673074979750545,-28.23192062271546,43.90499560246602,-6.146344670151125,14.321875000000011,-103.7888543381636,-0.22847960495688902,0.42688631204872657,22772.82495352526
12.807470854012472,-27.24342472799413,40.05089558200665,-5.178127635405223,14.32812500000001,-103.8097549966579,-0.18953356492907242,0.3894604002781658,23460.692796948802
0.05254586443578223,-35.0119497780287,35.0644956424645,-4.294835147317858,14.33437500000001,-103.8270032383681,-0.15543126927516895,0.3410229565390346,24406.778702503154
-36.945292204577655,-62.98289021885489,26.037598014277204,-3.521469969607008,14.34062500000001,-103.84127999209153,-0.13010380519318682,0.25327464081982143,25229.006042845824
-90.28305386967608,-101.65883223389538,11.375778364219284,-2.9471020481335874,14.34687500000001,-103.85373699404074,-0.1190362337912288,0.11067571401958023,25927.889548793577
-146.90280639606456,-138.22413650814534,-8.678669887919236,-2.69590482944368,14.35312500000001,-103.86606287181687,-0.12748132173127083,-0.08445087940042041,25232.09542625862
-115.32077022616275,-93.06917355269891,-22.251596673463872,-2.886701320605641,14.359375000000009,-103.8798938140362,-0.14913752265529012,-0.21656200924019287,23214.287642033734
-236.53293739221542,-186.90922963510712,-49.62370775710831,-3.376702079525431,14.365625000000009,-103.89722263661918,-0.19743892900443288,-0.48301406349142745,20453.895648387504
-109.96563542833134,-52.61275329849122,-57.352882129840125,-4.469971022243766,14.371875000000008,-103.91975797863977,-0.253267911407357,-0.5582898240292409,17642.347407181718
-52.66218729570174,4.0852754093962345,-56.747462705098016,-5.733616589127902,14.378125000000008,-103.94784690133552,-0.308510542507882,-0.5524263110052499,15300.09072828845
-0.9333762705643066,48.623611448281984,-49.556987718846266,-6.98398013781902,14.384375000000007,-103.9811101833098,-0.3567550969774974,-0.4824455446961538,13523.98168635838
25.28743816112511,65.18327375231792,-39.89583559119278,-8.0759396890764,14.390625000000007,-104.01872770127954,-0.3955952624173929,-0.3884016543989548,12188.302419820258
37.74233692014098,67.59793820315953,-29.855601283018537,-8.955048957595315,14.396875000000007,-104.05974052770986,-0.4246612661889024,-0.29066003771509497,11189.380115242438
2.722700930524777,28.357581362083,-25.634880431558226,-9.61294502857201,14.403125000000014,-104.10345450862312,-0.44961835207614553,-0.2495708588724316,10416.66620612955
30.22805652683759,48.61320201965509,-18.385145492817497,-10.177871085923943,14.409375000000013,-104.14931129748388,-0.4675174251390664,-0.17899073062920903,9824.336732644086
-0.15051590811448426,15.864443969104983,-16.014959877219468,-10.583063772262337,14.415625000000013,-104.19684261631016,-0.48310895138660714,-0.15591526247540718,9341.992120534524
1.476589801588038,15.214623231854448,-13.738033430266418,-10.936051412759289,14.421875000000012,-104.24582224867639,-0.4964836959378822,-0.13374744551275086,8945.742075684097
6.352838606330264,17.471993636181622,-11.119155029851353,-11.238882147733605,14.428125000000012,-104.2960118709378,-0.5073087492905296,-0.1082505335264734,8619.05543839728
1.3789671555646061,10.866905840972167,-9.48793868540755,-11.484013787761974,14.434375000000012,-104.34720459156948,-0.5165456633430708,-0.09236914052541251,8323.64601255429
3.296094887832391,11.113487886025402,-7.817392998193015,-11.693207491641758,14.440625000000011,-104.39923968308322,-0.5241561669319402,-0.07610503588869373,8097.096678553797
2.5767443201409628,9.034357733337796,-6.457613413196831,-11.865592103413157,14.446875000000011,-104.45196963258839,-0.5304428231712744,-0.06286656239334205,7904.559452169469
1.665336766559589,7.059163255062052,-5.393826488502459,-12.008012661385507,14.45312500000001,-104.50527646416802,-0.5356938084214847,-0.05250985250210311,7735.643011171003
-1.4555614856421548,3.422006332679248,-4.877567818321406,-12.12698923718324,14.45937500000001,-104.55908326284583,-0.5404421651348209,-0.04748356713336133,7576.7609182377655
-0.5280078346772555,3.778835853160308,-4.306843687837558,-12.234585884255704,14.46562500000001,-104.61333711515991,-0.5446348811466364,-0.0419271601181553,7451.634102212216
1.3766437267489007,4.937049206918388,-3.5604054801694924,-12.329600185513849,14.47187500000001,-104.66797390476971,-0.5481009110494905,-0.03466029902854131,7339.920882682247
5.476713891213317,7.849207127134539,-2.3724932359212243,-12.408157943870366,14.47812500000001,-104.72289947529207,-0.5504104993975539,-0.02309588348063403,7243.168067185834
-1.9759878609122983,0.3443570396965903,-2.32034490060889,-12.460528338242064,14.484375000000009,-104.77805346559681,-0.5526693066972583,-0.022588072997043525,7148.770091959194
1.706918610917065,3.497070883336584,-1.79015227241952,-12.511740513221488,14.490625000000009,-104.83340752953029,-0.5544119719724386,-0.017426652751802635,7062.98558917755
-2.64668165822817,-0.7436762879939989,-1.903005370234171,-12.551258332697929,14.496875000000008,-104.88894135247713,-0.556264486964302,-0.018525149918633743,6979.126477202494
-3.4052871263746183,-1.3042227965381987,-2.1010643298364196,-12.5932527688805,14.503125000000008,-104.94467006667546,-0.5583097970023013,-0.020453100379993993,6898.802799390033
-1.9053380588364595,0.16991336374978386,-2.075251422586244,-12.639601173960534,14.509375000000007,-105.00060205512384,-0.560329971965359,-0.020201749630577127,6824.344706685711
-1.1481895546542247,0.8047018124554488,-1.9528913671096744,-12.68536950939309,14.515625000000007,-105.05673010518441,-0.5622310292461343,-0.019010572807752407,6754.561668687134
-1.3107654220044962,0.5573276292551348,-1.8680930512596317,-12.728429882913709,14.521875000000007,-105.11304413343595,-0.564049535784564,-0.01818506538429655,6687.923877146482
-1.4735851353416625,0.3423831766241797,-1.8159683119658425,-12.769610056130146,14.528125000000006,-105.16953747520976,-0.5658172996918613,-0.01767763907297371,6624.516383124826
-1.4382470370847564,0.3277900123426022,-1.766037049427358,-12.809630182788785,14.534375000000006,-105.22620516308564,-0.5675364578255394,-0.01719158133678061,6564.628050421586
-1.396019790567543,0.32108224931328866,-1.7171020398808312,-12.84853879529957,14.540625000000006,-105.28304238504867,-0.5692079814352754,-0.016715236097359924,6508.543227634228
-1.3770085630049427,0.2950970738915031,-1.6721056368964442,-12.88635813679373,14.546875000000005,-105.34004456941356,-0.570835705862557,-0.016277244272816887,6455.855919582679
-1.3761944929118675,0.25674504590226777,-1.6329395388141343,-12.923175380348171,14.553125000000005,-105.39720762009664,-0.5724253077989382,-0.015896019363810875,6406.321717818597
-1.316955859777573,0.27414675261811394,-1.5911026123956884,-12.959119465120462,14.559375000000005,-105.45452759490072,-0.5739741882828451,-0.015488804839068868,6359.597388944136
-1.3133638159075745,0.24095367146366461,-1.554317487371239,-12.994132048843774,14.565625000000004,-105.5120006676097,-0.5754872658967295,-0.015130776138843624,6315.649986510849
-1.3599530733485776,0.1686129016825795,-1.528565975031157,-13.02832504187916,14.571875000000004,-105.56962379501756,-0.5769752822606453,-0.014880163639158273,6274.214118763602
-1.2181250326201902,0.26930446025411897,-1.487429492874309,-13.061942233938671,14.578125000000004,-105.62739372218707,-0.5784232611293181,-0.014479788686727198,6234.955168927578
-1.1312213142378251,0.308998824144106,-1.440220138381931,-13.094645242713927,14.584375000000003,-105.68530614979537,-0.5798252910365802,-0.014020299072621723,6198.082938589521
-1.2729903717408142,0.14505844627731554,-1.4180488180181299,-13.126300946476011,14.590625000000003,-105.74335770166677,-0.5812057463914518,-0.013804553548716318,6163.193945845593
-1.339105204110207,0.06847132066592292,-1.4075765247761287,-13.157461879406833,14.596875000000002,-105.80154678981074,-0.582576016488103,-0.013702700966511792,6130.323938740652
-1.2111229808737614,0.1704026708787447,-1.3815256517525052,-13.188386629342077,14.60312500000001,-105.85987163743144,-0.5839209359258654,-0.013449194377624013,6099.399569221787
-1.1838539622767126,0.17145745854667344,-1.3553114208233867,-13.218732653730143,14.609375000000009,-105.91832970151495,-0.5852403457443378,-0.013194098184724813,6070.291178100458
-1.1300091777733086,0.19542390756368822,-1.325433085336997,-13.248497144896518,14.615625000000009,-105.97691825274391,-0.586530678834966,-0.012903330906282118,6042.819073876344
-1.4964653830148869,-0.14836712368423907,-1.348098259330647,-13.277600150498834,14.621875000000008,-106.03563694105945,-0.5878430874757496,-0.013124086407836596,6016.928839899322
-2.2803924053194384,-0.8086996560259677,-1.471692749293471,-13.30720042318606,14.628125000000008,-106.09449288695019,-0.5892758303391243,-0.014327428633746784,5992.910212653126
-2.489570097457421,-0.8829298333390169,-1.6066402641184032,-13.339523027041826,14.634375000000007,-106.1534986765767,-0.5908399621909884,-0.015641318518640483,5971.216440356364
2.255891967914614,3.3503798450320503,-1.0944878771174358,-13.37481891062658,14.640625000000007,-106.21263594973875,-0.5919055010501556,-0.0106553885916715,5949.470205931408
0.0966179382813956,1.0331654557311167,-0.9365475174497206,-13.398827998960021,14.646875000000007,-106.27187208902279,-0.5928172846306283,-0.009117835804727152,5928.039207711792
-1.979385964422786,-0.9045737467993242,-1.0748122176234622,-13.41935725564718,14.653125000000006,-106.33120613753312,-0.5938636855757715,-0.010464009451431482,5906.021691637308
-1.4571296548288062,-0.3316270325461318,-1.1255026222826745,-13.442935193251097,14.659375000000006,-106.39064729410566,-0.5949594458752315,-0.010957602994600234,5885.510736585731
-0.7335680968172693,0.339943285501815,-1.0735113823190847,-13.467632498383946,14.665625000000006,-106.45019549625596,-0.5960045971307194,-0.010451512554878974,5866.585599260257
-0.7762890067268782,0.25778656161599495,-1.034075568342873,-13.491186901809632,14.671875000000005,-106.50984629421961,-0.5970113621424491,-0.01006765011729686,5848.540965533323
-1.5031397144496588,-0.4068359495362667,-1.0963037649133935,-13.513875711831506,14.678125000000005,-106.56960079831643,-0.5980787197939678,-0.01067357651518621,5831.240401139994
-1.3940009947234984,-0.25820008172602127,-1.1358009129974778,-13.537939971730555,14.684375000000005,-106.62946396128629,-0.599184539603144,-0.01105819809176246,5814.895933457019
-0.8878902435780991,0.21500239600665458,-1.102892639584753,-13.562879239133554,14.690625000000004,-106.68943610461967,-0.6002583270646029,-0.010737874614589745,5799.565942346657
-0.7021308155862886,0.34756233606093456,-1.0496931516472239,-13.587098299964033,14.696875000000004,-106.74951303724731,-0.6012803254880458,-0.010219984234428079,5784.830853865582
-0.7940376808238113,0.22171342697626445,-1.0157511078000747,-13.610150394830388,14.70312500000001,-106.8096905176861,-0.6022692832874543,-0.009889577994085076,5770.405481105816
-0.8599737528530618,0.1350923875156672,-0.9950661403687286,-13.632460288588486,14.70937500000001,-106.86996588720575,-0.6032381071056764,-0.009688238182220426,5756.31970439894
-0.8286372662772974,0.14432896708718768,-0.9729662333644843,-13.654320450273232,14.71562500000001,-106.93033706349377,-0.6041854186545225,-0.009473115488460405,5742.609985952274
-0.7727820424656077,0.17360210002942011,-0.9463841424950274,-13.675699945522114,14.72187500000001,-106.99080167708932,-0.6051068532565855,-0.009214346020630843,5729.1704286155555
-0.7877295095495915,0.1375862475755173,-0.9253157571251086,-13.696500183591803,14.72812500000001,-107.05135740868255,-0.6060077786078477,-0.009009253512622224,5715.825923517735
-0.77175737771853,0.13316684428449238,-0.9049242220030219,-13.716842803172142,14.734375000000009,-107.11200224026875,-0.6068888531161459,-0.00881074508298208,5702.595405781252
-0.723288128614936,0.15751710237911393,-0.8808052309940494,-13.736742784780308,14.740625000000009,-107.17273400527363,-0.6077464469812986,-0.008575938651527445,5689.4980780753995
-0.6959080970532229,0.16034611402375668,-0.8562542110769784,-13.756117983021834,14.746875000000008,-107.2335503345726,-0.6085801389981974,-0.00833692016898792,5676.534910959073
-0.6836513256444552,0.14968546831616925,-0.8333367939606245,-13.774958814371614,14.753125000000008,-107.2944489174828,-0.6093915192056769,-0.008113802074794767,5663.648265477821
-0.7215011360661905,0.09698727196954628,-0.8184884080357361,-13.793301154722082,14.759375000000007,-107.35542791562175,-0.6101884435733219,-0.00796924367644999,5650.793768414623
-0.7031026888080449,0.10006747566404207,-0.8031701644720866,-13.811322642355416,14.765625000000007,-107.41648586051095,-0.6109704542107648,-0.007820106374428875,5637.931208410484
-0.6311563876507049,0.1491805319287877,-0.7803369195794922,-13.829012672225195,14.771875000000007,-107.47762089490735,-0.6117302337171072,-0.007597795063424175,5624.998273784897
-0.619709748776498,0.13930790455318126,-0.7590176533296792,-13.846205316975778,14.778125000000006,-107.53883086938534,-0.6124692558427085,-0.0073902212560132945,5611.302333625239
-0.43085619647872153,0.28461200515580676,-0.7154682016345277,-13.862933573742879,14.784375000000006,-107.60011262596437,-0.6131658757380576,-0.00696619895349028,5597.741970989656
-0.5640260075172396,0.13134774151836234,-0.6953737490356017,-13.878707105187711,14.790625000000006,-107.66146306626437,-0.6138429302620446,-0.00677054523986995,5583.332051365328
-0.43078964572077283,0.22948264590248238,-0.6602722916232555,-13.894042341916203,14.796875000000005,-107.72287950315615,-0.614485807573374,-0.0064287731132937655,5569.163829636943
-0.489542777319123,0.14808365615603328,-0.6376264334751556,-13.908608032968367,14.803125000000012,-107.7843591252843,-0.6151066349894939,-0.006208274161198605,5555.016631452646
-1.0939796178529995,-0.3958309519546868,-0.6981486658983135,-13.92267811225189,14.809375000000012,-107.84590377649543,-0.615786389233238,-0.006797542437440798,5541.098481059349
-0.6477979724633511,0.043675481200041985,-0.6914734536633931,-13.938084858047672,14.815625000000011,-107.90751607811384,-0.6164596431348891,-0.006732539016511106,5527.494468501585
-0.014702053064099302,0.5870579065331722,-0.601759959597272,-13.953346732082037,14.821875000000011,-107.96919133759187,-0.6170455464254667,-0.005859032905775712,5514.0505436094045
-0.25099070036511634,0.3042826222842405,-0.5552733226493565,-13.966633071685997,14.82812500000001,-108.03092292426672,-0.617586187071471,-0.005406406460042831,5500.164965784673
-0.45658195298157334,0.08561605369787728,-0.542198006679451,-13.978895868303324,14.83437500000001,-108.09270793842026,-0.6181140959994764,-0.0052790892800548194,5485.91082415322
-0.41672000507806434,0.108858169835702,-0.5255781749137665,-13.990870807516433,14.84062500000001,-108.15454493432766,-0.6186258221485416,-0.005117261490651011,5471.533727037748
-1.293384652132163,-0.6661327111511718,-0.6272519409809911,-14.002479162217206,14.84687500000001,-108.21643805249795,-0.6192365412572679,-0.006107191087263555,5458.305792111494
-0.7142956128116362,-0.07551999581559873,-0.6387756169960375,-14.016327354865796,14.85312500000001,-108.27839280352136,-0.6198584792108653,-0.006219379535974418,5444.717857709225
0.5775556483370556,1.055369222198573,-0.4778135738615178,-14.03042815586393,14.859375000000009,-108.34040191234145,-0.6203236971909099,-0.0046521798004455816,5431.3460153632495
0.06501836111688003,0.47102206336639274,-0.40600370224951265,-14.040979912250949,14.865625000000009,-108.40245404708418,-0.6207189976638028,-0.003953004728929322,5417.203668272733
-0.41742458179139574,-0.009910088345114674,-0.407514493446281,-14.04994716281462,14.871875000000008,-108.4645457853946,-0.6211157685447819,-0.0039677088097914105,5402.4990157436805
-0.3919192531595733,0.013534164637774846,-0.40545341779734795,-14.05894576047448,14.878125000000008,-108.52667710043137,-0.621510532190629,-0.0039476364584707605,5387.788582674435
-0.2676941895799339,0.11955672543060039,-0.3872509150105345,-14.067897260531216,14.884375000000007,-108.58884700568154,-0.6218875728126855,-0.0037704062205642565,5373.204957737425
-0.313927696033883,0.06363907402081515,-0.37756677005469846,-14.07644656735683,14.890625000000007,-108.65105414353374,-0.6222551842314055,-0.003676114187199524,5358.716371228587
-1.435161574418975,-0.917969751751034,-0.5171918226679406,-14.084782507919492,14.896875000000007,-108.71330483967797,-0.6227587386532819,-0.005035544218764021,5345.251072241364
-0.7735186141131118,-0.22250146870298923,-0.5510171454101225,-14.096197287373942,14.90312500000001,-108.77560753790299,-0.6232952258468865,-0.005364871936045131,5332.292369548315
0.10335340162007663,0.5680627694703522,-0.4647093678502756,-14.10836172488267,14.90937500000001,-108.8379596832187,-0.6237476804674219,-0.004524546205354813,5320.15628348461
-0.5201018065170376,-0.048089332029434446,-0.47201247448760325,-14.118631720746583,14.91562500000001,-108.90035742947578,-0.6242072446740289,-0.004595642066069408,5308.145069769505
-1.1283122974580961,-0.5698259677030983,-0.5584863297549972,-14.129074937157931,14.921875000000009,-108.96280534173988,-0.6247510006081544,-0.005437559341254677,5296.70162776154
-1.3424643715708096,-0.6807386147041617,-0.6617257568666474,-14.14144235336392,14.928125000000009,-109.02531265528356,-0.6253952702655047,-0.006442696573503489,5286.553024561161
-1.6196453252095566,-0.831847732034884,-0.787797593174672,-14.15611160456661,14.934375000000008,-109.08789053286522,-0.6261622813675852,-0.007670111020805942,5278.164361450883
-2.129548091627982,-1.165271438001458,-0.9642766536265248,-14.173596488358406,14.940625000000008,-109.15055370227691,-0.6271011068662594,-0.009388254986741715,5272.024847435116
-2.793691677633566,-1.5889503080308471,-1.2047413696027183,-14.195021591720668,14.946875000000007,-109.21332245941294,-0.6282740358543215,-0.011729289880620997,5268.870294131315
-3.6350522553090556,-2.1110820919562525,-1.5239701633528038,-14.221814624584228,14.953125000000007,-109.276224048144,-0.6297577387668697,-0.014837029125481519,5269.699857541159
-4.727102651761828,-2.782699601977963,-1.9444030497838651,-14.255733816945316,14.959375000000007,-109.33929447114916,-0.63165072133616,-0.01892982569290321,5275.868818022536
-6.1566217693898775,-3.6597711821227783,-2.4968505872671,-14.29903797258687,14.965625000000006,-109.40258108045346,-0.6340814647499005,-0.02430743413740553,5289.254347685906
-8.014503649004185,-4.794608295510612,-3.2198953534935715,-14.354672327872079,14.971875000000006,-109.46614595252174,-0.6372159766156371,-0.03134511865736703,5312.476991722851
-10.40369831130911,-6.243295056823012,-4.160403254486099,-14.426441558665221,14.978125000000006,-109.53007004282823,-0.6412658295141986,-0.04049852898561505,5349.451515426152
-13.62952333787879,-8.23068827625644,-5.398835061622357,-14.51919433085378,14.984375000000005,-109.59445937535973,-0.6465208211159371,-0.05254991601738497,5405.369040731109
-17.666375906167215,-10.66494403112803,-7.001431875039189,-14.639565338545973,14.990625000000005,-109.65945216959794,-0.6533350636482315,-0.06814242532294389,5488.304387798515
-23.5526888572478,-14.39187116945152,-9.160817687796278,-14.79566552024192,14.996875000000005,-109.72523141645931,-0.6622498735790513,-0.08914809930819824,5611.168569490035
-26.935756612970415,-15.459129978075,-11.476626634895412,-14.999864773437286,15.003125000000011,-109.79201473924226,-0.6734165820799558,-0.11166708500904497,5799.670331908548
-39.31782625195249,-24.220602028670346,-15.097224223282161,-15.255730058507437,15.009375000000011,-109.86009073258226,-0.688103284720055,-0.14686702640099186,6079.939344951259
-47.43492863384615,-28.14412522019397,-19.29080341365217,-15.592135604373876,15.01562500000001,-109.92983915154461,-0.706865094526844,-0.1876180980678903,6477.541919669178
-58.87385357549033,-34.48067580631697,-24.393177769173374,-16.021735362088474,15.02187500000001,-110.00171154375194,-0.730582749619707,-0.23717655092863082,7093.137388631359
-40.868217614904836,-14.363641523129333,-26.504576091775473,-16.564412194791874,15.02812500000001,-110.07605795150926,-0.7563454055267403,-0.25762655907033294,7802.554644499517
-20.161503352295647,5.548124261190269,-25.70962761348591,-17.15400002375246,15.03437500000001,-110.15294159129955,-0.7813273902790441,-0.2498198475230373,8601.289706722973
-40.59751052665129,-13.018523076364154,-27.57898745028713,-17.726131955874003,15.04062500000001,-110.23241383359958,-0.8081174557215418,-0.2679006544249778,9718.328223305432
-55.55733292735127,-24.513608294743346,-31.043724632607965,-18.33922890216432,15.046875000000009,-110.31473292752001,-0.8382644226869942,-0.30146966965452365,11046.471044796026
-81.55458852668403,-44.34098323351711,-37.21360529316701,-19.028208768084003,15.053125000000009,-110.40036584191165,-0.8743938651457134,-0.36129442458719147,12589.513086109871
-52.70019679008683,-13.614932757752756,-39.08526403233403,-19.852497867940304,15.059375000000008,-110.48970215877247,-0.9123324720707652,-0.3793860692505179,14283.143171486412
53.60025283381578,81.67211424684014,-28.071861413024376,-20.717245050869106,15.065625000000008,-110.58229759925213,-0.9395763375223967,-0.2724386545163143,15115.379399536238
4.375300586285266,28.636399215196437,-24.261098628911174,-21.338285436904215,15.071875000000007,-110.67743237649199,-0.9631192072749712,-0.2354286975257463,16324.26495247096
26.344006477042026,44.72118561287031,-18.377179135828264,-21.874309336889837,15.078125000000007,-110.7746358990134,-0.9809512431532249,-0.17832035878253708,16796.95409548051
18.568159785261187,32.69107832686866,-14.122918541607492,-22.279922725242564,15.084375000000007,-110.87341620318439,-0.9946548402663719,-0.13703597113146895,17070.418545591667
11.114022666507292,22.357002391262778,-11.242979724755479,-22.591195821322053,15.090625000000006,-110.97342714481206,-1.0055639922869468,-0.10909152020575048,17190.2981847131
5.025045683154514,14.427060121360356,-9.402014438205825,-22.838529955300007,15.096875000000006,-111.07443969529288,-1.0146870173293878,-0.09123025042441096,17293.686939185573
4.126929924670707,12.009821724542606,-7.882891799871905,-23.044897952873775,15.103125000000013,-111.1762908598875,-1.0223362745629925,-0.07649257233604545,17636.691438636484
-6.710603497711372,1.0412818557258563,-7.751885353437233,-23.217436834364854,15.109375000000012,-111.27890061323471,-1.0298587923812559,-0.07522517818263372,18673.0374778503
3.1642384794598355,9.707278073119237,-6.54303959365941,-23.386764308791474,15.115625000000012,-111.38220398498038,-1.036208642532169,-0.06349850150913167,19089.613359541087
6.909436566883764,11.972042852805965,-5.062606285922204,-23.529141664805362,15.121875000000012,-111.48607052463257,-1.0411221505116095,-0.0491350797944056,19455.254168684885
8.077730465734131,11.70242079535319,-3.6246903296190514,-23.63859486702077,15.128125000000011,-111.590358652438,-1.0446404055969631,-0.03518255085353602,19847.691174016967
-2.0060697640665155,1.442120082535436,-3.448189846601956,-23.716072152593682,15.134375000000011,-111.6949900568316,-1.0479876822751357,-0.03347276678172539,20616.972348844884
32.583702291746484,32.127531245552646,0.4561710461938381,-23.789385116678858,15.14062500000001,-111.79976668151825,-1.047544811457849,0.004428708172867808,20907.527156327495
18.173531692265502,15.805370555346588,2.3681611369189155,-23.77640685222828,15.14687500000001,-111.90440619279767,-1.0452454141303804,0.022993973274685553,21198.693514620416
13.775155776580048,10.18146775253964,3.5936880240404077,-23.72107906589456,15.15312500000001,-112.00875624419072,-1.0417556137306132,0.034898003997671886,21476.386404993722
24.106190333113275,18.319360681509856,5.786829651603414,-23.63857207459121,15.15937500000001,-112.1126507891423,-1.03613528530084,0.05620328429773206,21665.79660617709
-0.7096091834794909,-5.803865520812188,5.09425633733269,-23.507617077368987,15.16562500000001,-112.21601689753672,-1.031186882587541,0.049484027132991756,22390.30914168067
26.14347795372603,18.816113302948835,7.327364650777195,-23.391866934976804,15.171875000000009,-112.31877965407784,-1.024068248235035,0.07118634352505974,22476.638937065454
46.01684690367911,34.59592663986923,11.420920263809894,-23.226920407617026,15.178125000000009,-112.42063161718762,-1.012971013960561,0.11097234274473922,22232.2791539892
46.765768027119485,31.613205850582354,15.152562176537117,-22.97186543961086,15.184375000000008,-112.52119245517078,-0.9982457457025751,0.1472526825798588,21735.820615551955
35.78358569121606,18.456477803123693,17.327107888092375,-22.634768924318703,15.190625000000008,-112.62017498751112,-0.9814049011042801,0.16840844598294966,21237.868898575438
33.1727255225813,14.176664000073446,18.996061522507873,-22.250031198585383,15.196875000000007,-112.71739221010496,-0.9629395507726695,0.1846535033161067,20715.72791963772
37.86439253579867,16.879689873759954,20.984702662038725,-21.828871626739186,15.203125000000014,-112.81266612577956,-0.9425387627192507,0.20400788053418695,20088.880533250085
43.44957178497539,20.09357657610185,23.355995208873566,-21.364310592746115,15.209375000000014,-112.90578458580364,-0.9198304377624618,0.22708324956788997,19460.008924718735
44.451334571644246,18.863639414456717,25.587695157187554,-20.84796227742022,15.215625000000014,-112.99652362573583,-0.8949503608812421,0.24880076881219582,18875.145805902757
54.87363577206686,26.177233780224125,28.69640199184273,-20.282922816101745,15.221875000000013,-113.0846234432561,-0.8670459895243109,0.27904371356931273,18367.330015018146
40.83335439931114,10.843820085780278,29.989534313530864,-19.649849915151123,15.228125000000013,-113.16986990293154,-0.8378832039843164,0.29162785539994523,17936.268214758442
57.08798619862149,24.19558985638887,32.8923963422326,-18.988707711350614,15.234375000000012,-113.25205892317172,-0.8058972008191977,0.3198600316511863,17610.487816842586
60.25259698214794,24.410777282178643,35.84181969996933,-18.263953535026307,15.240625000000012,-113.33090594861608,-0.771043308068134,0.3485389275106361,17328.883897509084
52.59223552805709,14.931182801447074,37.66105272660995,-17.47448154283653,15.246875000000012,-113.40617917412679,-0.7344212021461793,0.3662210592195474,17272.086418075225
45.04161678487135,6.571633681578479,38.46998310329288,-16.64511476527694,15.253125000000011,-113.47775092748475,-0.6970138650130828,0.37407337133096574,17258.245326073433
49.55840015666566,9.862586432628278,39.69581372403733,-15.798035876873536,15.259375000000011,-113.54552243791741,-0.6584163436402668,0.38597521372816024,17525.695988336247
51.52608161713962,10.50960210486366,41.01647951227589,-14.923979089323193,15.26562500000001,-113.60937009253455,-0.6185367487025573,0.39879594937709584,17922.55405087753
48.22538178971358,6.394888574395293,41.83049321531831,-14.020783784723733,15.27187500000001,-113.66919032165347,-0.577867833675938,0.40668915026619273,18451.10145930214
43.41338325830743,1.4007493684788839,42.01263388982853,-13.09955538879313,15.27812500000001,-113.72493490505352,-0.5370238343249627,0.4084399935097528,19162.789365353765
49.72322044707199,6.8201371819699155,42.903083265102055,-12.174171031758439,15.28437500000001,-113.77655188998568,-0.4953158643184802,0.417079700064825,20017.987979417936
45.74928102364669,2.512847674159591,43.236433349487115,-11.228984643828989,15.29062500000001,-113.823981934768,-0.45328503132783626,0.42030832990643924,21076.78128294529
43.9526843523755,0.631083608480393,43.32160074389506,-10.27625193497694,15.296875000000009,-113.86720478142351,-0.4111719017822743,0.42113129545561967,21125.296502485682
61.08669458142998,15.635443526360497,45.45125105506949,-9.3214355297822,15.303125000000009,-113.90611278266059,-0.3669881229593649,0.44183778822909425,20702.803105442646
53.90396649167525,7.429792948973278,46.474173542702005,-8.319488863329235,15.309375000000008,-113.94055260952481,-0.32180841432525664,0.4517970863410824,21122.055989640543
57.934489735718024,10.063405163971385,47.871084571746664,-7.294830801033528,15.315625000000008,-113.97040642177534,-0.2752678306851128,0.46540583640143857,22068.773326055307
15.693520026752678,-28.214197508036342,43.907717534788986,-6.239266766429961,15.321875000000007,-113.99579864095747,-0.23257655295759505,0.42691277727517724,22872.908689861324
12.811719799889417,-27.242086446835444,40.053806246724875,-5.270978459737129,15.328125000000007,-114.01710885273333,-0.1936276825594965,0.38948870398098556,23560.960236025283
0.04344582659874476,-35.02246435797976,35.06591018457847,-4.387607951454041,15.334375000000007,-114.03476643742029,-0.15952401117973403,0.34103671379762457,24507.878289367905
-36.96074788150639,-62.9976466696796,26.03689878817318,-3.614195633995433,15.340625000000006,-114.04945249934195,-0.13419722725357974,0.2532678392615429,25331.639472695257
-90.32816549716976,-101.69764832617415,11.369482829004365,-3.0398259505601692,15.346875000000006,-114.06231914974565,-0.12313578082024138,0.11061446433338373,26032.484378400062
-146.93838568185035,-138.24971125324754,-8.688674428602813,-2.788750413364237,15.353125000000006,-114.07505546898835,-0.13159060403388673,-0.08454823213645343,25338.580169826386
-115.34712064725926,-93.08344022455005,-22.263680422709232,-2.979752369093404,15.359375000000005,-114.0892979274589,-0.1532585653769634,-0.2166796134307666,23321.71978881278
-236.54816045410297,-186.91196910291066,-49.63619135119236,-3.4700088026111535,15.365625000000005,-114.10703946186152,-0.20157212267527544,-0.4831355729831204,20564.721918619834
-109.97357774220215,-52.60879481278752,-57.36478292941461,-4.5635455570690375,15.371875000000005,-114.12998870247861,-0.25741268966654707,-0.558405669912716,17754.67853755119
-52.662427699287896,4.095436966128951,-56.75786466541686,-5.827448331384863,15.378125000000004,-114.15849260930634,-0.31266544688776987,-0.5525275722122281,15412.6838640655
-0.9296216629298528,48.635944363269566,-49.56556602619939,-7.07803776524331,15.384375000000004,-114.19217179927486,-0.36091835248273424,-0.4825290559496435,13636.228348938406
25.292242956835423,65.1949293283979,-39.90268637156248,-8.170184174033567,15.390625000000004,-114.23020597627034,-0.3997651874268278,-0.3884683494409358,12300.318222087812
37.74316541053807,67.60462434919235,-29.861458938654277,-9.049443117881337,15.396875000000003,-114.27163608033845,-0.4288368939352938,-0.29071706508465955,11300.637859105203
2.725025856803863,28.364703849936554,-25.639677993132715,-9.70746761205625,15.40312500000001,-114.31576785756197,-0.4537986505350289,-0.24961756599735072,10527.502412261794
30.230120075497396,48.61917271133994,-18.389052635842578,-10.272499204680093,15.40937500000001,-114.36204286646085,-0.47170152744266236,-0.17902876907633483,9934.07521476857
-0.14955759258227724,15.868677001038902,-16.01823459362119,-10.677778148941425,15.41562500000001,-114.40999275492416,-0.48729624182349346,-0.15594714380831123,9451.401237835178
1.4779876520549107,15.218687553242374,-13.740699901187472,-11.03083836167944,15.421875000000009,-114.45939124613201,-0.5006735823334698,-0.13377340509976404,9054.631722513279
6.353826167622183,17.475171360148362,-11.121345192526173,-11.333728443387793,15.428125000000009,-114.50999996364463,-0.5115007679189839,-0.10827185585514146,8727.677867795708
1.382778716384299,10.872124217688475,-9.48934550130419,-11.578909055771899,15.434375000000008,-114.56161195461893,-0.5207390515669617,-0.09238283647977748,8432.18950274142
3.298440813043716,11.116750230120921,-7.818309417077204,-11.788134546643274,15.440625000000008,-114.61406642956335,-0.5283504473214429,-0.07611395754481187,8205.44002594431
2.577935586778678,9.036189682622647,-6.458254095843968,-11.96054018073991,15.446875000000007,-114.66721583829353,-0.5346377272821589,-0.06287279960716016,8012.638907311724
1.6667350911409258,7.0609352250150375,-5.394200133874105,-12.102975698825974,15.453125000000007,-114.72094217847177,-0.5398890762827306,-0.052513490005718255,7843.400679601066
-1.4549477511503306,3.4228642715924327,-4.877812022742765,-12.221961341397751,15.459375000000007,-114.77516851582247,-0.544637670731296,-0.04748594448565375,7684.3847806254635
-0.5262709104249643,3.7805570150051633,-4.306827925430122,-12.32956417584609,15.465625000000006,-114.82984191792896,-0.5488303713983944,-0.041927006670984396,7559.050690159763
1.379134899532718,4.939199497195589,-3.5600645976628695,-12.424578893593523,15.471875000000006,-114.8848982399716,-0.5522960694545058,-0.034656980561114034,7447.0941439215285
5.474986647547827,7.847410855312974,-2.3724242077651487,-12.503129849662924,15.478125000000006,-114.94024332297457,-0.5546055906046432,-0.02309521150137371,7350.133955430669
-1.9750827232211756,0.34508315420935787,-2.320165877430531,-12.555499369726077,15.484375000000005,-114.99581681368625,-0.5568642236290224,-0.02258633024379178,7255.5766668929555
1.709527807284275,3.499181113860666,-1.7896533065763933,-12.606708175598897,15.490625000000005,-115.05159034502641,-0.5586064031743228,-0.017421795453003375,7169.639817499905
-2.650994281796356,-0.7478539686762551,-1.903140313120099,-12.646215498551138,15.496875000000005,-115.10754361766156,-0.5604590495287788,-0.018526463544560026,7085.62997869845
-3.406516703805309,-1.3051731206225587,-2.101343583182749,-12.68821332787219,15.503125000000011,-115.1636918017085,-0.5625046314097981,-0.020455818810192785,7005.178352633099
-1.9041289654796199,0.17120537509233547,-2.0753343405719566,-12.734568223054456,15.509375000000011,-115.2200432776335,-0.5645248870902267,-0.020202556804285912,6930.561478040971
-1.1467006551152985,0.8060661627252103,-1.952766817840507,-12.780338636660753,15.51562500000001,-115.27659081314438,-0.5664258231275479,-0.019009360373210778,6860.585908932223
-1.3088981801079698,0.5588401759759761,-1.8677383560839478,-12.823396430499102,15.52187500000001,-115.33332430352004,-0.5682439843858023,-0.018181612582543905,6793.7724446602915
-1.4716433247789364,0.3437605871138389,-1.815403911892776,-12.864568866731348,15.52812500000001,-115.39023706268308,-0.5700111988748792,-0.017672144890768796,6730.222756168541
-1.4373008309828375,0.32812134723498243,-1.7654221782178199,-12.904576550790653,15.53437500000001,-115.44732411054977,-0.5717297584589167,-0.017185595840375607,6670.212883705146
-1.395258230263663,0.3212095397229889,-1.716467769986652,-12.943471526272804,15.54062500000001,-115.50458063170446,-0.5734006646346981,-0.016709061757813278,6614.005284132467
-1.3750483860946783,0.29624756658467416,-1.6712959526793523,-12.981276723714434,15.546875000000009,-115.56200204497962,-0.5750276008684893,-0.016269362337911326,6561.1969330783
-1.3735842744651283,0.25830729000569813,-1.6318915644708285,-13.018075881107597,15.553125000000009,-115.61958423415521,-0.5766161826433728,-0.01588581774883483,6511.543495664953
-1.3130532223098403,0.2766234976065955,-1.589676719916435,-13.053996555690135,15.559375000000008,-115.67732322704103,-0.5781636750728474,-0.015474924294746555,6464.698539863404
-1.3093580784765164,0.24319188553330692,-1.5525499640098235,-13.088977332268538,15.565625000000008,-115.73521516239768,-0.579675032060121,-0.015113569872737069,6420.588985368201
-1.3573382545288806,0.16934797314207947,-1.5266862276709592,-13.123130925535058,15.571875000000007,-115.7932569749278,-0.5811612185423846,-0.014861864822635502,6378.991125956706
-1.2136826330522497,0.27152760289153316,-1.4852102359437818,-13.156706185858367,15.578125000000007,-115.85144538770565,-0.5826070370147797,-0.01445818472395151,6339.557657793465
-1.1275520884694223,0.3102566665561187,-1.4378087550255403,-13.189359727204335,15.584375000000007,-115.90977607553044,-0.5840067194811934,-0.013996824664137698,6302.526810982758
-1.2684221409028569,0.1469294556909137,-1.4153515965937704,-13.220961681353565,15.590625000000006,-115.9682456389605,-0.5853845491198618,-0.013778296386683443,6267.527564608783
-1.3353260415306305,0.06940986833284897,-1.4047359098634777,-13.252062522882982,15.596875000000006,-116.02685246911095,-0.5867520538892982,-0.01367504769436349,6234.542489106634
-1.2067046320525616,0.17177127722597285,-1.378475909278535,-13.282923984582903,15.603125000000013,-116.08559477202509,-0.5880940043934557,-0.013419505041575849,6203.500568101635
-1.179267776024188,0.1727902376136355,-1.3520580136378242,-13.313202081053078,15.609375000000012,-116.14446998459407,-0.5894102469860655,-0.013162425926097255,6174.28762314763
-1.1248402931433386,0.19708546575873162,-1.32192575890207,-13.342894130848252,15.615625000000012,-116.20347535522492,-0.5906971656309485,-0.012869186448831144,6146.725813818086
-1.4907072760792963,-0.14641471384002755,-1.344292562239269,-13.371919079935353,15.621875000000012,-116.26261050697282,-0.5920058693268497,-0.013087036959012222,6120.747453089371
-2.2753549074497808,-0.8076311409762384,-1.467723766473543,-13.40143470711452,15.628125000000011,-116.32188253785169,-0.5934347482506808,-0.014288789238310244,6096.639721281324
-2.4842135797185114,-0.8817262400168147,-1.6024873397016963,-13.433669059158605,15.634375000000011,-116.38130401711703,-0.5949948370560063,-0.015600888053254951,6074.8636922727055
2.2615959560451397,3.351725280208652,-1.0901293241635124,-13.468872634937725,15.64062500000001,-116.44085656560209,-0.5960561326452029,-0.010612955891965647,6053.038345599889
0.10216396161606936,1.0341955071360118,-0.932031545519942,-13.492784886893036,15.64687500000001,-116.50050754821754,-0.5969635196638581,-0.009073870186552624,6031.536181179021
-1.9733140606572883,-0.9032240858429167,-1.070089974814372,-13.51321384623467,15.65312500000001,-116.56025599036036,-0.5980053231925804,-0.010418035287223062,6009.459219399773
-1.4509212771383302,-0.3303379363234512,-1.1205833408148793,-13.536686953847031,15.65937500000001,-116.62011107123031,-0.5990962942065892,-0.010909710140087367,5988.8902136413
-0.7277845512687122,0.34069295336015787,-1.0684775046288704,-13.56127510447169,15.66562500000001,-116.68007271316914,-0.6001365445698513,-0.010402503632621119,5969.904820928695
-0.7702215683521039,0.2586830467973006,-1.0289046151494052,-13.584717850124786,15.671875000000009,-116.74013645415745,-0.601138275196366,-0.01001730626514664,5951.795730872739
-1.4970876814692016,-0.4060717370295114,-1.0910159444396899,-13.607292007769358,15.678125000000009,-116.80030339214946,-0.6022004846436887,-0.01062209447322762,5934.43182283511
-1.3878903318575901,-0.25748639648246285,-1.1304039353751272,-13.63123906976958,15.684375000000008,-116.86057846887846,-0.6033010499362537,-0.011005652925649449,5918.028929556043
-0.8817591345050795,0.21563912843875424,-1.0973982629438332,-13.656058767049231,15.690625000000008,-116.92096199577611,-0.604369488016881,-0.010684380806273357,5902.640810177317
-0.695588722897778,0.34847101847630635,-1.0440597413740842,-13.680156147672143,15.696875000000007,-116.98144977025996,-0.6053860016599298,-0.010165136430489271,5887.836557470687
-0.7872840461009487,0.22268497805699278,-1.0099690241579409,-13.703083537331697,15.70312500000001,-117.04203753683768,-0.6063693298945062,-0.009833282345763262,5873.337688905786
-0.8531028096899022,0.13603672415455617,-0.989139533844459,-13.72526549068497,15.70937500000001,-117.10272262250267,-0.6073323834052793,-0.009630535107731177,5859.178545509832
-0.8217473240400853,0.1451644339618997,-0.9669117580019847,-13.746994570074724,15.71562500000001,-117.16350293167893,-0.6082738001201256,-0.00941416714846235,5845.399051345938
-0.7654964082304717,0.17466982362756966,-0.9401662318580405,-13.768240209586965,15.72187500000001,-117.22437608072167,-0.6091891807344302,-0.009153806143046344,5831.898903695975
-0.780102648836729,0.13880814971405808,-0.9189107985507868,-13.788903035664728,15.72812500000001,-117.28533973325617,-0.6100838699554753,-0.008946892210450964,5818.503333061623
-0.7638039696034411,0.1345097194192462,-0.8983136890226874,-13.809104167201527,15.734375000000009,-117.34639185216167,-0.6109585081545736,-0.008746381990983666,5805.219991116789
-0.7144081298018785,0.15948526022597212,-0.8738933900278502,-13.828858176583307,15.740625000000009,-117.40753024618553,-0.6118093723226254,-0.008508641680517926,5792.056880424158
-0.6870066293705983,0.16207159141120436,-0.8490782207818025,-13.848080808356492,15.746875000000008,-117.46875251867344,-0.6126360774356994,-0.00826705113073926,5779.03450661393
-0.6749883789957436,0.15097502045618127,-0.8259633994519244,-13.8667632972162,15.753125000000008,-117.53005633647129,-0.6134402785213524,-0.00804201085653038,5766.093740770272
-0.7137046082447827,0.0973542411675135,-0.8110588494122951,-13.884942988886253,15.759375000000007,-117.5914398488509,-0.6142299690708398,-0.007896905494873586,5753.188932471391
-0.695233709890622,0.10044857085802712,-0.7956822807486488,-13.9028006328048,15.765625000000007,-117.65290158175908,-0.6150046890929403,-0.007747200221004805,5740.2785374865325
-0.6226719806430421,0.15004478384628353,-0.7727167644893251,-13.920325574385751,15.771875000000007,-117.71443966867331,-0.6157570491916814,-0.00752360098741173,5727.294683815468
-0.6108254796558281,0.14040424280589842,-0.751229722461726,-13.937350254337684,15.778125000000006,-117.77605194556045,-0.6164884885513235,-0.007314393596421679,5713.5463662991115
-0.4226623365993824,0.28496406391447154,-0.7076264005138534,-13.95390688468937,15.784375000000006,-117.83773524364952,-0.617177473230092,-0.0068898467876839994,5699.932741330744
-0.5543967597059087,0.13289801077689245,-0.687294770482801,-13.96950763538492,15.790625000000006,-117.8994864503916,-0.6178466616116111,-0.006691883815190722,5685.4689522459985
-0.4210096852722103,0.23095795623635032,-0.6519676415085605,-13.984664893963494,15.796875000000005,-117.9613028561252,-0.618481453060176,-0.006347914485648785,5671.24889668644
-0.4798587998790678,0.14928001481186906,-0.6291388146909374,-13.999047659449069,15.803125000000012,-118.0231816296019,-0.6190940164737981,-0.006125634136221945,5657.051635300006
-1.0841180212027226,-0.39463920039710304,-0.6894788208056192,-14.012930803019353,15.809375000000012,-118.08512459689061,-0.6197653293005744,-0.006713128267762773,5643.087176749088
-0.6378974742616124,0.04474294792429904,-0.6826404221859116,-14.028146615295467,15.815625000000011,-118.1471343625012,-0.6204299829112467,-0.006646536106723098,5629.4285843975495
-0.004806303244086763,0.5879797356652084,-0.5927860389092956,-14.043213973450785,15.821875000000011,-118.20920621908418,-0.6210071487483321,-0.0057716583708534094,5615.89690877083
-0.2411958571529364,0.30499473396958426,-0.5461905911225203,-14.056302701974923,15.82812500000001,-118.27133352382224,-0.6215389460128162,-0.005317972644841285,5601.925113964504
-0.44502924359181784,0.0877587553347887,-0.5327879989266071,-14.068365495037666,15.83437500000001,-118.33351335576909,-0.6220576929242814,-0.005187469114651594,5587.589332812064
-0.40675657496405043,0.10933827128577167,-0.5160948462498222,-14.08013321950309,15.84062500000001,-118.39574424969956,-0.6225601856852624,-0.0050249276098098756,5573.123833026619
-1.2825752049130825,-0.6649822122286821,-0.6175929926843995,-14.09153274108041,15.84687500000001,-118.45803033400543,-0.6231615004320258,-0.006013147467634371,5559.8400528056245
-0.7030606821919057,-0.07415265455198712,-0.6289080276399185,-14.105168224198529,15.85312500000001,-118.52037710057196,-0.6237738308987878,-0.006123304667620095,5546.211859130047
0.5889822937791895,1.056721946661382,-0.467739652882192,-14.119051708504966,15.859375000000009,-118.58277725414267,-0.6242292405154339,-0.004554096166461405,5532.79188999814
0.07659913858552647,0.47232956638319956,-0.3957304277976732,-14.129381589656465,15.865625000000009,-118.64521944309554,-0.6246145385419786,-0.003852980265446098,5518.598718991937
-0.40571210877520936,-0.00866122202568097,-0.39705088674952815,-14.138122558951922,15.871875000000008,-118.70770022610645,-0.6250011216762296,-0.0038658313425096943,5503.842200994129
-0.38011287873748667,0.014699421647139348,-0.394812300384626,-14.14689066817388,15.878125000000008,-118.77021955842814,-0.6253855247575301,-0.003844030813004664,5489.078558690828
-0.25545942679282213,0.12093978292988661,-0.37639920972270874,-14.155607756963747,15.884375000000007,-118.83277643465559,-0.6257519997913503,-0.0036647503382022093,5474.440776616994
-0.30136717406949914,0.06512218081290676,-0.3664893548824058,-14.163918004730307,15.890625000000007,-118.89536947593888,-0.6261088258745211,-0.003568260831708348,5459.897218829044
-1.4227799440555933,-0.9168377305971173,-0.5059422134584758,-14.172009912017037,15.896875000000007,-118.95800498859855,-0.6266014273187719,-0.004926014442508364,5446.388983469902
-0.7611565386188065,-0.22153581468946973,-0.5396207239293364,-14.1831768738183,15.903125000000014,-119.02069140089483,-0.6271268186068709,-0.005253912880990511,5433.38434202532
0.1163393269835756,0.5694426103139953,-0.45310328333041916,-14.195090283675727,15.909375000000013,-119.0834261404854,-0.6275679732043584,-0.004411545974874716,5421.196885158028
-0.5071876480905407,-0.046953719655582885,-0.4602339284349583,-14.205104677532159,15.915625000000013,-119.1462053426205,-0.6280160694975855,-0.00448096293227022,5409.135290437393
-1.1151324765573545,-0.5686093514555789,-0.5465231251017756,-14.215288565425897,15.921875000000012,-119.20903355498355,-0.6285481777634069,-0.0053210826582139464,5397.642133380965
-1.3311275509086677,-0.6812825575398601,-0.6498449933688079,-14.227392694850554,15.928125000000012,-119.27192000787511,-0.6291808800677438,-0.0063270230433684045,5387.443432175593
-1.607366942438154,-0.8315025046790214,-0.7758644377591327,-14.24180063580771,15.934375000000012,-119.33487586552238,-0.629936272877555,-0.007553928098112738,5379.003680593418
-2.116238893573673,-1.164076468839796,-0.9521624247338767,-14.25902327691559,15.940625000000011,-119.3979158443608,-0.6308633038907583,-0.009270310132031945,5372.812411446184
-2.7800312218319365,-1.5876074430176834,-1.192423778814253,-14.280182449212916,15.946875000000011,-119.46106022158264,-0.6320242405461394,-0.01160936655381068,5369.611027290318
-3.6211598019252182,-2.1097142634104875,-1.5114455385147305,-14.30670547298417,15.95312500000001,-119.5243362210983,-0.6334957497669751,-0.014715092208357422,5370.402205407763
-4.71182648043087,-2.7803094426663444,-1.9315170377645263,-14.340350625190817,15.95937500000001,-119.58777981794164,-0.6353761870997503,-0.018804373327751853,5376.545578168432
-6.1407583634535055,-3.6571846009250613,-2.483573762528441,-14.383373467853264,15.96562500000001,-119.65143832755707,-0.6377940052089278,-0.024178181091774633,5389.915972419938
-7.997351195631615,-4.791240961629801,-3.206110234001815,-14.438718786814567,15.97187500000001,-119.71537378269261,-0.6409150975017053,-0.03121092292777409,5413.136284977308
-10.385657717203339,-6.23959729011653,-4.14606042708681,-14.51018891158743,15.97812500000001,-119.77966708700224,-0.6449509886908931,-0.04035891189187792,5450.122276975527
-13.61249465842445,-8.228354536284126,-5.384140122140328,-14.6026317132372,15.984375000000009,-119.84442422028062,-0.6501916768766752,-0.05240688185782123,5506.072619310941
-17.64705303858244,-10.660921727709205,-6.986131310873225,-14.722686764805635,15.990625000000009,-119.90978335552037,-0.6569910279186333,-0.06799351041958017,5589.060155143595
-23.534155014317548,-14.389061200561885,-9.14509381375566,-14.878459828260178,15.996875000000008,-119.97592743372779,-0.6658905362297478,-0.0889950831111452,5711.998062483379
-26.91631874070432,-15.455901709356276,-11.460417031348038,-15.08232526097354,16.00312500000001,-120.04307403418207,-0.6770414728559119,-0.11150936626164024,5900.658193010904
-39.29564749261407,-24.215411435765514,-15.080236056848566,-15.337849145920906,16.009375000000013,-120.11151169028834,-0.6917116492693935,-0.14670176413481664,6181.065303753959
-47.4100793473982,-28.137286280294653,-19.272793067103553,-15.673899651447426,16.015625000000014,-120.18162006988233,-0.7104559426104733,-0.18744293341079737,6578.870315012063
-58.8410884684359,-34.4678256064841,-24.373262861951776,-16.103125174892686,16.021875000000016,-120.25385057872793,-0.7341542343016034,-0.23698291691130113,7194.684860424639
-40.833186332728935,-14.350461761592465,-26.482724571136476,-16.645388024633434,16.028125000000017,-120.32855307296097,-0.7598956503591359,-0.25741416057532496,7904.019729517333
-20.18215066531582,5.510995038611685,-25.693145703927502,-17.234519981293417,16.03437500000002,-120.40579093646286,-0.7848616196786425,-0.24965969319506698,8702.427081204065
-40.65649139831,-13.084550697541584,-27.571940700768423,-17.806313730478443,16.04062500000002,-120.48561625944431,-0.8116448399502977,-0.2678322027165515,9819.267548615277
-55.59480770452743,-24.55262935354736,-31.04217835098004,-18.41927853645846,16.04687500000002,-120.5682880167069,-0.8417903053014393,-0.30145465351141604,11147.478644890354
-81.54554634662885,-44.33440227340139,-37.21114407322748,-19.108244647770206,16.053125000000023,-120.65427339988419,-0.8779173582441876,-0.3612705294274827,12690.61898126303
-52.67561082103196,-13.595472568704494,-39.08013825232749,-19.93249630115652,16.059375000000024,-120.7439618172847,-0.9158509897659077,-0.3793363152172017,14383.930733046529
53.63690281639313,81.6998899238164,-28.062987107423293,-20.79714354789478,16.065625000000026,-120.83690867890623,-0.943086242664769,-0.27235252898861284,15214.747279762061
4.413371619629738,28.66216355840924,-24.2487919387795,-21.417997275946437,16.071875000000027,-120.93239384954228,-0.9666171700561469,-0.2353092739137785,16421.39117671833
26.371167878142625,44.7343120861044,-18.363144207961795,-21.953754871094333,16.07812500000003,-121.02994648741212,-0.9844355873406319,-0.17818417284484933,16892.62337094628
18.59639049002421,32.703638944444336,-14.107248454420102,-22.35906113276834,16.08437500000003,-121.12907446576038,-0.998123979624769,-0.13688392284137138,17164.995530700544
11.134687278305414,22.361426939551727,-11.22673966124633,-22.669988989971607,16.09062500000003,-121.2294315334308,-1.0090173737834618,-0.10893394158692929,17283.609775210556
4.995126355600756,14.386124073088343,-9.390997717487586,-22.916963707264404,16.096875000000033,-121.33078888757039,-1.0181297090083474,-0.09112335224885604,17386.056609664123
4.118392976535064,11.992463592908953,-7.8740706163738965,-23.1230860809071,16.103125000000006,-121.43298389334592,-1.0257704065022786,-0.0764069749393111,17727.977166274155
-6.712427608673293,1.031823353749208,-7.744250962422498,-23.29542657547561,16.109375000000007,-121.53593668946206,-1.0332855158205678,-0.07515109318289286,18763.49604412736
3.1739982941998655,9.709168653618825,-6.53517035941896,-23.46458077646617,16.11562500000001,-121.63958235170728,-1.0396277290838365,-0.06342213263268756,19179.704677001213
6.944437342128315,11.996190041007516,-5.051752698879196,-23.60677870481482,16.12187500000001,-121.74379027331767,-1.04453070312413,-0.04902974040293511,19544.941660619123
8.121057302251575,11.731342437893009,-3.6102851356414263,-23.715985780518004,16.12812500000001,-121.84841855727433,-1.0480349760089758,-0.03504272884845839,19936.980136722224
-1.9703055635596531,1.4611556449011824,-3.4314612084608385,-23.793137788181635,16.134375000000013,-121.95338860675587,-1.0513660136217842,-0.033310376128083,20705.363660321793
32.613181735882065,32.13890219571179,0.47427954017027124,-23.86607344691068,16.140625000000014,-122.05850218555125,-1.0509055622859746,0.0046045133580958,20994.610626248475
18.19379950990775,15.80729883404032,2.3865006758674236,-23.852686719346433,16.146875000000016,-122.1634768815626,-1.0485883579409903,0.023172043449843086,21284.934283792634
13.796667278119052,10.184301017946204,3.6123662601728523,-23.79694472708026,16.153125000000017,-122.26816032042277,-1.04508041926225,0.03507938678740182,21562.240787015387
24.12392112654234,18.318516891948775,5.805404234593566,-23.714015541520762,16.15937500000002,-122.37238644392016,-1.0394420506856026,0.05638368576647477,21751.31819201938
-0.6969766744098695,-5.809172393170841,5.112195718760978,-23.582640267421837,16.16562500000002,-122.4760823575651,-1.034476222213202,0.049658284724005006,22474.869190822006
26.15518491411368,18.810544665562087,7.344640248551595,-23.466483666557505,16.17187500000002,-122.5791732088949,-1.0273408043826466,0.07135417830555416,22560.514151592797
46.0158525776467,34.57959253758599,11.436260040060704,-23.30114534457911,16.178125000000023,-122.68135168236824,-1.0162286650841605,0.11112139298486062,22315.754716480504
46.760790407286834,31.59503639025854,15.16575401702829,-23.045741515262677,16.184375000000024,-122.78223764447186,-1.0014905769883289,0.1473808809583156,21819.074146358987
35.781848798058284,18.443125601226942,17.338723196831367,-22.708344000062826,16.190625000000026,-122.88154409547379,-0.9846384430501914,0.16852133938137456,21320.895277905143
33.16403812277264,14.158503606152035,19.005534516620592,-22.3233408071858,16.196875000000027,-122.97908421184532,-0.9661638843805906,0.18474558669600785,20798.454666410704
37.86439309446411,16.871217755392994,20.99317533907109,-21.901964028388484,16.203125,-123.07468014903478,-0.9457548594085381,0.2040902497205255,20171.412751856635
43.45898909488578,20.094422163529416,23.364566931356357,-21.43720912093805,16.209375,-123.16811980202651,-0.923038200426252,0.22716658982286178,19542.39959908259
44.45458099801821,18.85887849502596,25.595702502992257,-20.92066623704606,16.215625000000003,-123.2591792289298,-0.8981503376394239,0.24887862786828072,18958.018837128395
54.90553134987625,26.19858563105122,28.706945718825008,-20.35544625922919,16.221875000000004,-123.34759853149006,-0.8702357135660268,0.27914624073397076,18450.387623058305
40.85205833012095,10.851110599448337,30.000947730672607,-19.72213858201279,16.228125000000006,-123.43316340863102,-0.8410618292529435,0.2917388431308327,18018.98226083399
57.10013881503481,24.196249983378678,32.90388883165611,-19.060743987842248,16.234375000000007,-123.51566973260812,-0.80906465028904,0.31997178963903505,17692.93148249543
60.2544358722566,24.402164185789793,35.85227168646674,-18.335737070051746,16.24062500000001,-123.59483299480482,-0.7742005936450866,0.3486405664395332,17411.16167838076
52.587180180456315,14.917358761716317,37.66982141874001,-17.546036445087296,16.24687500000001,-123.67042152253362,-0.737569960930896,0.3663063271419061,17354.146333528508
45.03330741878767,6.556424267230937,38.47688315155674,-16.716479060298138,16.25312500000001,-123.74230781629754,-0.7001559143477082,0.3741404658318777,17340.051629076144
49.54839152086874,9.847544314734108,39.700847206134654,-15.869251401566737,16.259375000000013,-123.81039328695282,-0.6615534987577292,0.38602415589979033,17607.349605875475
51.513082241976484,10.493579339125777,41.01950290285072,-14.995087344495051,16.265625000000014,-123.87455451010226,-0.6216709642310322,0.3988253452669696,18004.155116489863
48.20801520384938,6.37679545548524,41.831219748364134,-14.09182913223398,16.271875000000016,-123.93468812545612,-0.5810013428462412,0.4066962138479105,18532.852845885573
43.39208924146405,1.381237426664697,42.01085181479929,-13.170588200355866,16.278125000000017,-123.99074614639841,-0.5401590759996246,0.40842266846616554,19244.66435280163
49.70984919730713,6.809884145987808,42.89996505131927,-12.245246030545443,16.28437500000002,-124.04267680706567,-0.4984541373456005,0.41704938654024104,20099.99001784359
45.73788841419522,2.5055393157201418,43.23234909847504,-11.3001303957991,16.29062500000002,-124.090420877669,-0.45642727472112415,0.42026862624476374,21159.35874182974
43.93255581964532,0.6169370910994795,43.315618728545815,-10.347488535611818,16.29687500000002,-124.13395823942109,-0.4143199603205021,0.42107314400622015,21208.396051659278
61.12143633019904,15.67128454029043,45.45015178990862,-9.392803307057044,16.303124999999994,-124.17318109994252,-0.3701372501081943,0.4418271021230777,20785.1971893641
53.90706792589845,7.4334845858954735,46.47358334000288,-8.390878444094547,16.309374999999996,-124.20793586820982,-0.3249581152376189,0.45179134870575405,21203.416993285395
57.9393005024174,10.068146584225971,47.87115391819144,-7.366228981462486,16.315624999999997,-124.23810464718062,-0.27841746417840496,0.46540651059213944,22150.61394757293
15.714996593099139,-28.19542449229549,43.91042108539465,-6.310656886852801,16.321875,-124.26381169827958,-0.23572355780070398,0.42693906377700985,22955.361610507407
12.817721168343136,-27.23919656335652,40.05691773169968,-5.342300330019321,16.328125,-124.28543645925721,-0.1967716617519525,0.3895189604875148,23643.916401705756
0.03578183697598665,-35.03189751163904,35.067679348615044,-4.458850595696246,16.334375,-124.30340835583259,-0.16266626975553988,0.34105391996412604,24591.953930197367
-36.974492729818174,-63.0112167703382,26.036724040520046,-3.6853870310871644,16.340625000000003,-124.31840865211092,-0.13733965581107538,0.25326613944464516,25417.307980334885
-90.37117340305204,-101.73508409140247,11.363910688350419,-3.111008016481742,16.346875000000004,-124.33158981642902,-0.1262836305509152,0.1105602526016017,26119.956177859447
-146.97282363715175,-138.27492089547934,-8.697902741672413,-2.860042179081307,16.353125000000006,-124.34464136964168,-0.134747433702318,-0.08463803151402799,25427.64445097444
-115.37349342619434,-93.09840372302475,-22.275089703169606,-3.051235973507212,16.359375000000007,-124.35920006627893,-0.15642649904272457,-0.2167906534040657,23411.3363870282
-236.56392374179057,-186.91576802172946,-49.64815572006111,-3.541735675946034,16.36562500000001,-124.37725897632609,-0.20475170190055975,-0.4832520285783516,20656.918499380117
-109.98061899511843,-52.60450338657305,-57.376115608545376,-4.63553048461911,16.37187500000001,-124.40052672644387,-0.26060330045502883,-0.5585159855446908,17847.839216168402
-52.66343183722008,4.1044378288347705,-56.76786966605484,-5.899679112002266,16.37812500000001,-124.42935018133481,-0.31586579736386144,-0.5526249690883264,15505.699288215348
-0.928488247520262,48.645647868922325,-49.57413611644253,-7.1504864536330635,16.384375000000013,-124.46334982350724,-0.3641270460846805,-0.48261248720819055,13728.559654311139
25.29351698348361,65.20350269436568,-39.90998571088212,-8.242820041690566,16.390625000000014,-124.50170522517261,-0.4029809872227562,-0.3885394113807571,12392.12499078709
37.74392098244596,67.61163755447026,-29.867716572024325,-9.122238844590509,16.396875000000016,-124.54345721382714,-0.4320587858676158,-0.2907779864485961,11391.587585441408
2.724776083785627,28.36993335013261,-25.645157266346988,-9.78040072957684,16.40312499999999,-124.58791144696386,-0.4570258768668062,-0.24967090999190358,10617.8700168873
30.230974525329597,48.624684457012535,-18.39370993168294,-10.345552925504096,16.40937499999999,-124.63450940520416,-0.47493328793918455,-0.17907411072378362,10023.392877927721
-0.14883885244444484,15.873354244510956,-16.022193096955398,-10.750934625239973,16.41562499999999,-124.68278266240917,-0.49053185616099376,-0.15598568221809236,9540.290408901938
1.4776784679174308,15.221861832114817,-13.744183364197399,-11.104082387990989,16.421874999999993,-124.73250488461808,-0.5039125880172025,-0.13380731856208752,9142.937262487183
6.353333925288826,17.477772677942802,-11.124438752653992,-11.407049689287986,16.428124999999994,-124.78343765328584,-0.5147427853381717,-0.1083019732096919,8815.655899242545
1.38379596350027,10.87569849141323,-9.491902527912952,-11.652299023506929,16.434374999999996,-124.8353739704708,-0.5239835583609018,-0.09240773022730067,8519.982142266883
3.3020577104793403,11.122117365929691,-7.820059655450348,-11.861581472717557,16.440624999999997,-124.8881529812905,-0.5315966580332266,-0.07613099672324847,8292.988917545765
2.5774020102177118,9.037247184882245,-6.459845174664536,-12.034026318303102,16.446875,-124.94162708853972,-0.5378854869509574,-0.06288828917730717,8099.943618364954
1.6668365289005032,7.062406090394103,-5.395569561493603,-12.176497551739178,16.453125,-124.99567827134294,-0.5431381691134777,-0.052526821625203175,7930.410769647151
-1.4546136992079368,3.4243444383525232,-4.878958137560468,-12.295514018635583,16.459375,-125.05022957376437,-0.547887879315261,-0.04749710201783254,7771.208441964952
-0.5265783779493306,3.7812856213615396,-4.307863999310869,-12.40314273545454,16.465625000000003,-125.1052280471602,-0.552081588601168,-0.041937092859070164,7645.625584167777
1.3804847045185265,4.941272022364958,-3.5607873178464353,-12.498180878361866,16.471875000000004,-125.16060952610127,-0.5555479902203374,-0.03466401619169484,7533.419065111729
5.472484589914443,7.845865417651306,-2.3733808277368627,-12.57674831237653,16.478125000000006,-125.2162798477436,-0.5578584426263817,-0.023104524060443398,7436.241342624038
-1.97583114002092,0.3452639728165608,-2.3210951128374813,-12.629139416275596,16.484375000000007,-125.27217866888702,-0.5601179802420222,-0.022595376156405084,7341.512154095997
1.711140383025672,3.501388290613451,-1.7902479075877775,-12.680369147796329,16.49062500000001,-125.32827760482989,-0.5618607386154765,-0.01742758373454291,7255.41594753372
-2.6561162843992423,-0.7517848973475912,-1.904331387051653,-12.719889962466127,16.49687500000001,-125.38455636898279,-0.5637145444423907,-0.018538058269142316,7171.245328963862
-3.409310642022975,-1.3065646684903882,-2.102745973532587,-12.761914366309318,16.503125000000004,-125.44103017077988,-0.5657614914996298,-0.020469470572392335,7090.650238081675
-1.9048326605816823,0.17181190581000946,-2.076644566391693,-12.808300428428323,16.509375000000006,-125.4977073964865,-0.5677830226329352,-0.020215311333053862,7015.8609444675
-1.1461474754234315,0.8076836164941169,-1.953831091917548,-12.854099911871502,16.515625000000007,-125.55458079735295,-0.569684994696129,-0.019019720631937718,6945.692896505524
-1.3082656154040213,0.5603129262546422,-1.8685785416586638,-12.897181288731943,16.52187500000001,-125.61164024577967,-0.5715039738381392,-0.0181897914201029,6878.701038613824
-1.4707873497969686,0.3452326355701079,-1.8160199853670742,-12.938372303224805,16.52812500000001,-125.66887903387394,-0.5732717880471809,-0.01767814209041667,6815.002727169724
-1.437208846150599,0.3287358068833718,-1.7659446530339709,-12.978393561154077,16.53437500000001,-125.72629216608814,-0.5749908562370998,-0.01719068189918809,6754.866601629726
-1.3956142192306247,0.32135400793130275,-1.7169682271619282,-13.01729998388202,16.540625000000013,-125.7838748213793,-0.5766622495860163,-0.01671393348916473,6698.531381107198
-1.3741780150644225,0.2974370357482669,-1.6716150508126917,-13.05511608146613,16.546875000000014,-125.84162240868102,-0.5782894964484034,-0.016272468623871102,6645.596749931644
-1.3721632989770949,0.2598170726680829,-1.6319803716451755,-13.091922082770735,16.553125000000016,-125.89953079173712,-0.5798781646735522,-0.0158866822514875,6595.8188326682775
-1.3108874977015574,0.2785795577515224,-1.5894670554530796,-13.127844469551013,16.559375000000017,-125.95759597262091,-0.5814254530023028,-0.015472883287504699,6548.848623812482
-1.307140127134222,0.24493422582682944,-1.5520743529610506,-13.162820327292692,16.56562500000002,-126.0158140626209,-0.582936346997661,-0.015108939953581771,6504.59405288058
-1.3557957637841802,0.17027353782728696,-1.5260693016114668,-13.196963091054739,16.57187500000002,-126.07418197661677,-0.584421932919604,-0.014855859219430728,6462.851350821997
-1.2105804387872925,0.27368360806264874,-1.4842640468499422,-13.230524361690419,16.57812500000002,-126.13269641477767,-0.5858668302983807,-0.014448973787767804,6423.24910638336
-1.1252166109171127,0.31146186292936257,-1.4366784738464762,-13.26315661519602,16.584375000000023,-126.19135302691535,-0.5872654124552137,-0.013985821568330094,6386.059762365452
-1.2648049772401602,0.14908675275495703,-1.4138917299951181,-13.294733186892365,16.590625000000024,-126.25014838858458,-0.588641820929365,-0.013764084741513525,6350.945515814577
-1.3328026615112953,0.07033242346285873,-1.4031350849741537,-13.325801349332053,16.596875000000026,-126.30908086799616,-0.5900077673021975,-0.013659463728325452,6317.8378843793635
-1.2036890426110838,0.1729985097364321,-1.3766875523475153,-13.356626996770991,16.603125,-126.36814865520304,-0.5913479768354255,-0.013402095332279833,6286.674750537042
-1.175646524395832,0.17438015909735302,-1.3500266834931862,-13.386865121931782,16.609375,-126.42734916614016,-0.5926622419069311,-0.013142650715055543,6257.355256002676
-1.1212951525465238,0.19839859900308252,-1.3196937515496066,-13.416511826103838,16.615625,-126.48667962761812,-0.5939469876522712,-0.012847457453401162,6229.695478944617
-1.4864443815452573,-0.14465305408379134,-1.3417913274614663,-13.445486991924328,16.621875000000003,-126.54613963981728,-0.5952532563312051,-0.013062686789339598,6203.620468657622
-2.2715118580077647,-0.8064672070486026,-1.4650446509591617,-13.47494689198045,16.628125000000004,-126.6057362789861,-0.5966795270451124,-0.014262707139072836,6179.413787106353
-2.480176287788708,-0.8805481219181065,-1.5996281658706017,-13.50712159058362,16.634375000000006,-126.66548209695458,-0.598236832324493,-0.015573052793806328,6157.541332288705
2.2658174703430327,3.3529070059619146,-1.0870895356188828,-13.542261542932932,16.640625000000007,-126.72535869699715,-0.5992951685270342,-0.010583362025412407,6135.621415484991
0.10621176061611103,1.035069884254357,-0.9288581236382459,-13.566106193395683,16.64687500000001,-126.78533342872522,-0.6001994660345737,-0.009042975075394564,6114.033479517975
-1.968685568333295,-0.9019619225239589,-1.066723645809336,-13.586464612591465,16.65312500000001,-126.8454053016379,-0.6012379922188494,-0.010385261842757376,6091.882701640946
-1.4458698358870288,-0.3288762580616414,-1.1169935778253863,-13.609862938971013,16.65937500000001,-126.90558347466545,-0.6023254683322773,-0.010874761134278927,6071.242881662505
-0.7233283239227367,0.3414445205232404,-1.064772844445978,-13.634371398176276,16.665625000000013,-126.96586785367734,-0.6033621119054251,-0.010366435731478465,6052.182102575063
-0.765972290754485,0.2591554416075468,-1.0251277323620314,-13.657731937596786,16.671875000000014,-127.02625396754256,-0.6043601653988945,-0.00998053493469322,6033.994195044636
-1.4923990179306499,-0.40528090590498794,-1.0871181120256612,-13.680222317835723,16.678125000000016,-127.08674290480899,-0.6054185799297127,-0.010584145308182226,6016.55415563176
-1.3833362265886064,-0.256917185860559,-1.126419040728046,-13.704082960320386,16.684375000000017,-127.1473395970812,-0.6065152655146742,-0.010966855849614498,6000.084346469457
-0.876818992982735,0.21646762254759336,-1.093286615530328,-13.728814345435204,16.69062500000002,-127.20804434537962,-0.6075797004536718,-0.010644349389976675,5984.624527688157
-0.69059603896736,0.34923513719162835,-1.0398311761589876,-13.752820648897442,16.69687500000002,-127.26885293525713,-0.608592097096456,-0.010123966427841573,5969.740913507483
-0.7818051425241732,0.22376936399561606,-1.0055745065197892,-13.775654415209349,16.703124999999993,-127.32976109744851,-0.6095711467312263,-0.009790496347702259,5955.1629934744215
-0.847463204161327,0.1371165425368336,-0.9845797466981608,-13.797739120154747,16.709374999999994,-127.39076614282045,-0.6105297607075663,-0.009586139763400309,5940.9306159252465
-0.8157651587547162,0.14639799359003022,-0.9621631523447464,-13.819367342569697,16.715624999999996,-127.45186595855711,-0.611466554025602,-0.009367933180357802,5927.086939565988
-0.7592665281357737,0.1759544500441681,-0.9352209781799421,-13.840507998684474,16.721874999999997,-127.5130581422463,-0.6123771197580311,-0.009105657324291217,5913.526390132808
-0.7738657504607503,0.13992831688569127,-0.913794067346442,-13.861061543186278,16.728125,-127.5743403395902,-0.6132668271198329,-0.008897073618018107,5900.071604501367
-0.7575577319531541,0.13548927234872205,-0.8930470043018761,-13.881149650137536,16.734375,-127.6357104978182,-0.6141363374402229,-0.008695103203899324,5886.725122868138
-0.7069643630071912,0.16137329682662946,-0.8683376598338214,-13.900787366395939,16.740625,-127.69716640430447,-0.61498179228512,-0.008454548448970348,5873.488583853685
-0.6788743064060954,0.16430609958275896,-0.8431804059888549,-13.919887370965835,16.746875000000003,-127.75870563166824,-0.6158027549901024,-0.008209627049824744,5860.396713302085
-0.6680592040526986,0.1518694617933859,-0.8199286658460839,-13.938439729118963,16.753125000000004,-127.82032582343494,-0.6166010803440697,-0.007983253539672724,5847.387819768888
-0.7075847476305434,0.09742807549716428,-0.8050128231277071,-13.956486307191605,16.759375000000006,-127.88202512165999,-0.6173848841569505,-0.00783803812880823,5834.41725668214
-0.6888293594096964,0.10075933398237764,-0.7895886933920748,-13.974210622001479,16.765625000000007,-127.9438020494242,-0.6181536711273219,-0.007687869703714481,5821.44191783817
-0.615561135239422,0.1509270173310678,-0.76648815257049,-13.991601218171711,16.77187500000001,-128.0056547313157,-0.6188999667024321,-0.007462955751102249,5808.3912755031415
-0.6033266114633216,0.141505907680379,-0.7448325191437006,-14.008488607078176,16.77812500000001,-128.06758098852015,-0.6196251773863996,-0.007252106839674287,5794.577844549367
-0.4153722418141764,0.2857384616248146,-0.701110703438991,-14.024904258920584,16.78437500000001,-128.12957763829036,-0.6203078180177259,-0.0068264063132639176,5780.899910886437
-0.5461502185758053,0.13439918843624193,-0.6805494070120477,-14.040361445364937,16.790625000000013,-128.19164155112816,-0.62097043873853,-0.006626207208040374,5766.370386034514
-0.4134460335727823,0.23166767919884357,-0.6451137127716258,-14.055370101319392,16.796875000000014,-128.2537700009064,-0.6215985568262188,-0.006281180876888501,5752.084521463028
-0.4716748922830559,0.15043357214859707,-0.6221084644316525,-14.069601891858882,16.803124999999987,-128.31596014250334,-0.6222042751124173,-0.006057182861984372,5737.821547970409
-1.0756074719236086,-0.39335531309805893,-0.6822521588255499,-14.083330189740336,16.80937499999999,-128.37821378384302,-0.6228685516811743,-0.006642765687570326,5723.795400514539
-0.6294208444389777,0.04582717026435397,-0.675248014703332,-14.09838684409963,16.81562499999999,-128.44053351181037,-0.623526007666032,-0.006574559848576442,5710.057698182209
0.004024211292520147,0.5892271931192367,-0.5852029818267167,-14.113291402485624,16.82187499999999,-128.50291460170683,-0.6240957902632948,-0.005697825972627812,5696.4436493840985
-0.23181560367053705,0.30655373578218503,-0.5383693394527216,-14.126213137240775,16.828124999999993,-128.56535038983915,-0.6246199723833394,-0.005241821200447256,5682.389683611125
-0.43611247957940413,0.08870910443006641,-0.5248215840094708,-14.13810369142639,16.834374999999994,-128.62783793659966,-0.6251309628266746,-0.005109904433351762,5667.954940493926
-0.39737395087174077,0.11056687791282431,-0.5079408287845654,-14.149695978934425,16.840624999999996,-128.6903757605648,-0.6256255164757288,-0.004945536490542157,5653.400420345139
-1.2728681095352332,-0.6636348058025237,-0.6092333037327092,-14.160915927138936,16.846874999999997,-128.7529679709823,-0.6262186918745648,-0.0059317539883600254,5640.058775931708
-0.693483180079621,-0.07309606654059773,-0.6203871135390234,-14.17436729949546,16.853125,-128.81562004187765,-0.6268227260323606,-0.006040341577957877,5626.366138590062
0.5990895179858599,1.0580983204312076,-0.4590088024453485,-14.18806311281888,16.859375,-128.87832465992685,-0.6272696349516081,-0.004469089192476325,5612.875695237828
0.08688240590352954,0.4736766044613566,-0.38679419855782693,-14.198200687487068,16.865625,-128.9410704532909,-0.6276462323293044,-0.0037659737769629065,5598.616002006779
-0.39513221012707456,-0.007234922485835882,-0.38789728764123876,-14.206744814249593,16.871875000000003,-129.00385396006675,-0.6280239031876959,-0.0037767085839149673,5583.798599365624
-0.36951915593799184,0.015949166654993074,-0.3854683225929851,-14.215311280671058,16.878125000000004,-129.0666751156584,-0.6283992086450084,-0.003753054573125333,5568.97600066658
-0.24459031133125828,0.12226338631691303,-0.3668536976481711,-14.223822522617613,16.884375000000006,-129.12953289558288,-0.6287563898445963,-0.003571811995878774,5554.279888984799
-0.29055840600798444,0.06621857760872071,-0.3567769836167053,-14.231922476761707,16.890625000000007,-129.1924259030573,-0.6291037596438372,-0.0034736979924097043,5539.677892294526
-1.411860209295748,-0.9157897734187157,-0.4960704358770323,-14.23980041314166,16.89687500000001,-129.25536042852008,-0.6295867496111949,-0.004829899673576533,5526.117009771628
-0.7498028496208382,-0.22024946596103318,-0.5295533836598049,-14.250749899114487,16.903125000000003,-129.31834488295203,-0.6301023390280214,-0.00515589416826526,5513.04994797373
0.1276454358564842,0.5705179779791847,-0.4428725421227008,-14.262441543047856,16.909375000000004,-129.3813766765373,-0.6305335326769006,-0.004311936488792058,5500.792784177363
-0.4956360404991958,-0.04580699879322142,-0.4498290417059743,-14.272230605772092,16.915625000000006,-129.4444519280956,-0.6309714984888948,-0.00437965811994225,5488.66212334809
-1.103691060972386,-0.5677094195911522,-0.5359816413812344,-14.282185382221904,16.921875000000007,-129.50757517018548,-0.6314933433086439,-0.005218448197491386,5477.102517006349
-1.3209732162851828,-0.6816187637141139,-0.6393544525710686,-14.294057476081264,16.92812500000001,-129.57075562894136,-0.6321158318090672,-0.006224885004232845,5466.838287064003
-1.5963198828867444,-0.8310192826974283,-0.7653006001893156,-14.308234627843744,16.93437500000001,-129.6340044675075,-0.6328609395142185,-0.007451077051513649,5458.335985653604
-2.1047199643707852,-1.1632470749583785,-0.9414728894124061,-14.325225036434697,16.94062500000001,-129.6973363926398,-0.6337775631321052,-0.009166236178866824,5452.08885265075
-2.767973178520386,-1.5864189227416492,-1.181554255778736,-14.346149439865293,16.946875000000013,-129.76077166666067,-0.634927917284904,-0.011503541527988223,5448.836843841368
-3.608667379947686,-2.108304686421617,-1.5003626935260694,-14.372434040379614,16.953125000000014,-129.82433749434983,-0.6363886364983076,-0.014607192134035583,5449.577833334714
-4.698066104702465,-2.7779835554408487,-1.9200825492616158,-14.405836478981437,16.959375000000016,-129.88806982326136,-0.6382579417319909,-0.01869305233683309,5455.671858892543
-6.126125290820294,-3.654405796636036,-2.4717194941842586,-14.448609392585356,16.965625000000017,-129.9520159313194,-0.6406642194290791,-0.02406277697088227,5468.995142893836
-7.981676770155821,-4.787921778693759,-3.19375499146206,-14.503696217841325,16.97187500000002,-130.01623780649632,-0.6437732841091259,-0.031090646800467768,5492.1720393920605
-10.369743643688407,-6.236504907596571,-4.1332387360918315,-14.574897681563195,16.97812500000002,-130.08081630541707,-0.6477966943056637,-0.0402341019653775,5529.120560856407
-13.596705291607615,-8.225775726369415,-5.3709295652382,-14.667062641765693,16.98437500000002,-130.14585736632782,-0.6530245239090327,-0.05227829603368989,5585.039069793171
-17.62950762227967,-10.657154095403852,-6.972353526875829,-14.786832648232517,16.990625000000023,-130.21149911579965,-0.6598104655279766,-0.06785941618944019,5667.998528152131
-23.51762530760639,-14.386669647188327,-9.130955660418064,-14.942309846641217,16.996875000000024,-130.27792444984388,-0.6686962153565984,-0.0888574982862181,5790.918817470272
-26.899817992171165,-15.453848656853818,-11.445969335317356,-15.145873491300822,17.003124999999997,-130.34535091533354,-0.6798330944364802,-0.1113687907988176,5979.619224490173
-39.275387025969245,-24.210356606240637,-15.065030419728611,-15.40109116637583,17.009375,-130.41406699398948,-0.6944884786823733,-0.14655384245893124,6260.034498395378
-47.38716528145964,-28.13057987792111,-19.256585403538534,-15.73682145652936,17.015625,-130.48445226836398,-0.7132170088074429,-0.18728530125069556,6657.865608167696
-58.810994667011386,-34.455731726235946,-24.355262940775425,-16.165707232300388,17.021875,-130.5569580087569,-0.7368977990509877,-0.23680790243544828,7273.691465854434
-40.80108771339424,-14.338169144491903,-26.46291856890232,-16.707592528388222,17.028125000000003,-130.6319338968854,-0.7626199635189576,-0.2572216446796979,7982.78359958787
-20.205685807916492,5.473130619724974,-25.678816427641483,-17.296307714340823,17.034375000000004,-130.7094434955171,-0.7875720091143609,-0.24952045595403335,8780.742021245056
-40.71872624270533,-13.15154130268672,-27.5671849400186,-17.867804881802652,17.040625000000006,-130.78953962645622,-0.8143506096681258,-0.26778600553764903,9897.239544635027
-55.634743683852186,-24.59179900865569,-31.042944675196473,-18.480682642829883,17.046875000000007,-130.87248199789997,-0.8444968192067357,-0.3014620953860993,11225.34147683599
-81.54018431633517,-44.32902148401574,-37.2111628323195,-19.169681242512755,17.05312500000001,-130.9587380333784,-0.8806238903620578,-0.3612707115532211,12768.390293920042
-52.655470257158704,-13.577740685080743,-39.07772957207796,-19.99394620976312,17.05937500000001,-131.0486969870899,-0.9185551838677649,-0.37931293505707125,14461.31118868367
53.67085164274681,81.72768003926105,-28.056828396514298,-20.85855038541094,17.06562500000001,-131.1419139692688,-0.9457844597104956,-0.2722927584273072,15290.893792106217
4.445064661065676,28.68469621616643,-24.23963155510074,-21.479275240485592,17.071875000000013,-131.2376685171495,-0.9693064979034438,-0.2352203819294814,16495.70793959809
26.39509768819562,44.74736336506565,-18.35226567687002,-22.01483473410157,17.078125000000014,-131.33548956001263,-0.9871143593591317,-0.17807861455687923,16965.750532993945
18.621334519972358,32.71608436395996,-14.094749843987598,-22.419902926881335,17.084375000000016,-131.43488480918694,-1.0007906241271796,-0.1367626476804778,17237.21336605294
11.1531617207774,22.36672081539218,-11.213559094614785,-22.7305554153295,17.090625000000017,-131.5355079018472,-1.0116712290779737,-0.10880604950794197,17354.795372329896
4.964175372678171,14.346986357968683,-9.38281098529052,-22.977238492465116,17.09687500000002,-131.63713024432604,-1.0207756204985459,-0.09104391420572157,17456.454967876267
4.107780597152448,11.975775217472258,-7.867994620319802,-23.183178266223823,17.10312499999999,-131.73958954645488,-1.0284104220778878,-0.0763480157934193,17797.523523898213
-6.715642032927091,1.023568603909271,-7.739210636836355,-23.355381794118877,17.109374999999993,-131.84280609956912,-1.0359206402068337,-0.0751021812894596,18832.381896626386
3.1817617968375793,9.711590667972253,-6.5298288711346855,-23.524421051076207,17.115624999999994,-131.94671501506417,-1.0422576696943202,-0.0633702948748657,19248.292055581725
6.9767480074540495,12.020192553868702,-5.043444546414651,-23.6664966444786,17.121874999999996,-132.05118552756213,-1.0471525802647084,-0.048949105703882584,19613.193321514165
8.161291731605345,11.75977674189007,-3.5984850102847217,-23.775515290563302,17.128124999999997,-132.1560754265515,-1.0506453995225493,-0.03492819257840849,20004.88307751142
-1.937828555245417,1.4795830916823611,-3.4174116469277775,-23.852401236220906,17.134375,-132.26130583646471,-1.053962798741954,-0.03317399219404715,20772.574717355237
32.639345843769156,32.14970555526329,0.4896402885058667,-23.925020629529204,17.140625,-132.36667834812778,-1.0534874345193528,0.004753642226012387,21060.778685583282
18.212150000978127,15.809967612272374,2.4021823887057527,-23.911288169126795,17.146875,-132.47191047004415,-1.051155003808211,0.02332430711141759,21350.594963977346
13.816190684263253,10.187731730424554,3.628458953838695,-23.8551928750533,17.153125000000003,-132.57684979211703,-1.047631437649174,0.035235661590369526,21627.64190597264
24.138454442645312,18.317126284221487,5.821328158423818,-23.77190093345753,17.159375000000004,-132.68133024416542,-1.0419776033188748,0.05653834330299241,21816.38109251107
-0.6862342756384335,-5.813800054104671,5.127565778466237,-23.640166346523834,17.165625000000006,-132.7852789665737,-1.0369968448468605,0.04980758472014298,22539.079532972024
26.16418756271057,18.804855021724443,7.359332540986126,-23.523662506043756,17.171875000000007,-132.88862116647877,-1.0298471532545057,0.07149691592354684,22624.118770257483
46.01392488577231,34.56473341615192,11.449191469620386,-23.3579919130189,17.17812500000001,-132.99104964659261,-1.0187224490225455,0.11124704231960188,22379.050530460674
46.753836931595075,31.57725342608918,15.17658350550589,-23.10229483048968,17.18437500000001,-133.09218446088494,-1.0039738368238547,0.1474861219869079,21882.217591636836
35.77503123064275,18.42734154727251,17.347689683370238,-22.764650789045838,17.19062500000001,-133.19173880212773,-0.9871129880322422,0.1686084879161244,21383.950467352588
33.1570976868045,14.144275145307788,19.012822541496703,-22.37944273106159,17.196875000000013,-133.28952601877685,-0.9686313449503068,0.18481643081935473,20861.329012842223
37.863884106087866,16.864244077094853,20.99964002899298,-21.957898879103784,17.203124999999986,-133.38536838778302,-0.9482160351730295,0.20415309777277219,20234.408179212638
43.46801383120229,20.09671234003054,23.371301491171756,-21.49299602916495,17.209374999999987,-133.4790538309608,-0.9254928283827242,0.22723206790305345,19605.49967568294
44.45466969283076,18.852936685066506,25.601733007764253,-20.976300394104456,17.21562499999999,-133.57035842747305,-0.9005991018625101,0.2489372652021399,19021.083851600073
54.93709344264883,26.221406225113537,28.715687217535294,-20.4109444163367,17.22187499999999,-133.65902218144413,-0.872675977558795,0.2792312430371518,18513.735183679324
40.87001292673015,10.85934169863452,30.01067122809559,-19.777442247320618,17.22812499999999,-133.7448306122123,-0.8434926378047873,0.2918333975400761,18082.149858060548
57.11153334582562,24.197742094813897,32.91379125101169,-19.1158327076946,17.234374999999993,-133.8275795355673,-0.8114858292956981,0.3200680850908926,17755.982100053407
60.25581043223654,24.394555494313696,35.861254937922865,-18.390607965288183,17.240624999999994,-133.9069844788826,-0.7766130370103784,0.3487279228531965,17474.194078820623
52.581367736823765,14.904169134882864,37.677198601940894,-17.600710672356872,17.246874999999996,-133.9828138922644,-0.7399752306256444,0.36637806384734073,17417.13864415559
45.02548302532264,6.5428860280122665,38.48259699731034,-16.770992723565787,17.253124999999997,-134.05494043519712,-0.7025556280287233,0.37419602596921137,17402.972318711796
49.53845166788914,9.833618670850838,39.70483299703832,-15.923641657958754,17.259375,-134.12326568344483,-0.6639493369255562,0.386062911031671,17670.29554062395
51.49941407156521,10.477893277527405,41.021520794037826,-15.049392555876013,17.265625,-134.18766639231305,-0.6240648404390781,0.3988449648647813,18067.21126675685
48.19102731355309,6.359930644154759,41.83109666939835,-14.146092716072435,17.271875,-134.24803940127077,-0.5833953387155105,0.4066950172356756,18596.198457610375
43.371240332550954,1.3628727436923591,42.008367588858576,-13.224857151943656,17.278125000000003,-134.3043369425562,-0.542555486992948,0.40839851722562537,19308.299500235662
49.69717855606646,6.800872175834038,42.89630638023239,-12.299571956938978,17.284375000000004,-134.35650742216055,-0.500854105093645,0.41701381899302903,20163.9437011008
45.726818420046385,2.498993287854415,43.22782513219209,-11.354538507733027,17.290625000000006,-134.40449170942972,-0.45883164028963086,0.4202246480401414,21223.8866913661
43.91392825344489,0.6045017157253738,43.30942653771952,-10.401996989714926,17.296875000000007,-134.44826980871153,-0.4167303453465072,0.42101294943123657,21273.544364464717
61.15977307098598,15.710474487676835,45.449298583309115,-9.44744772347866,17.303125,-134.48773374920626,-0.37254846454792967,0.4418188079857751,20849.53243363753
53.91218352020766,7.438730077796056,46.473453442411596,-8.445539808927576,17.309375000000003,-134.5227296452315,-0.32736945595685263,0.4517900859107704,21267.37834553748
57.9475163277889,10.07547319651857,47.87204313127032,-7.420889834838072,17.315625000000004,-134.55313951504928,-0.28082794039882836,0.4654151555802427,22215.71048987049
15.736993659723487,-28.176913939386093,43.91390759910957,-6.3652931446962855,17.321875000000006,-134.5790874442742,-0.23813064409940762,0.4269729629942073,23021.82568671089
12.824930217032723,-27.235934453228495,40.0608646702612,-5.396853120787973,17.328125000000007,-134.60095272197884,-0.1991749099934797,0.3895573410592792,23711.30085660726
0.029687361095599482,-35.040687911268016,35.070375272363634,-4.5133082587455355,17.33437500000001,-134.6191648122811,-0.16506689605179012,0.3410801394168957,24660.315806162453
-36.98516230592763,-63.02290739149364,26.037745085566037,-3.739775915961609,17.34062500000001,-134.63440512152917,-0.13973928890965384,0.2532760714213628,25486.924568528386
-90.411497966957,-101.77121956044867,11.359721593491667,-3.165364333032869,17.34687500000001,-134.64782645293707,-0.12868733924810097,0.11051949661552884,26190.9634943318
-147.0058011662023,-138.30006273883308,-8.705738427369225,-2.9144808124194643,17.353125000000013,-134.66111875825905,-0.13715876719173983,-0.08471427943638861,25499.78260292778
-115.39899486747643,-93.11382196171677,-22.285172905759666,-3.1058384789864757,17.359375000000014,-134.67591907891534,-0.1588476459340542,-0.21688878742314366,23483.714190933046
-236.5746569320677,-186.91633597568642,-49.65832095638129,-3.5965541521901923,17.365625000000016,-134.69422059837,-0.207182743159568,-0.48335097225513785,20730.70890199287
-109.98663088659312,-52.6008829662673,-57.385747920325855,-4.6905686882623865,17.371875000000017,-134.71773192143246,-0.26304371808964166,-0.5586097493007369,17921.957677872186
-52.665170636961236,4.111316626604593,-56.77648726356584,-5.9549266123920965,17.37812500000002,-134.74679983754066,-0.318314604074172,-0.5527088598453036,15579.441826597867
-0.9310629443203498,48.65091219167963,-49.58197513599994,-7.205921892847446,17.38437500000002,-134.78104474195493,-0.3665834842113343,-0.48268880137162296,13801.443510256599
25.291634620793605,65.20869036843655,-39.91705574764293,-8.298426944938457,17.39062500000002,-134.81964613158092,-0.4054443083083299,-0.3886082409699556,12464.270209521168
37.743193972987186,67.61716025028234,-29.87396627729517,-9.178000788716854,17.396875000000023,-134.86164475656489,-0.43452819137116044,-0.2908388306283053,11462.817780953423
2.7241413651051127,28.37482087362731,-25.65067950852218,-9.836300010365612,17.403124999999996,-134.90634619906356,-0.45950065860265377,-0.24972467231493342,10688.490239273957
30.230600706663743,48.62916472694111,-18.398564020277362,-10.401573791549652,17.409374999999997,-134.95319187176517,-0.47741279542966036,-0.17912136827006608,10093.07066105457
-0.1480476815562813,15.878265716996783,-16.026313398553064,-10.807062556488054,17.415625,-135.0017132802873,-0.49301537501278436,-0.15602579583123996,9609.532054318972
1.476869928901435,15.224742496852294,-13.747872567950854,-11.160301362551154,17.421875,-135.0516840339637,-0.5063996985153556,-0.1338432350257129,9211.627510115402
6.352623928922349,17.480363549542272,-11.127739620619913,-11.463350313066398,17.428125,-135.1028656743593,-0.5172331093963252,-0.10833410880969534,8884.017639997057
1.383368615569226,10.878196973288519,-9.494828357719296,-11.708672811382284,17.434375000000003,-135.1550511663711,-0.526476730839492,-0.09243621443166776,8588.134946697026
3.3041232253744743,11.126456464161716,-7.822333238787241,-11.91802020635427,17.440625000000004,-135.20807960510928,-0.5340920439241589,-0.07615313084666901,8360.896359972414
2.5775403928909237,9.039343616671687,-6.461803223780769,-12.09051564913694,17.446875000000006,-135.26180334625818,-0.540382779054124,-0.06290735129965153,8167.633502810414
1.667143604677901,7.064374574244619,-5.3972309695667136,-12.233030534907332,17.453125000000007,-135.3161043391422,-0.5456370786267158,-0.05254299572591823,7997.853760750367
-1.4552150053024986,3.4252655754430275,-4.880480580745529,-12.352084112027141,17.45937500000001,-135.3709056066206,-0.5503882709408117,-0.047511923140957646,7838.466155746845
-0.5269584088851761,3.782278134654379,-4.309236543539555,-12.459746860855175,17.46562500000001,-135.42615418598763,-0.5545833163996986,-0.04195045458886957,7712.640894904209
1.3810329155029855,4.942940515495257,-3.561907599992274,-12.554815707669794,17.47187500000001,-135.4817858922379,-0.5580508086057236,-0.03467492206025029,7600.194441909198
5.468745386278735,7.843590762413558,-2.3748453761348203,-12.633408254377455,17.478125000000013,-135.53770656700462,-0.560362686728758,-0.02311878123034326,7502.80507123331
-1.9769124060873213,0.34559684100248333,-2.3225092470898043,-12.685832020500479,17.484375000000014,-135.59385588138977,-0.5626236009745585,-0.02260914245800554,7407.906218461632
1.7109960995480562,3.502490968061801,-1.7914948685137426,-12.737093261204071,17.490625000000016,-135.65020544010005,-0.5643675732310655,-0.017439722565069517,7321.637118269386
-2.6611979682708333,-0.7551144025150625,-1.9060835657557713,-12.776641855369236,17.496875000000017,-135.70673497299902,-0.5662230847480259,-0.01855511516960401,7237.29854667987
-3.411920518060962,-1.3073092855222481,-2.1046112325387147,-12.81870512482445,17.50312499999999,-135.7634597196148,-0.5682718475673598,-0.020487628193339772,7156.561055328033
-1.905105434692624,0.17319432275679758,-2.078299757449421,-12.865132494910405,17.50937499999999,-135.82038806149134,-0.5702949899635211,-0.02023142396161275,7081.627500028215
-1.1463647995157613,0.8089317002201453,-1.9552964997359048,-12.910968605995286,17.515624999999993,-135.8775127304165,-0.572198388539346,-0.019033985758248734,7011.315873900134
-1.3086802070747565,0.5612249703786006,-1.8699051774533564,-12.9540823767855,17.521874999999994,-135.93482358279863,-0.5740186591030364,-0.018202705636903384,6944.1848832726055
-1.470706025113427,0.3464545640127261,-1.817160589126155,-12.995302675841913,17.528124999999996,-135.99231389493573,-0.5757875836388082,-0.01768924535771768,6880.353988314035
-1.43781455777463,0.3291999912756815,-1.7670145490503106,-13.035349068102716,17.534374999999997,-136.0499786587839,-0.5775076933246793,-0.017201096858711542,6820.095530714929
-1.396999828863002,0.32108004560053,-1.7180798744635324,-13.074279017590513,17.540625,-136.10781305189082,-0.5791801688135427,-0.016724754888634095,6763.636453138835
-1.3740499647373041,0.29851272176463844,-1.6725626865019434,-13.112119514277413,17.546875,-136.16581247723946,-0.5808083381593696,-0.016281693458268732,6710.579282245136
-1.371393361322172,0.2613073314634978,-1.6327006927856702,-13.148946254264702,17.553125,-136.22397277952686,-0.5823977075886062,-0.01589369429236585,6660.68171685105
-1.3094502959970902,0.28045144989304427,-1.5899017458901343,-13.18488432643516,17.559375000000003,-136.28228993585992,-0.5839454190726763,-0.01547711484070082,6613.593639808256
-1.3059524788646897,0.24634172486370295,-1.5522942037283936,-13.219869533590588,17.565625000000004,-136.34076003316784,-0.5854565270856191,-0.015111080129428548,6569.216110802508
-1.3541608677077124,0.17188260736015198,-1.526043475067864,-13.254016873641692,17.571875000000006,-136.39937996391544,-0.586942087866142,-0.014855607805228497,6527.324762921349
-1.208907737568475,0.27511229326604925,-1.4840200308345257,-13.28757727079118,17.578125000000007,-136.45814640569378,-0.5883867477008633,-0.01444659834721335,6487.5649923865485
-1.1233796725998795,0.3128437056911393,-1.4362233782910194,-13.320203809947522,17.58437500000001,-136.51705498742032,-0.5897848868298824,-0.013981391290191315,6450.240218644904
-1.2625902904764914,0.15061314421281602,-1.4132034346893072,-13.351769986390547,17.59062500000001,-136.5761022630246,-0.5911606252559165,-0.013757384260341336,6415.021395949618
-1.3307546543719864,0.07151191179005081,-1.402266566162038,-13.38282258856462,17.59687500000001,-136.63528658059386,-0.5925257261291718,-0.013651008732553045,6381.806011987169
-1.2012445435079442,0.1743655825107715,-1.375610126018715,-13.413628681679231,17.603124999999984,-136.69460611123955,-0.5938648867845808,-0.013391606554090774,6350.537939418524
-1.1729463537048965,0.17578778498159478,-1.348734138686491,-13.443842629817505,17.609374999999986,-136.7540582502563,-0.5951778935502221,-0.013130067656412659,6321.123768912757
-1.1184441511449,0.1997504544596105,-1.3181946056045106,-13.473460400917732,17.615624999999987,-136.8136402039263,-0.5964611798498595,-0.0128328629963739,6293.370582927414
-1.4832357390342614,-0.14317018200076392,-1.340065557033498,-13.502402068843033,17.62187499999999,-136.8733515513411,-0.5977657684464953,-0.013045885966358067,6267.199484537574
-2.268344646784879,-0.8052168610111708,-1.4631277857737082,-13.531823468393686,17.62812499999999,-136.93319934841477,-0.5991901730270566,-0.014244045805613002,6242.898419528777
-2.476930334772696,-0.8793952411081472,-1.5975350936645503,-13.56395545032237,17.63437499999999,-136.99319612909676,-0.6007454406126368,-0.015552675855801827,6220.9333045145195
2.269281683987144,3.3540963602036853,-1.0848146762165418,-13.599048801274844,17.640624999999993,-137.05332347923365,-0.6018015621254195,-0.010561215127826602,6198.920768963951
0.10987997789514345,1.0362785088490465,-0.926398530953902,-13.6228428458898,17.646874999999994,-137.11354873059372,-0.6027034650761612,-0.00901902950741804,6177.246663216403
-1.965210488954453,-0.9010810630369009,-1.0641294259175527,-13.643146592989167,17.653124999999996,-137.1738708771283,-0.6037394656153967,-0.010360005392354602,6155.01971114798
-1.4418333574073203,-0.3276252347962787,-1.1142081226110405,-13.666487288252181,17.659374999999997,-137.23429906190316,-0.6048242298815313,-0.010847642661346215,6134.305355311419
-0.71980765839211,0.34208223674947347,-1.0618898951415832,-13.690933912612813,17.665625,-137.2948331767306,-0.6058580666674064,-0.010338367858751389,6115.165286430493
-0.7624249572460825,0.2597317098102247,-1.0221566670563076,-13.714230481994608,17.671875,-137.35546874144214,-0.6068532275631885,-0.009951608957821401,6096.894320755362
-1.4886608282374578,-0.4046155435053726,-1.0840452847320854,-13.73665496613433,17.678125,-137.4162068353403,-0.6079086503997077,-0.010554228365191147,6079.381275902568
-1.3793377652547565,-0.2561143629120978,-1.1232234023426582,-13.76044748798632,17.684375000000003,-137.47705237909526,-0.6090022246997695,-0.010935743000618722,6062.844415731336
-0.8724489803660344,0.21748615776656682,-1.0899351381326008,-13.785108066101564,17.690625000000004,-137.53800566016056,-0.6100633966063759,-0.010611719066064224,6047.314302811183
-0.686455307913573,0.3499196512382296,-1.0363749591518037,-13.809040150156333,17.696875000000006,-137.59906245140186,-0.6110724282197446,-0.010090316133687705,6032.360564564358
-0.7770551243834732,0.2248914393050619,-1.001946563688535,-13.831797412387154,17.703125,-137.6602184700933,-0.6120479456089369,-0.009755173891923217,6017.713755066494
-0.8424573481936954,0.1383115493815552,-0.980768897575251,-13.853801853686315,17.709375,-137.72147100983562,-0.6130028492375441,-0.009549036286072104,6003.41173877947
-0.8107319722713077,0.14745806707139675,-0.9581900393427049,-13.87534580761104,17.715625000000003,-137.7828179410077,-0.6139357742036241,-0.009329249660800393,5989.499369909102
-0.7540559332857238,0.17702764881650515,-0.9310835821022291,-13.896398646176873,17.721875000000004,-137.8442568452986,-0.6148423116142151,-0.0090653741059102,5975.871654043535
-0.7685351400812819,0.14096311964877958,-0.909498259730061,-13.916860780179078,17.728125000000006,-137.90578535269938,-0.6157278364016298,-0.008855247874146965,5962.350263550699
-0.7519115248456274,0.13666038679341694,-0.8885719116390433,-13.936854013426482,17.734375000000007,-137.9674013939981,-0.6165929895725794,-0.008651531709495498,5948.936802281292
-0.7001816441486394,0.16337454254725892,-0.8635561866958983,-13.956392932852683,17.74062500000001,-138.02910273292412,-0.6174337889478162,-0.008407993752367981,5935.6276943753965
-0.6721648031604428,0.16597815375756467,-0.8381429569180067,-13.975387416344255,17.74687500000001,-138.0908869147185,-0.6182498469398974,-0.008160579920811283,5922.464476989712
-0.6620444735713483,0.15271700262240784,-0.8147614761937553,-13.993828639573527,17.75312500000001,-138.15275156412793,-0.6190431412482627,-0.007932943083653311,5909.384748960992
-0.7021430605325452,0.09766613839240051,-0.7998091989249464,-14.011761250193114,17.759375000000013,-138.21469481511696,-0.6198218785325444,-0.007787372842818432,5896.344842667171
-0.6833306216149668,0.10101527680234043,-0.7843458984173068,-14.029370820385159,17.765625000000014,-138.27671518708505,-0.6205855608294338,-0.007636822968893405,5883.301341748585
-0.6092126319501159,0.15188595983912453,-0.7610985917892399,-14.046645833301811,17.771875000000016,-138.33881079556792,-0.6213266088278537,-0.007410479984199117,5870.182112641225
-0.5964384472647577,0.1428056123659765,-0.7392440596307338,-14.063414427721895,17.778125000000017,-138.40097944492302,-0.6220463782744402,-0.0071976944658645745,5856.297853189302
-0.4088526691553128,0.28654600875342223,-0.6953986779087356,-14.079706923314637,17.78437500000002,-138.46321793670464,-0.6227234573579326,-0.0067707908349235995,5842.5468513237
-0.5391731035565928,0.1354964123410218,-0.6746695158976145,-14.095038250127104,17.79062500000002,-138.52552312722705,-0.623380353090002,-0.00656895732069415,5827.944626464769
-0.4069063825308033,0.23223990609702833,-0.6391462886278325,-14.109917364778765,17.79687500000002,-138.58789227792985,-0.6240026609663011,-0.006223078762991079,5813.588223552951
-0.46441709341471515,0.1515527794498272,-0.6159698728645426,-14.124017700560536,17.803124999999994,-138.65032253109763,-0.6246024023893377,-0.005997414230366462,5799.251171392819
-1.0678507840660179,-0.39195181545630126,-0.6758989686097169,-14.137610784761753,17.809374999999996,-138.712815675875,-0.6252604931581047,-0.0065809076876703594,5785.1565686408585
-0.6214066999010855,0.04726788655914484,-0.6686745864602303,-14.152527506939682,17.815624999999997,-138.77537427797876,-0.6259115489172004,-0.006510557590956186,5771.344236607841
0.011968212345197765,0.5904160700074067,-0.5784478576622089,-14.16728728784791,17.821875,-138.83799359314418,-0.6264747543911217,-0.005632054739212878,5757.65056970678
-0.22345717203687415,0.3079445460897681,-0.5314017181266422,-14.180060246674595,17.828125,-138.90066693848883,-0.6269921525020286,-0.005173981109069008,5743.499132463068
-0.42835059599472985,0.08939811918154159,-0.5177487151762717,-14.191797345128858,17.834375,-138.96339135893766,-0.6274962564748167,-0.005041039727881425,5728.971497001899
-0.3884805284027021,0.1121462713361435,-0.5006267997388456,-14.203233858214366,17.840625000000003,-139.0261653562045,-0.6279836888618087,-0.004874323869920567,5714.3468573993005
-1.263938271526925,-0.6622329738422337,-0.6017052976846908,-14.214292715683465,17.846875000000004,-139.0889930173813,-0.6285695346744867,-0.005858458126780983,5700.942831115951
-0.6846025510199986,-0.07192251334434,-0.6126800376756583,-14.227578277931427,17.853125000000006,-139.1518797973605,-0.6291660649093663,-0.005965302348795905,5687.1875487685
0.6081067892676324,1.0592351202719106,-0.4511283310042777,-14.241104329260088,17.859375000000007,-139.21481836566065,-0.6296053010934591,-0.0043923618409281665,5673.63126345319
0.09619236575610357,0.47491697724746673,-0.3787246114913632,-14.251068313740882,17.86562500000001,-139.2777973327962,-0.6299740416177185,-0.003687405242593637,5659.308542882234
-0.3856142353048228,-0.005978079479579876,-0.3796361558252428,-14.259434674927892,17.87187500000001,-139.34081321833403,-0.6303436691387534,-0.0036962752103483713,5644.428734226736
-0.3598287001384591,0.01718954053441916,-0.37701824067287787,-14.26781914689264,17.87812500000001,-139.403865939156,-0.6307107473004012,-0.0036707816164782037,5629.540620644755
-0.23469708268828174,0.12351583356718232,-0.35821291625546386,-14.276144223753063,17.884375000000013,-139.46695445229813,-0.6310595155422268,-0.003487682418256697,5614.775757006811
-0.28032135307740363,0.06760400622441924,-0.3479253593018228,-14.284053806021149,17.890625000000014,-139.53007734143068,-0.6313982671090638,-0.0033875156683693948,5600.103155874202
-1.4018542417785804,-0.9147878359433156,-0.48706640583526495,-14.291736723886054,17.896875000000016,-139.59324087930943,-0.6318724904661551,-0.004742233570913652,5586.476233662392
-0.7396605504925866,-0.2192614117514092,-0.5203991387411773,-14.302487838768412,17.90312499999999,-139.6564534621842,-0.6323791670293493,-0.005066765631941591,5573.3392681292735
0.1381024252048182,0.5716488845311741,-0.43354645932635594,-14.313977816223078,17.90937499999999,-139.71971248456225,-0.632801280531486,-0.0042211350213669,5561.008537008162
-0.484933928785714,-0.04461238578508966,-0.44032154300062415,-14.32356145283899,17.91562499999999,-139.783014048068,-0.6332299895836794,-0.0042870905219336616,5548.807690534046
-1.092900341739877,-0.5665952973697557,-0.5263050443701213,-14.333306849002891,17.921874999999993,-139.8463626681988,-0.6337424130321853,-0.0051242344850583555,5537.18475397647
-1.3118000979221776,-0.682055977541694,-0.6297441203804836,-14.344965901699066,17.928124999999994,-139.9097675660863,-0.6343555447176996,-0.006131316855143905,5526.859932941472
-1.5863107391175466,-0.8306730079738748,-0.7556377311436717,-14.358931566890547,17.934374999999996,-139.97323990554787,-0.6350912445141442,-0.0073569979644464495,5518.29907013021
-2.093790536048159,-1.162147172267173,-0.9316433637809863,-14.37570946204699,17.940624999999997,-140.03679438267594,-0.6359982980472757,-0.009070535331315003,5511.990508358106
-2.7565687855573295,-1.5850511573940063,-1.1715176281633235,-14.396417857071349,17.946875,-140.10045124160828,-0.6371388805994891,-0.01140582552213392,5508.672687414921
-3.5968947153064437,-2.1067968192059303,-1.4900978961005131,-14.422482122279144,17.953125,-140.16423766595017,-0.6385896062380818,-0.014507256385926788,5509.345638087079
-4.685625402485068,-2.7760934405723217,-1.9095319619127462,-14.455659509041935,17.959375,-140.228189578257,-0.640448639898724,-0.018590336606422047,5515.372453107331
-6.112187519600486,-3.651463101409793,-2.4607244181906944,-14.498201477600727,17.965625000000003,-140.29235422093333,-0.6428442136279052,-0.023955737291811448,5528.62738094461
-7.967568702023723,-4.785217072521552,-3.1823516295021728,-14.553048082137032,17.971875000000004,-140.35679354048145,-0.6459421773343338,-0.03097963706428575,5551.738559714025
-10.354996372676357,-6.233599267616252,-4.121397105060105,-14.624000987991009,17.978125000000006,-140.42158835237598,-0.649954060556003,-0.04011883221669186,5588.620267226294
-13.581678451411516,-8.223007764925402,-5.358670686486116,-14.715908562427414,17.984375000000007,-140.48684455329874,-0.655169957899143,-0.05215897343139941,5644.469385693734
-17.613475028221426,-10.65387424272413,-6.959600785497299,-14.835413018812838,17.99062500000001,-140.5527002255803,-0.6619434877322901,-0.06773529833147106,5727.350759014087
-23.502048211679252,-14.384215000148155,-9.11783321153109,-14.990615049956267,17.99687500000001,-140.61933822334225,-0.670816467506792,-0.08872979774501968,5850.185427911265
-26.884409153791548,-15.451861750711313,-11.432547403080239,-15.193896898789943,18.003124999999983,-140.6869760610728,-0.6819402871041639,-0.11123819597371873,6038.839304222872
-39.257063417062085,-24.206094278743308,-15.050969138318782,-15.448827980964145,18.009374999999984,-140.75590217504907,-0.69658199242102,-0.14641705316856193,6319.175167673111
-47.36574277854241,-28.124175454371972,-19.241567324170447,-15.784259611276516,18.015624999999986,-140.8264960704848,-0.7152959162934248,-0.18713923872404772,6716.906738297391
-58.78258378464405,-34.44406735799018,-24.338516426653886,-16.212827546827768,18.021874999999987,-140.89920888748875,-0.7389604237857146,-0.23664507492289785,7332.604478076433
-40.771552969847086,-14.327019234188523,-26.44453373565857,-16.754358163529393,18.02812499999999,-140.9743901445806,-0.7646647180515305,-0.2570429426581584,8041.364047038915
-20.2319264187462,5.434144749717165,-25.666071168463358,-17.342682980249787,18.03437499999999,-141.05210359943862,-0.7896043791085329,-0.24939661057002435,8838.806142495609
-40.782563011733934,-13.218547142215083,-27.564015869518876,-17.91391366942218,18.04062499999999,-141.13240281345634,-0.816379901245941,-0.26775522137408087,9954.84340596739
-55.67786475447183,-24.632369121783814,-31.045495632688024,-18.52673491220153,18.046874999999993,-141.21554823792127,-0.846528588052731,-0.30148686806790087,11282.686768098396
-81.53806509465697,-44.32492055635077,-37.21314453830623,-19.21580144125161,18.053124999999994,-141.3020075464829,-0.8826575831799945,-0.361289951272635,12825.538969053612
-52.638048469929736,-13.560673256998866,-39.07737521293088,-20.040119775179736,18.059374999999996,-141.39216985227804,-0.9205885327225041,-0.37930949542509507,14518.03187470234
53.70050171599583,81.75349284961317,-28.05299113361737,-20.904723669588968,18.065624999999997,-141.4855899831384,-0.9478140844846497,-0.2722555176214562,15346.518716794273
4.473264693267202,28.70619523614082,-24.232930542873664,-21.525369113895295,18.071875,-141.58154716836478,-0.9713296200430519,-0.23515535558402198,16549.79323432986
26.417813449701647,44.76151527343862,-18.34370182373696,-22.060783770496855,18.078125,-141.67957010795118,-0.9891291716849651,-0.17799551641913147,17018.860833735558
18.643020543975275,32.727695147626925,-14.084674603651655,-22.465664490709127,18.084375,-141.77916634955318,-1.0027956603551067,-0.13666488670141685,17289.53554112363
11.170495543531379,22.373151061220256,-11.20265551768888,-22.776094997725508,18.090625000000003,-141.8799894168449,-1.0136656854790966,-0.10870025123989871,17406.2616911402
4.931366390098685,14.308220184001406,-9.376853793902704,-23.022536904710307,18.096875000000004,-141.98181091594276,-1.022764296478189,-0.09098610999092199,17507.23431061863
4.095790673050537,11.959843117456783,-7.8640524444062665,-23.228343754921074,18.103125,-142.0844688944027,-1.0303952727205365,-0.07630976242347726,17847.576317308623
-6.720307367057998,1.0159205588027238,-7.736227925860707,-23.400458101756488,18.109375,-142.18788378785837,-1.0379025963927875,-0.07507323672250858,18881.87190441503
3.187950544116963,9.714441971534477,-6.526491427417504,-23.56942871866551,18.115625,-142.2919907370269,-1.0442363869777445,-0.06333790584956923,19297.53005798087
7.006918362698995,12.04407365464091,-5.0371552919419065,-23.71142728621012,18.121875000000003,-142.39665881605168,-1.0491251935178583,-0.04888806540113787,19662.15029174374
8.19933642370624,11.788058734853749,-3.5887223111475066,-23.820303316154536,18.128125000000004,-142.50174550256497,-1.0526085367480216,-0.03483343230163199,20053.528716943678
-1.9075225343927622,1.4978913301625094,-3.4054138645552685,-23.89696959087725,18.134375000000006,-142.6071716438677,-1.05591428930674,-0.03305752558718391,20820.78232140292
32.66339833729584,32.160455356693156,0.5029429806026818,-23.969319585884115,18.140625000000007,-142.71273865884547,-1.0554260102484203,0.004882790583195157,21108.104511797967
18.229050750993533,15.813178831072939,2.415871919920594,-23.955288544808937,18.14687500000001,-142.8181639737332,-1.053080287506175,0.023457227422451356,21397.45364847946
13.833486756915367,10.190952325506624,3.642534431408748,-23.898885778371863,18.15312500000001,-142.92329514074692,-1.0495430527685297,0.03537234737645403,21674.3189255737
24.151106028468952,18.31585642145705,5.835249607011903,-23.815277567268964,18.15937500000001,-143.02796607826252,-1.0438756975437176,0.05667355224812098,21862.765273876525
-0.6767700073263774,-5.817780767903714,5.141010760577341,-23.683229904774997,18.165625000000013,-143.13210395709135,-1.038881879032798,0.04993818510919486,22584.771014480757
26.171234045424505,18.799137332652975,7.37209671277153,-23.56642339603335,18.171875000000014,-143.23563404038669,-1.031719786874062,0.07162092158736195,22669.368495605922
46.011268556705936,34.55094657894931,11.460321977756625,-23.400465168203745,18.178125000000016,-143.33824924310986,-1.02058426758924,0.11135519284821874,22424.032419147832
46.7466287188704,31.560853102345888,15.185775616524477,-23.14451661669817,18.184375000000017,-143.43956979261392,-1.005826722492005,0.14757545097235017,21927.15736165736
35.76682076374457,18.411775975942874,17.355044787801702,-22.806664130071674,18.19062500000002,-143.5393090649889,-0.9889587250076313,0.1686799748437376,21428.824425817693
33.148118809894434,14.129664473521993,19.018454336372447,-22.421288563745485,18.19687500000002,-143.63728058161288,-0.9704716074716753,0.18487117535956038,20906.111542889124
37.863865919322805,16.85919074824255,21.00467517108027,-21.999615780550165,18.203124999999993,-143.73330673211942,-0.9500514026588002,0.20420204812875142,20279.369597819663
43.474816139239756,20.098293268619567,23.376522870620185,-21.534597884248967,18.209374999999994,-143.82717545821635,-0.9273231192797997,0.22728283379000463,19650.615642491117
44.454636944931,18.84823916656367,25.606397778367306,-21.017783948042677,18.215624999999996,-143.91866285702991,-0.9024248569914939,0.2489826228830581,19066.211837844898
54.967158701799754,26.244109573517452,28.723049128282288,-20.452322856953316,18.221874999999997,-144.0075088285779,-0.8744945739683188,0.2793028302317512,18558.97915824427
40.887804519568085,10.868659634146937,30.019144885421188,-19.81865706975823,18.228125,-144.0934987069842,-0.8453029941580056,0.29191579810313134,18127.35738871919
57.121625341435546,24.199187143324288,32.922438198111266,-19.15686029660096,18.234375,-144.1764282455411,-0.8132877769797996,0.3201521717820598,17801.242823522498
60.2571263419449,24.388014625517215,35.86911171642767,-18.43144529384759,18.240625,-144.25601300161392,-0.7784073444764981,0.3488043250330157,17519.588465761884
52.57534890152765,14.891799726889733,37.68354917463792,-17.641375823549836,18.246875000000003,-144.3320215369733,-0.7417633627108563,0.3664398176564179,17462.639992182867
45.017694271867306,6.530293826021698,38.48740044584562,-16.811519418174814,18.253125000000004,-144.40432665957633,-0.7043390893497634,0.37424273361092897,17448.566569910286
49.52814705635281,9.820178460346646,39.70796859600616,-15.964064363085793,18.259375000000006,-144.47283010151395,-0.6657297494024786,0.38609339947284743,17716.09035312234
51.48678205704118,10.463883310611626,41.02289874642949,-15.089748234820835,18.265625000000007,-144.53740878464194,-0.6258439131573504,0.3988583624512818,18113.26652737187
48.173803851617635,6.343424676440801,41.83037917517684,-14.186420140388774,18.27187500000001,-144.59795973575,-0.5851751090041264,0.4066880415322401,18642.630395143045
43.350846933769944,1.345438401587433,42.00540853218253,-13.265202362589642,18.27812500000001,-144.65443539790164,-0.5443381340283373,0.40836974975789053,19355.210328357167
49.6854689446565,6.793130548286818,42.892338396369695,-12.33998403646122,18.28437500000001,-144.70678433508206,-0.5026406095802788,0.4169752444805851,20211.29575536912
45.716624257350155,2.4934940574912976,43.22313019985891,-11.395039192026939,18.290625000000013,-144.75494750100086,-0.46062270879557676,0.4201790078470203,21271.74236269588
43.89529380981317,0.5922110223005421,43.30308278751265,-10.442601620196365,18.296875000000014,-144.7989050154727,-0.4185275806415295,0.42095128154047246,21322.08435159449
61.20152669656986,15.752805028351329,45.448721668218475,-9.48819178420316,18.303124999999987,-144.83854870753828,-0.374346260669952,0.4418131997157746,20897.677754645218
53.918417354961484,7.444715501717757,46.47370185324378,-8.486295200941585,18.30937499999999,-144.87372437110113,-0.32916701058713516,0.45179250082816835,21315.46470305406
57.95777639410295,10.084262333333422,47.87351406076948,-7.461637237018362,18.31562499999999,-144.90431392487957,-0.28262406498176584,0.46542945605369335,22265.023099834325
15.761106669674804,-28.15705790320052,43.918164572875284,-6.406004405401247,18.32187499999999,-144.93044125961094,-0.23992262964575903,0.4270143533600681,23072.57610849372
12.83473769985565,-27.23107056378549,40.06580826364109,-5.437465629206631,18.328124999999993,-144.95248549550934,-0.2009620883218435,0.3896054132391551,23763.159376929227
0.02597857619193413,-35.048262126583566,35.0742407027755,-4.553805762720898,18.334374999999994,-144.97087611567645,-0.16685031502048478,0.3411177330135872,24713.08645159989
-36.99354216147236,-63.033617966631596,26.04007580515923,-3.780181275647423,18.340624999999996,-144.98629465346374,-0.1415204407254126,0.2532987429507218,25540.79576749595
-90.45003798604709,-101.80693978585812,11.356901799811022,-3.2057108559993925,18.346874999999997,-144.99989423722303,-0.13047123446012676,0.11049206265285835,26246.03971815291
-147.0379520487292,-138.32567826716547,-8.712273781563749,-2.9548820546643504,18.353125,-145.01336525003916,-0.13894902186225472,-0.08477787402127959,25555.7951956213
-115.42259629010164,-93.12871666249043,-22.293879627611215,-3.146377206161648,18.359375,-145.02834501985012,-0.16064637435683843,-0.2169735249458371,23539.809515327768
-236.5809489206045,-186.9142305882801,-49.6667183323244,-3.6372801203944225,18.365625,-145.04682682082782,-0.20898964519706234,-0.4834327084022391,20787.498678877444
-109.98945664353765,-52.59602589706835,-57.39343074646934,-4.731476526389093,18.371875000000003,-145.0705192080285,-0.26485809881608197,-0.5586845361901962,17978.501890183932
-52.669153975660514,4.114540394350519,-56.78369437001101,-5.996001549103614,18.378125000000004,-145.09976891300872,-0.3201360007887053,-0.5527790197262334,15635.408426559425
-0.9334403540243992,48.65511961186477,-49.58855996588917,-7.247154190369385,18.384375000000006,-145.13419627761652,-0.3684112913676426,-0.4827529057893731,13856.502600222677
25.288008840074603,65.2112673605641,-39.92325852048947,-8.33980339753212,18.390625000000007,-145.1729807498903,-0.4072781541080194,-0.3886686274037677,12518.562223805482
37.74052011945197,67.6202327539754,-29.879712634523447,-9.219513366032668,18.39687500000001,-145.21516303917335,-0.4363676315529323,-0.29089477444912903,11516.204453080774
2.7219867681174437,28.377947283956146,-25.655960515838707,-9.877938932392714,18.40312499999998,-145.260048682759,-0.46134524016019735,-0.24977608607265067,10741.248221229058
30.229418705165656,48.63273176922682,-18.403313064061127,-10.443329011756848,18.409374999999983,-145.30707904479073,-0.4792620004742304,-0.17916760314033073,10144.96365863275
-0.1483707314557128,15.882116408831811,-16.030487140287523,-10.848922504080091,18.415624999999984,-145.35578557698673,-0.494868643445855,-0.15606642971624599,9660.998318621818
1.47545343145139,15.22714082864623,-13.75168739719484,-11.202253470471124,18.421874999999986,-145.40594184320395,-0.5082566808982362,-0.1338803745238114,9262.587694052298
6.350987494325269,17.48225799926262,-11.131270504937355,-11.505386751165739,18.428124999999987,-145.45730935371245,-0.5190935292716244,-0.10836848373388287,8934.650408539595
1.3830637629767006,10.881001957575718,-9.497938194599024,-11.750787376780368,18.43437499999999,-145.5096810390897,-0.5283401782739826,-0.09246649002358202,8638.547717580775
3.304645443986926,11.1296139060182,-7.824968462031272,-11.960203655074467,18.44062499999999,-145.56289595084542,-0.5359580568400013,-0.07617878566018643,8411.061042443092
2.5790680103475307,9.042961863378128,-6.463893853030594,-12.132757540992774,18.44687499999999,-145.61680639505005,-0.5422508272524426,-0.06292770412441269,8217.596025591067
1.6673241638546317,7.066348328526526,-5.399024164671897,-12.275318874833076,18.453124999999993,-145.67129428003926,-0.5475068725321068,-0.05256045279664225,8047.597780552438
-1.4557824032300812,3.4263306863816636,-4.882113089611743,-12.39441234171728,18.459374999999994,-145.72628260637129,-0.5522596541084586,-0.04752781576351694,7888.025440608307
-0.5275212838759414,3.783207420543508,-4.31072870441945,-12.502111427434153,18.465624999999996,-145.78171839668607,-0.5564561521872377,-0.041964980787791,7761.978017606486
1.3808470092894929,4.944075217314561,-3.5632282080250666,-12.597213499792181,18.471874999999997,-145.83753745079522,-0.559924929995972,-0.034687778087343676,7649.311031313719
5.464583559642514,7.841123032467116,-2.376539472824603,-12.675835467591995,18.478125,-145.89364562015993,-0.5622384572979865,-0.023135273020144724,7551.725364681255
-1.9784932537626503,0.34569520153466626,-2.3241884552973167,-12.728296857852703,18.484375,-145.94998259333573,-0.5645010062179063,-0.022625489199198563,7456.668438506837
1.7100222126744902,3.5031034399554897,-1.7930812272809993,-12.779595363199377,18.490625,-146.00651996978425,-0.5662465227521712,-0.01745516534264923,7370.226893926885
-2.6657147020976906,-0.7576587030918166,-1.9080559990058719,-12.819179141765984,18.496875000000003,-146.06323749364034,-0.5681039543699486,-0.018574316177774428,7285.712941584151
-3.414719908559714,-1.308027214210076,-2.1066926943496393,-12.861286068115376,18.503124999999997,-146.12015042852968,-0.5701547434169784,-0.020507890470296934,7204.840473066037
-1.906346316274619,0.17392402369138069,-2.080270339965997,-12.907759460654262,18.509375,-146.17726715590538,-0.5721798040970735,-0.020250606800951174,7129.80600248087
-1.1474478214957964,0.8097021143236667,-1.957149935819463,-12.953639112548327,18.515625,-146.23458039645598,-0.5740850069146604,-0.019052028175868343,7059.400471240235
-1.3090630455421026,0.5625013588358356,-1.8715644043779365,-12.996793804040097,18.521875,-146.29207999143486,-0.5759068926628883,-0.018218857482279024,6992.175611261539
-1.4709675358594305,0.3476676019718238,-1.8186351378312546,-13.03805070544633,18.528125000000003,-146.3497591986983,-0.5776772526058549,-0.017703599429665456,6928.246728068521
-1.4393400969667034,0.3291557411934914,-1.7684958381601945,-13.07812959222056,18.534375000000004,-146.40761300154162,-0.5793988042604675,-0.017215516546126432,6867.885095128349
-1.398728226491128,0.3208656152349994,-1.7195938417261263,-13.117092147724568,18.540625000000006,-146.46563657943116,-0.5810727535301343,-0.016739492696667694,6811.323618504592
-1.374732585307322,0.2992340803819448,-1.6739666656892667,-13.154965934668002,18.546875000000007,-146.5238253315872,-0.5827022895905802,-0.016295360604459512,6758.16605447484
-1.3714334727185729,0.26249069489926563,-1.6339241676178387,-13.191823506434039,18.55312500000001,-146.58217508856794,-0.5842928500240862,-0.015905604335059133,6708.170948080367
-1.308557972120865,0.2822871401958377,-1.5908451123167047,-13.227788399491006,18.55937500000001,-146.6406818050612,-0.5858414798410381,-0.015486298169518829,6660.982327604402
-1.305266448721174,0.247755345344573,-1.5530217940657467,-13.262794223410657,18.56562500000001,-146.69934154386024,-0.5873532961395536,-0.015118162985154353,6616.495629505683
-1.3530613996719318,0.17346765391157049,-1.5265290535835032,-13.296957395923313,18.571875000000013,-146.75815117514807,-0.5888393296172246,-0.01486033477671054,6574.483467865204
-1.2081253295122882,0.276212285772296,-1.4843376152845842,-13.330528265259098,18.578125000000014,-146.8171073565596,-0.5902842986132036,-0.014449689959789912,6534.610470571626
-1.1220008338663172,0.3143153313851817,-1.436316165251501,-13.36316154988793,18.584375000000016,-146.8762056978937,-0.591682528068757,-0.01398229455553343,6497.188206538092
-1.2613143336058739,0.15180048506148225,-1.4131148186673566,-13.39472949570308,18.590625000000017,-146.93544273330855,-0.5930581802280417,-0.013756521592847248,6461.879808431411
-1.3290617378713725,0.07290356536165135,-1.4019653032330228,-13.42577985002453,18.59687500000002,-146.99481679171112,-0.5944229878230449,-0.013648075950032356,6428.575999091772
-1.1994903588291717,0.17562590589370616,-1.3751162647228783,-13.45657899210673,18.60312499999999,-147.0543260244874,-0.5957616677029755,-0.01338679879930553,6397.220452728352
-1.1711293903676694,0.1769354879810245,-1.3480648783486946,-13.486781730507907,18.609374999999993,-147.11396780901939,-0.5970740229366904,-0.013123552337149234,6367.723885532972
-1.115794364883702,0.20146841981142188,-1.317262784695125,-13.516384414864596,18.615624999999994,-147.17373933027082,-0.5983564020918124,-0.012823791551219675,6339.889079025543
-1.4810536450594376,-0.142085656245226,-1.3389679888142123,-13.545305200824158,18.621874999999996,-147.23364014648428,-0.599659922177303,-0.013035200854906568,6313.635162308894
-2.2662107581632376,-0.804317928747389,-1.46189282941585,-13.574702059407612,18.628124999999997,-147.29367729881744,-0.6010831244859165,-0.014232023086134608,6289.254153623973
-2.4742746980353387,-0.8781629167208017,-1.5961117813145378,-13.606806468936158,18.634375,-147.35386330536258,-0.6026370064170776,-0.01553881931161132,6267.208632950023
2.272020089815426,3.355237093147715,-1.0832170033322883,-13.641868095349112,18.640625,-147.4141797343092,-0.6036915725151517,-0.010545660980741056,6245.116067001738
0.11288597967342888,1.037500114520172,-0.9246141348467436,-13.665626574176393,18.646875,-147.47459389984755,-0.6045917382523072,-0.009001657371554641,6223.369465352441
-1.9622338570217694,-0.9000468946568938,-1.0621869623648752,-13.685890644156267,18.653125000000003,-147.5351047791439,-0.6056258476745046,-0.010341094221974281,6201.07481671663
-1.4387655856436832,-0.32664913665678613,-1.1121164489868962,-13.70918818474776,18.659375000000004,-147.59572150030468,-0.606708575541193,-0.010827278666883815,6180.287024216223
-0.7168924761547554,0.3427965352232005,-1.0596890113779565,-13.733588374223947,18.665625000000006,-147.65644394256105,-0.6077402695864632,-0.01031694045270218,6161.072267790637
-0.758945341732933,0.2608408234668856,-1.0197861651998186,-13.756836112035662,18.671875000000007,-147.7172676121697,-0.6087331225867662,-0.009928530003029182,6142.730101444333
-1.4853181831535833,-0.40377236778353537,-1.0815458153700481,-13.779208038505983,18.67812500000001,-147.77819357389646,-0.6097861119483363,-0.010529893615702064,6125.147838699315
-1.3759993387000564,-0.2553867184798387,-1.1206126202202182,-13.802945174166076,18.68437500000001,-147.83922673671296,-0.6108771443816366,-0.010910324333003618,6108.54171051908
-0.8690047873860665,0.21820897733356964,-1.087213764719636,-13.827547928193344,18.69062500000001,-147.90036737726862,-0.611935666731483,-0.010585223498463954,6092.945215871984
-0.6828378174165832,0.35069684117111877,-1.0335346585877023,-13.851419767542552,18.696875000000013,-147.96161125725428,-0.6129419329817606,-0.010062662502776076,6077.930968245702
-0.7730123044669239,0.22593434670927634,-0.9989466511762004,-13.874114181947615,18.703124999999986,-148.02295408038285,-0.613914529589618,-0.009725966078573692,6063.223382591804
-0.8383096063636556,0.139307013977944,-0.9776166203415998,-13.89605227670807,18.709374999999987,-148.08439312506604,-0.614866364074234,-0.009518344846159744,6048.857329945726
-0.8064390894304616,0.1484472568181217,-0.9548863462485836,-13.917526545936793,18.71562499999999,-148.14592624689263,-0.6157960724573386,-0.009297083831046202,6034.879679392765
-0.749498771577797,0.17811470913960228,-0.9276134807174001,-13.938506383208429,18.72187499999999,-148.20755101207794,-0.6166992312488836,-0.009031587915450357,6021.186937213406
-0.7637956093349114,0.14206401580886466,-0.9058596251437764,-13.958891869366507,18.72812499999999,-148.26926503430602,-0.6175812133125118,-0.008819820636282257,6007.601692550658
-0.7465520266125848,0.13815277515718588,-0.8847048017697707,-13.978804761649503,18.734374999999993,-148.3310662250363,-0.6184426012931352,-0.008613879806233807,5994.124671678861
-0.6944856702885808,0.16496059155567036,-0.8594462618442505,-13.998258326040498,18.740624999999994,-148.39295232505344,-0.619279399050063,-0.008367977569277927,5980.746871313636
-0.6664391212495071,0.16737939421433565,-0.8338185154638428,-14.01716212427268,18.746874999999996,-148.4549208573334,-0.6200912465491957,-0.008118474991326036,5967.516371957478
-0.6565991460011487,0.15368908098364922,-0.8102882269847974,-14.035507955334102,18.753124999999997,-148.5169694289343,-0.6208801854686024,-0.007889389194066551,5954.369948035992
-0.6973232555114084,0.09796669226077975,-0.7952899477721881,-14.053341914457521,18.759375,-148.57909616433605,-0.6216545225667218,-0.007743370981194239,5941.264178147991
-0.6784713589973271,0.1013101566155645,-0.7797815156128921,-14.0708518387677,18.765625,-148.64129957850085,-0.6224137607295231,-0.0075923816280131125,5928.160262439515
-0.6034661956268367,0.15291111321856726,-0.7563773088454036,-14.088026229704765,18.771875,-148.70357777712852,-0.6231502118237926,-0.0073645109426945,5914.982984367398
-0.5904569659017769,0.14389855386912515,-0.7343555197709025,-14.104690761809419,18.778125000000003,-148.76592854879542,-0.6238652215139986,-0.00715009690206028,5901.032562720904
-0.40272393676642765,0.2876216181449586,-0.6903455549113863,-14.120875525281946,18.784375000000004,-148.82834867890082,-0.6245373805940505,-0.006721590800518791,5887.207481923791
-0.5329057318384927,0.1365495417317335,-0.6694552735702259,-14.136095507716762,18.790625000000006,-148.89083500790304,-0.6251891994500345,-0.006518188559839739,5872.529114844784
-0.40105698478196056,0.2327907931598456,-0.6338477779418062,-14.150859740551734,18.796875000000007,-148.95338478529584,-0.6258063484057684,-0.006171489557339104,5858.101447392902
-0.4578295245222245,0.15267084546638127,-0.6105003699886055,-14.16484334909534,18.80312499999998,-149.01599514093743,-0.6264007644264069,-0.00594416020638529,5843.695961068952
-1.0606186340080135,-0.39042293650232385,-0.6701956975056899,-14.178315947650702,18.80937499999998,-149.0786678442683,-0.6270533021905983,-0.006525377641914382,5829.5352237683255
-0.6142465186076456,0.04853161424955853,-0.6627781328572039,-14.193107040469574,18.815624999999983,-149.14140544022086,-0.6276986168610474,-0.006453146704491797,5815.649118636986
0.019271985196470373,0.5916368231052321,-0.5723648379087618,-14.207736940849625,18.821874999999984,-149.2042031660442,-0.6282558996057586,-0.005572827447111535,5801.872708952829
-0.2158847079612932,0.309236584596031,-0.5251212925573241,-14.220375911870416,18.828124999999986,-149.2670543201642,-0.6287671827941607,-0.005112831884021088,5787.628054489708
-0.4210465837421644,0.09028607491333858,-0.5113326586555034,-14.231974674441416,18.834374999999987,-149.32995593129385,-0.6292650397990918,-0.004978570049310554,5773.017918242946
-0.38036602057014596,0.1136197370509445,-0.4939857576210903,-14.243269863114847,18.84062499999999,-149.3929064835925,-0.6297460061738502,-0.004809663747584673,5758.331311759988
-1.255912914475083,-0.6610319804057052,-0.594880934069378,-14.254182436667568,18.84687499999999,-149.455910044276,-0.6303252074965037,-0.005792013226534842,5744.872016001982
-0.6765154845456899,-0.07082697572353325,-0.6056885088221569,-14.267317672107742,18.85312499999999,-149.51897205117555,-0.6309149304941751,-0.0058972299767145854,5731.0566981630855
0.6165752551343853,1.0605165970227528,-0.4439413418883679,-14.280689708447174,18.859374999999993,-149.5820851561575,-0.631347169144623,-0.004322386504478764,5717.4327771329135
0.10494455811528182,0.4762751122577298,-0.3713305541424479,-14.290495365177055,18.865624999999994,-149.64523795014156,-0.6317087105365827,-0.0036154139195975713,5703.042061909369
-0.3766796062758293,-0.004641242141146784,-0.37203836413468233,-14.298698829475804,18.871874999999996,-149.708426932697,-0.6320709405722494,-0.003622300356667287,5688.094126288731
-0.3508244113059832,0.018410105757249186,-0.36923451706323235,-14.306915908924559,18.878124999999997,-149.771652001737,-0.6324304402280183,-0.003594996557688927,5673.135729384172
-0.22560420908993936,0.1246519904865035,-0.3502561995764429,-14.315069490779655,18.884375,-149.83491209682543,-0.6327714615406828,-0.0034102131266450066,5658.300380621343
-0.27084416371991155,0.0689236480973748,-0.3397678118172867,-14.322803762487448,18.890625,-149.89820578343503,-0.6331022706511334,-0.003308091104506673,5643.558889030214
-1.3923942516742056,-0.9136573506371631,-0.4787369010370421,-14.330306943774815,18.896875,-149.96153931617445,-0.6335683841372073,-0.004661134860737845,5629.867613953864
-0.7301617673052626,-0.21824643951754166,-0.5119153277877213,-14.340874536989828,18.903124999999996,-150.0249210754114,-0.6340668006018412,-0.004984164646338881,5616.66323346843
0.14768561718370732,0.5726032512505849,-0.4249176340668775,-14.352177603278099,18.909374999999997,-150.08834844108287,-0.6344805128275489,-0.004137122257077157,5604.263951033827
-0.47500943448059646,-0.043487537719323746,-0.43152189676127245,-14.36157115308161,18.915625,-150.15181749943946,-0.6349006543043899,-0.004201414768410469,5591.999138985619
-1.0826699109908469,-0.5653530521030353,-0.5173168588878114,-14.371122730243043,18.921875,-150.21533274848647,-0.6354043266359344,-0.005036723315444374,5580.314125523817
-1.3032809668649952,-0.6824632977570431,-0.6208176691079527,-14.382583857333778,18.928125,-150.2789034031856,-0.6360087673469128,-0.006044407109784485,5569.923854965935
-1.5770369908650197,-0.8303714645902948,-0.7466655262747253,-14.396353026819979,18.934375000000003,-150.34254062813673,-0.6367357316752572,-0.007269643283444077,5561.2936431616445
-2.083321799208672,-1.160847538719007,-0.9224742604896653,-14.412933514254327,18.940625000000004,-150.40625910762623,-0.637633858114761,-0.008981264395038633,5554.912071354916
-2.74602442045754,-1.583856754803736,-1.1621676656538047,-14.433440292876986,18.946875000000006,-150.47007906741194,-0.638765337599427,-0.011314794846659244,5551.521121810392
-3.5861418617355834,-2.1055783304792444,-1.4805635312563385,-14.459299129871127,18.953125000000007,-150.5340276733317,-0.6402067807958638,-0.014414431964368188,5552.119873061287
-4.673529376282861,-2.7738681837241073,-1.8996611925587534,-14.492267252960078,18.95937500000001,-150.59814082260766,-0.6420562047234135,-0.01849423927549748,5558.072856410984
-6.099199208225279,-3.648754668254613,-2.4504445399706656,-14.534592840256192,18.96562500000001,-150.66246572138118,-0.6444417707467252,-0.023855660233116454,5571.250230688527
-7.954353022756209,-4.78266631456817,-3.1716867081880373,-14.589214427063553,18.97187500000001,-150.72706427753545,-0.6475293523386014,-0.030875815918763216,5594.2777639475935
-10.341042554933544,-6.230741403205216,-4.110301151728328,-14.659934310887305,18.978125000000013,-150.79201726687484,-0.6515304344489325,-0.04001082110331123,5631.068679276877
-13.567344647147824,-8.220193997520512,-5.347150649627315,-14.751599968138018,18.984375000000014,-150.8574305445317,-0.6567351186884578,-0.052046842395252216,5686.820526111042
-17.5983092980148,-10.650705631218841,-6.947603666795956,-14.870853909333492,18.990625000000016,-150.92344214907394,-0.6634969721562587,-0.06761853467800887,5769.589493380723
-23.48761304694628,-14.382096198578925,-9.105516848367353,-15.025795828100263,18.996875000000017,-150.99023489599753,-0.6723579663154602,-0.08860994159201536,5892.2942064097215
-26.869815456194246,-15.449882612468373,-11.419932843725883,-15.22881162599612,19.00312499999999,-151.05802626991334,-0.683469512000675,-0.11111545685214805,6080.830399178671
-39.24003201540241,-24.20225363360886,-15.037778381793547,-15.483471384231589,19.00937499999999,-151.1271046647755,-0.6980983852421894,-0.14628873241514387,6361.00246342627
-47.34549024385115,-28.118031491567965,-19.22745875228318,-15.818620444922098,19.015624999999993,-151.19784951340904,-0.7167985874288395,-0.1870020218665013,6758.543086489513
-58.75632698077483,-34.43348705823299,-24.322839922541863,-16.246886944376428,19.021874999999994,-151.2707118354079,-0.7404478525479911,-0.23649265119151525,7374.008699172813
-40.7430857380798,-14.315866857681204,-26.427218880398595,-16.788082451628963,19.028124999999996,-151.34604099386723,-0.7661353166386478,-0.2568746409065669,8082.35605272065
-20.260095350722935,5.394409407280107,-25.65450475800306,-17.376036323859815,19.034374999999997,-151.42390094663125,-0.7910637386417788,-0.24928422003131065,8879.227868769132
-40.84890067795838,-13.286709332396484,-27.562191345561924,-17.94702245324212,19.040625,-151.5043460079857,-0.8178374884473965,-0.2677374980561764,9994.72862312927
-55.72339806967147,-24.67387463900709,-31.049523430664397,-18.559813055908283,19.046875,-151.58763738674315,-0.8479900867014751,-0.3015259825407866,11322.204792988514
-81.53872168606085,-44.321959781028085,-37.21676190503273,-19.24897677429676,19.053125,-151.67424302076867,-0.8841225938088859,-0.36132507107410833,12864.794828090186
-52.62289641425131,-13.544163247317378,-39.07873316693397,-20.073381811369426,19.059375000000003,-151.76455189353246,-0.9220548614666603,-0.3793226765777432,14556.821068569992
53.72664171618103,81.77772187472374,-28.051080158542735,-20.93802106154609,19.065625000000004,-151.85811856453674,-0.9492785586190582,-0.2722369715239794,15384.30532763398
4.499043978102858,28.727258100848108,-24.228214122745253,-21.558628111432014,19.071875000000006,-151.95422196833684,-0.9727895173828771,-0.23510958763818948,16586.23691512896
26.438781869796614,44.77587694930058,-18.337095079503932,-22.09394087687593,19.078125000000007,-152.05239057711918,-0.9905826582639586,-0.17793140881081487,17054.48462645033
18.66319219612586,32.7396977294117,-14.076505533285824,-22.49867690482044,19.08437500000001,-152.1521317710529,-1.0042412204103615,-0.13658562146402914,17324.47041764192
11.186112629677778,22.379749125094555,-11.193636495416785,-22.808927422560256,19.09062500000001,-152.2530989567887,-1.0151024943058113,-0.10861273895449838,17440.452036566196
4.896692532409481,14.269471430507155,-9.372778898097673,-23.055169936203615,19.09687500000001,-152.35506393907025,-1.0241971513249646,-0.09094657019153272,17540.828266898243
4.0824679232145025,11.944398740751609,-7.8619308175371065,-23.260885803021807,19.103124999999984,-152.45786510007758,-1.0318260688216023,-0.0762891749663769,17880.521150562276
-6.725926313585035,1.009042749740531,-7.734969063325571,-23.432951733182882,19.109374999999986,-152.56142301206262,-1.0393321708793142,-0.07506102057711961,18914.32129004838
3.192674361883049,9.717523433047107,-6.524849071164058,-23.60189251061966,19.115624999999987,-152.66567283898658,-1.045664367600142,-0.06332196720827858,19329.778890440277
7.035307871021353,12.067878314183876,-5.03257044316253,-23.74385237608067,19.12187499999999,-152.77048349358256,-1.050548724319395,-0.048843567192528616,19694.18473821803
8.236170942603813,11.816780756836959,-3.5806098142331475,-23.8526244687508,19.12812499999999,-152.8757121394619,-1.0540241932676393,-0.03475468948244404,20085.327678678186
-1.8786240828742473,1.516415643934431,-3.395039726808675,-23.9291087001655,19.13437499999999,-152.98127934288996,-1.0573198752934463,-0.03295682025806904,20852.107775195323
32.68575931643187,32.171144478956926,0.514614837474939,-24.001226474598095,19.140624999999993,-153.08698634988892,-1.0568202646856226,0.004996106078235975,21138.8438104249
18.245234506065643,15.817205090451788,2.428029415613854,-23.9869343134594,19.146874999999994,-153.19255049999632,-1.0544627374623943,0.023575272232282903,21427.779897525004
13.848803279737492,10.193773315739996,3.655029963997492,-23.930259467529098,19.153124999999996,-153.29781930529032,-1.0509133684175047,0.03549369044889625,21704.50094476426
24.161936426833424,18.314370917035852,5.84756550979757,-23.846371525205335,19.159374999999997,-153.4026266762936,-1.0452340516485084,0.056793167689963675,21892.719472261164
-0.6686202027299817,-5.821501606499864,5.152881403769879,-23.714047953927043,19.165625,-153.50689981399418,-1.0402287023627135,0.05005349285794795,22614.303578446517
26.176995721643898,18.79367824080049,7.383317480843416,-23.596975289827576,19.171875,-153.61056403456607,-1.0330557090752819,0.07172993287431688,22698.619178306846
46.008151476330966,34.53812761053462,11.470023865796346,-23.430765256788927,19.178125,-153.71331235816325,-1.0219107628684614,0.11144946206820543,22453.042880706755
46.73763242262691,31.544131095065076,15.193501327561842,-23.174598495291704,19.184375000000003,-153.81476518180273,-1.0071457099209908,0.14765052947470622,21956.093962394803
35.757098183695874,18.396169330721587,17.36092885297427,-22.836571570997492,19.190625000000004,-153.9146360669738,-0.990271993500265,0.1687371642072592,21457.713682204798
33.137264693690035,14.114692055321086,19.022572638368977,-22.451062477550344,19.196875000000006,-154.01273871028476,-0.9717808727192653,0.18491120780999667,20934.986412284
37.86300179699038,16.85473439333218,21.008267403658188,-22.029295507582045,19.20312499999998,-154.10889561270224,-0.9513571756302955,0.20423697088969692,20308.461814031416
43.480968354378966,20.100583136054386,23.380385218324587,-21.56419554158693,19.20937499999998,-154.20289472833414,-0.9286251370078991,0.22732038622396494,19679.928165951722
44.45348568391958,18.84375660876455,25.60972907515502,-21.047294187501432,19.21562499999998,-154.29451216696197,-0.9037236355485898,0.249015014593092,19095.60689406736
54.9965911808698,26.267439139830277,28.72915204103954,-20.481758037249552,19.221874999999983,-154.38348771964215,-0.8757874180551634,0.2793621749342642,18588.486535986474
40.90506101051648,10.87862424968324,30.02643676083328,-19.847956775399023,19.228124999999984,-154.46960652791446,-0.8465887473912008,0.2919867066396257,18156.89335820809
57.13108054238572,24.20111877952307,32.929961762862675,-19.185998954850586,19.234374999999986,-154.55266427598252,-0.8145662139699503,0.32022533421250493,17830.90715752679
60.25792648570085,24.382015884477592,35.87591060122328,-18.460418361084706,19.240624999999987,-154.63237654518016,-0.7796791699830946,0.3488704398685569,17549.477550943222
52.56941852046688,14.880452238827473,37.68896628163935,-17.67019974447375,19.24687499999999,-154.70851199970687,-0.7430299205509369,0.3664924943215774,17492.741188976965
45.00947384409828,6.518148532752482,38.49132531134583,-16.84022501728253,19.25312499999999,-154.78094358727142,-0.7056018307398452,0.3742808981109166,17478.887711722018
49.51817548808388,9.807816139342378,39.71035934874152,-15.992684789141952,19.25937499999999,-154.84957318711773,-0.6669901661864838,0.38611664553361386,17746.720280852864
51.474043374191886,10.450440410926348,41.023602963265496,-15.118317443209968,19.265624999999993,-154.91427787768924,-0.6271036452438264,0.39886520942657355,18144.26200397086
48.1566437298294,6.3275727817460385,41.82907094808337,-14.214975325263689,19.271874999999994,-154.97495486560092,-0.5864361129899373,0.4066753225388923,18674.047829098738
43.330677916214576,1.3287263392287172,42.00195157698592,-13.293787777099515,19.278124999999996,-155.0315567961909,-0.5456024988097642,0.408336141801731,19387.237395887307
49.674621799669936,6.786592472175908,42.888029327493975,-12.36864681101938,19.284374999999997,-155.08403237930122,-0.5039091633966595,0.41693335413104726,20243.85537194717
45.70783020813643,2.489532765550808,43.21829744258566,-11.42379775267521,19.290625,-155.1323226355017,-0.4618959606131133,0.42013202783546183,21304.85182458194
43.87602723357886,0.5794844894860969,43.29654274409271,-10.47146702617589,19.296875,-155.17640779303565,-0.41980719006568873,0.42088770547424537,21355.87663568173
61.24676255533995,15.798373045526938,45.448389509813005,-9.51720105428916,19.303124999999994,-155.21617946218842,-0.37562619298981087,0.44180997075877837,20931.382637739494
53.92520442550275,7.450972031354251,46.47423239414841,-8.515310806664809,19.309374999999996,-155.25148309319508,-0.33044642714347094,0.4517976584633995,21349.41632684249
57.97050856608498,10.094974041170156,47.875534524914855,-7.490639360291248,19.315624999999997,-155.28220049041371,-0.28390151722955526,0.46544909913915683,22300.115224532627
15.785117092738572,-28.137773699342148,43.9228907920807,-6.434959352063573,19.321875,-155.30845534060578,-0.241195486611716,0.42706030617839247,23108.563301815153
12.848306710547908,-27.223321878998423,40.07162858954634,-5.466312912239156,19.328125,-155.33062657921252,-0.20222928552308428,0.3896620108863171,23800.14066224643
0.024842015584049935,-35.05435188183411,35.07919389741817,-4.582520481828899,19.334375,-155.34914367823603,-0.16811269494701409,0.34116590576070205,24750.951888324544
-37.00052454633547,-63.04405747253546,26.043532926199983,-3.8087819106563003,19.340625000000003,-155.3646882858743,-0.1427794578183602,0.2533323712865387,25579.697630310482
-90.48839252628865,-101.84348218559984,11.355089659311188,-3.2342300207367716,19.346875000000004,-155.37841385949505,-0.131732014596774,0.11047443221586219,26286.086325046366
-147.06684283568958,-138.34932655776407,-8.717516277925494,-2.983435908822924,19.353125000000006,-155.3920112053947,-0.14021490339616338,-0.0848288879938937,25596.65957953363
-115.44011362864997,-93.13942981558495,-22.300683813065014,-3.175041969328819,19.359375000000007,-155.4071178944652,-0.16191887801362095,-0.2170397461745757,23580.570609941646
-236.5913244467087,-186.9173463681938,-49.6739780785149,-3.6660915534097778,19.36562500000001,-155.4257272991235,-0.21026921515272898,-0.48350337139108024,20828.973605810304
-109.99632566402798,-52.59568573517335,-57.40063992885465,-4.760445689925399,19.37187500000001,-155.44954799420125,-0.2661446864019284,-0.5587547124919942,18019.80050197143
-52.67296099608865,4.117505063137551,-56.79046605922623,-6.025128017927031,19.37812500000001,-155.47892668754594,-0.3214291804918272,-0.5528449408989881,15676.132721167482
-0.9377371571825293,48.657275528483524,-49.59501268566602,-7.276428850767832,19.384375000000013,-155.51348368421557,-0.36971075290113914,-0.4828157240931189,13896.302700760414
25.283530834611906,65.21298706831776,-39.92945623370585,-8.36921957984222,19.390625000000014,-155.55239840432859,-0.4085836493591491,-0.38872896458009953,12557.593904207099
37.737133597063675,67.62268034206896,-29.88554674500525,-9.249065726736857,19.396875000000016,-155.59471152712746,-0.43767880661856806,-0.2909515725941898,11554.392041345925
2.7192660994715565,28.380657341749906,-25.661391242278356,-9.907619656377445,19.40312499999999,-155.63972855257649,-0.46266170236210635,-0.2498289574353829,10778.817630408674
30.22743671225601,48.63573292893309,-18.408296216677073,-10.47312935802528,19.40937499999999,-155.6868908033987,-0.48058331408255295,-0.17921611720446584,10181.765478477837
-0.14963790439693264,15.885349377312949,-16.03498728170987,-10.878832717963322,19.41562499999999,-155.73572968601346,-0.4961943382123972,-0.15611024129844261,9697.37821904726
1.4734451967174447,15.22930836472645,-13.755863168008993,-11.232262987129626,19.421874999999993,-155.78601872497464,-0.509586441011411,-0.13392102799013778,9298.50544168636
6.349044202883323,17.484199485405025,-11.135155282521712,-11.535488479216452,19.428124999999994,-155.8375194005957,-0.5204270714100072,-0.1084063039859621,8970.243519147532
1.382335244709909,10.883746278622054,-9.501411033912145,-11.780974942685996,19.434374999999996,-155.8900246092347,-0.5296771013699493,-0.09250029959942119,8673.909416165603
3.3037850098189185,11.131884947738927,-7.828099937920006,-11.990468005878055,19.440624999999997,-155.94337336573003,-0.5372980285365047,-0.0762092716655534,8446.166778790306
2.5793983530928455,9.045970804715058,-6.4665724516222145,-12.163091167846526,19.446875,-155.9974179374886,-0.5435934066350169,-0.06295378098512164,8252.483892880402
1.6686757562396766,7.069850718987757,-5.401174962748079,-12.30571180225271,19.453125,-156.05204018510807,-0.5488515457545549,-0.052581391195380314,8082.278457183077
-1.457116799013257,3.427040076121301,-4.88415687513456,-12.424852935653275,19.459375,-156.10716307824453,-0.5536063169747351,-0.04754771220180187,7922.5349541074165
-0.5283872987770324,3.784230656236777,-4.312617955013812,-12.53259732131415,19.465625000000003,-156.16273362680528,-0.5578046542405828,-0.041983372658477514,7796.297036266898
1.38072374558549,4.945609272977814,-3.564885527392325,-12.627741274899229,19.471875000000004,-156.21868761178922,-0.5612750454381622,-0.03470391197579396,7683.447806096732
5.460136793228925,7.838700270858868,-2.378563477629945,-12.70639999560393,19.478125000000006,-156.27493089121512,-0.5635905430800049,-0.023154976418426655,7585.700900760277
-1.9809844835657016,0.34528945442061376,-2.3262739379863167,-12.758906199827507,19.484375000000007,-156.3314031744778,-0.5658551221737667,-0.022645790937617184,7490.519095211799
1.7093535563020488,3.5043337465831277,-1.794980190281079,-12.810250851498086,19.49062500000001,-156.38807605495137,-0.5676024872976349,-0.017473651238682133,7403.941505655886
-2.671719994898844,-0.7612240288292065,-1.910495966069638,-12.84987664138795,19.49687500000001,-156.44492929402352,-0.5694622941454752,-0.018598068478403777,7319.283030909712
-3.4181064018631164,-1.3088489468502293,-2.1092574550128873,-12.892037476016014,19.503124999999983,-156.5019781877255,-0.5715155798941314,-0.020532857486561435,7238.30197094677
-1.90845637378622,0.17431875225663215,-2.0827751260428524,-12.938567500252608,19.509374999999984,-156.55923112066444,-0.5735430788841417,-0.020274989900103433,7163.191584379383
-1.1488264199837896,0.8106796598261002,-1.9595060798098907,-12.9845024346658,19.515624999999986,-156.61668080337407,-0.5754505753084098,-0.019074964242681756,7092.71389626501
-1.3103877542156726,0.5633965829698311,-1.8737843371855025,-13.027709105128276,19.521874999999987,-156.67431706324268,-0.577274622063726,-0.01824046755316209,7025.418342928198
-1.4716145536045517,0.3490326902968439,-1.820647243901395,-13.069014955929841,19.52812499999999,-156.73213314138096,-0.5790469407019324,-0.017723186382064077,6961.41951175743
-1.4412471956375195,0.32924686752654114,-1.7704940631640607,-13.109138184545403,19.53437499999999,-156.79012401029303,-0.5807704375392746,-0.017234968373422144,6900.98299019444
-1.401095452628108,0.32054541176033907,-1.7216408643884489,-13.148144749108408,19.54062499999999,-156.84828485114477,-0.5824463794958232,-0.016759419565486648,6844.345424697818
-1.3758168727818745,0.30006944420756815,-1.6758863169894416,-13.186063594428893,19.546874999999993,-156.90661105933236,-0.5840777842559758,-0.01631404760152604,6791.114346099177
-1.3717043208852284,0.2639212827336987,-1.6356256036189276,-13.222963392416915,19.553124999999994,-156.96509844859366,-0.58567000097001,-0.01592216714034197,6741.04719918209
-1.3085574639815039,0.28376376364528744,-1.5923212276267917,-13.25896567866884,19.559374999999996,-157.02374295202873,-0.587220067731492,-0.015500667614820385,6693.763882528225
-1.3054124627809516,0.2489093028114373,-1.5543217655923898,-13.294003907496158,19.565624999999997,-157.0825406128908,-0.5887331495100858,-0.015130817785937457,6649.179800065522
-1.3518252489534013,0.17566784067728647,-1.5274930896306895,-13.328195581868947,19.571875,-157.1414882764388,-0.5902201214499738,-0.014869719398879622,6607.078244539187
-1.2081238441434106,0.2770498836294479,-1.4851737277728572,-13.361787530102845,19.578125,-157.20058257773042,-0.5916659043824928,-0.0144578293251894,6567.122341805789
-1.1212316792117543,0.3157078776227119,-1.4369395568344658,-13.394439056568473,19.584375,-157.2598191099845,-0.5930647406991918,-0.013988363166990475,6529.62292014331
-1.260540173142025,0.15301281316147092,-1.4135529863034966,-13.426020540159959,19.590625000000003,-157.31919438798997,-0.5944408194099831,-0.01376078710791253,6494.243511086043
-1.328066153518564,0.0741472732330253,-1.4022134267515898,-13.457080336026937,19.596875000000004,-157.37870672238807,-0.5958058685522356,-0.013650491422525427,6460.87306926852
-1.1986080507346557,0.17660648518588265,-1.3752145359205383,-13.487884719089424,19.603124999999977,-157.43835424802066,-0.597144644099477,-0.013387755472413523,6429.441953762493
-1.1699391341464902,0.178053195981923,-1.347992330128413,-13.518089385580726,19.60937499999998,-157.49813432666096,-0.598456928706742,-0.013122846072650319,6399.871914711352
-1.113840966702146,0.20309991951728404,-1.3169408862194296,-13.547690224997847,19.61562499999998,-157.5580441228207,-0.5997389944878736,-0.01282065781131528,6371.971793789549
-1.4796012212750063,-0.14110500706495335,-1.338496214210052,-13.576603664260801,19.62187499999998,-157.61808317530952,-0.6010420552885438,-0.013030608006702003,6345.655673076107
-2.2643660997487576,-0.803127059312123,-1.461239040436635,-13.605989868543459,19.628124999999983,-157.6782585091295,-0.6024646211113863,-0.014225658228425255,6321.215212430988
-2.472084424059108,-0.8768301461862101,-1.5952542778728984,-13.638079609795602,19.634374999999984,-157.73858262359641,-0.6040176682268914,-0.015530471155050614,6299.106484078761
2.2740882112447847,3.3562871991173173,-1.0821989878725324,-13.673122077585933,19.640624999999986,-157.79903706916954,-0.6050712432358413,-0.010535750089498787,6276.954418465859
0.11520700204175727,1.0386303589958172,-0.9234233569540597,-13.696857861347981,19.646874999999987,-157.8595891438154,-0.6059702496813321,-0.008990064454908004,6255.15553340166
-1.9596846020561098,-0.8988685314296092,-1.0608160706265006,-13.717095431578331,19.65312499999999,-157.92023780752194,-0.6070030244495432,-0.010327747682111825,6232.809664520442
-1.4364519339762267,-0.32583138364120123,-1.1106205503350248,-13.740362507384825,19.65937499999999,-157.9809921735418,-0.6080842959479191,-0.010812714983758633,6211.963351992692
-0.7141146827683481,0.3439084185377103,-1.0580231013060581,-13.764729483062071,19.66562499999999,-158.04185210674387,-0.6091143680932898,-0.010300721453706502,6192.691754149776
-0.7565208196413777,0.2614988113735853,-1.0180196310149627,-13.787940267718989,19.671874999999993,-158.10281310020926,-0.6101055012146362,-0.009911331213464976,6174.292703509715
-1.4826514123889962,-0.40299156211373605,-1.0796598502752597,-13.8102730322107,19.678124999999994,-158.16387620799034,-0.6111566544069449,-0.010511531923086905,6156.647604737673
-1.3733781421484483,-0.2547490393414332,-1.118629102807015,-13.833968383852826,19.684374999999996,-158.22504632849473,-0.612245755680636,-0.0108910127369108,6139.97713982451
-0.8662051067559762,0.21891683461027764,-1.0851219413662532,-13.85852721511881,19.690624999999997,-158.28632372834926,-0.6133022414100464,-0.010564857294104306,6124.322866329914
-0.6796898111646134,0.35161284779190677,-1.0313026589565202,-13.882352756981831,19.696875,-158.3477041571472,-0.6143063345489718,-0.010040931389253813,6109.256302484449
-0.7697014735181217,0.22686998171423423,-0.9965714552323562,-13.90499779769469,19.703124999999993,-158.4091833048053,-0.6152766186133962,-0.00970284064424489,6094.496333341576
-0.8348594407509337,0.14023928834880564,-0.975098729099738,-13.926883376751704,19.709374999999994,-158.47075843581646,-0.6162260016097062,-0.009493829963099693,6080.074448589891
-0.802895370020865,0.14933690448095957,-0.9522322745018246,-13.948301999919098,19.715624999999996,-158.53242739219206,-0.6171531259022937,-0.009271242925874378,6066.039353387452
-0.7457101507754536,0.17909863611418106,-0.9248087868896342,-13.969223204816826,19.721874999999997,-158.59418772618417,-0.6180535539401996,-0.009004280379059487,6052.290594319068
-0.7591994518603573,0.14361763196716518,-0.9028170838275235,-13.989546754351537,19.728125,-158.65603703256423,-0.6189325736608838,-0.008790197206842456,6038.650940877639
-0.7420898394912424,0.13938393783809153,-0.8814737773293343,-14.009392483661465,19.734375,-158.7179732020359,-0.619790815772272,-0.008582421113882048,6025.119164175709
-0.6895894983579612,0.1664046596230154,-0.8559941579809773,-14.02877474667265,19.740625,-158.77999395544435,-0.6206242523966919,-0.008334366244198995,6011.683207810643
-0.6614667682227426,0.1686978059713507,-0.8301645741940924,-14.047602386651755,19.746875000000003,-158.84209679517596,-0.6214325422354623,-0.008082898387702982,5998.396216525624
-0.6517834817647237,0.15469657319786692,-0.8064800549625906,-14.065867626398301,19.753125000000004,-158.9042793109537,-0.6222177733197801,-0.007852310843177852,5985.193637234447
-0.6931345291321576,0.09829673010449555,-0.7914312592366527,-14.083617609918905,19.759375000000006,-158.96653961728924,-0.6229883533910547,-0.007705800712746546,5972.03213165282
-0.6741228295462928,0.10173497541250322,-0.7758578049587956,-14.101042459483544,19.765625000000007,-159.02887622351946,-0.6237437712134033,-0.00755417822348596,5958.879255394863
-0.598378784293378,0.1539203494549528,-0.7522991337483306,-14.118130356195723,19.77187500000001,-159.0912872246586,-0.6244762515691568,-0.007324803557534463,5945.655246675334
-0.5851223212591046,0.1449882612240846,-0.7301105824831898,-14.134705002663948,19.77812500000001,-159.15377039364458,-0.6251871281505166,-0.007108765813598136,5931.64729035473
-0.3975171544866281,0.28845581884530025,-0.6859729733319285,-14.150796217166379,19.78437500000001,-159.2163225015441,-0.6258550298403514,-0.006679016898347749,5917.756203908376
-0.527183687074778,0.13771994436212098,-0.6649036314368996,-14.165919848372903,19.790625000000013,-159.27894037388435,-0.6265024169646195,-0.006473871242681737,5903.0098913783395
-0.3956977383889313,0.2334912510067594,-0.6291889893956908,-14.180583793484967,19.796875000000014,-159.341621246226,-0.6271150298683449,-0.006126129037254034,5888.518236792801
-0.45171831143380936,0.15393060863250133,-0.6056489200663101,-14.194464761467483,19.803124999999987,-159.40436223383222,-0.6277047222562079,-0.00589692387863023,5874.051636401465
-1.0541985347158138,-0.3890623266968598,-0.6651362080189539,-14.207830480747209,19.80937499999999,-159.4671650866368,-0.6283523338354507,-0.006476115792429035,5859.820940660482
-0.6078858072111009,0.049660297565422326,-0.6575461047765233,-14.222510115327704,19.81562499999999,-159.5300323310454,-0.6289925543359065,-0.006402205004558063,5845.851789162536
0.025740392914389634,0.5927092977194719,-0.5669689048050824,-14.237024759504711,19.82187499999999,-159.59295918792884,-0.6295445833329884,-0.005520289970817883,5831.984990932051
-0.20915633828139785,0.3103924246918999,-0.5195487629732977,-14.249544865228781,19.828124999999993,-159.6559389391375,-0.6300504408402505,-0.005058575072622127,5817.667669589127
-0.4137796088697238,0.09175600439227892,-0.5055356132620025,-14.2610208723226,19.834374999999994,-159.71896859385828,-0.6305426535750412,-0.004922127347906659,5802.996084512555
-0.3732211456731643,0.11478902499420642,-0.4880101706673708,-14.272188357931546,19.840624999999996,-159.78204661662974,-0.6310178018541364,-0.004751482790950876,5788.249999477641
-1.248626489163064,-0.659894732723287,-0.5887317564397769,-14.282969292751194,19.846874999999997,-159.84517705752629,-0.6315910160764941,-0.005732142223577453,5774.732538441106
-0.6688851411258572,-0.06954189395275319,-0.599343247173103,-14.295969061752293,19.853125,-159.90836533638355,-0.6321745610690257,-0.005835449925315478,5760.856002659943
0.6243731762641787,1.0617770099360093,-0.43740383367183056,-14.309201307265392,19.859375,-159.9716040861643,-0.6326004345458297,-0.004258734768040176,5747.165831688965
0.11297007368871022,0.4775662643889048,-0.36459619070019494,-14.318862932630452,19.865625,-160.034881878847,-0.6329554191082861,-0.003549845624564673,5732.707637759617
-0.3684759290724283,-0.003366238765916964,-0.36510969030651125,-14.326918023065426,19.871875000000003,-160.0981951949592,-0.6333109031359874,-0.0035548402770129066,5717.694688318625
-0.3426119939297381,0.01952414480672398,-0.36213613873646205,-14.334982442269174,19.878125000000004,-160.1615439146941,-0.6336634915620444,-0.0035258842605697493,5702.673874514601
-0.2170132477555118,0.12594734306323396,-0.34296059081874564,-14.342979620352068,19.884375000000006,-160.22492695975333,-0.6339974096226373,-0.0033391806059288724,5687.776594593446
-0.2621596307345778,0.07012911699974618,-0.33228874773432393,-14.350553139423743,19.890625000000007,-160.28834287707798,-0.6343209368704446,-0.0032352724780730768,5672.972702010592
-1.3836389654548782,-0.9125496235315643,-0.47108934192331414,-14.357891524962286,19.89687500000001,-160.35179790414398,-0.634779604449527,-0.004586675790824212,5659.220791918664
-0.7214238776024878,-0.21729999645614542,-0.5041238811463425,-14.368290612303205,19.90312499999998,-160.41530040611258,-0.635270434922731,-0.004908304732040879,5645.953626529825
0.1568522073968837,0.573797009589425,-0.4169448021925412,-14.37942200958749,19.909374999999983,-160.47884774708703,-0.6356763845663393,-0.004059496436083165,5633.492085697432
-0.4655610080228408,-0.04220648223032334,-0.42335452579251726,-14.388639907313559,19.915624999999984,-160.54243599501876,-0.6360885740682598,-0.004121895019204749,5621.166226927996
-1.0731282886214129,-0.5641598896738138,-0.5089683989475995,-14.398011568054969,19.921874999999986,-160.60606962962893,-0.6365841181352587,-0.004955440669989273,5609.417319206523
-1.2955043386326257,-0.6829598587956177,-0.6125444798370078,-14.40928882212862,19.928124999999987,-160.66975786073073,-0.6371805039008742,-0.005963857656155392,5598.957669873481
-1.568510854976528,-0.8301518510114008,-0.7383590039651267,-14.422875826428113,19.93437499999999,-160.73351185496972,-0.6378993808792618,-0.00718876978387582,5590.254514581229
-2.0734615945567936,-1.1594982664486544,-0.9139633281081392,-14.439273481962935,19.94062499999999,-160.7973462850649,-0.6387892210242596,-0.008898401449978013,5583.800508574783
-2.7360633797592047,-1.5825973363576136,-1.153466043401591,-14.459593015726417,19.94687499999999,-160.8612813575492,-0.6399122286615728,-0.01123007637313219,5580.337418936419
-3.575967373079617,-2.104299047761407,-1.4716683253182108,-14.485260527525131,19.953124999999993,-160.9253442195666,-0.641345011686521,-0.014327830249482268,5580.863104057512
-4.662309608873736,-2.7718488950917077,-1.89046071378203,-14.518033219141435,19.959374999999994,-160.9895707440732,-0.6431854784454655,-0.01840466758944489,5586.737890228298
-6.087093902439599,-3.6462310360302146,-2.4408628664093843,-14.56015685417646,19.965624999999996,-161.05400810381957,-0.645561716481744,-0.023762380362785343,5599.83449487759
-7.941620771617774,-4.779928895561994,-3.1616918760557806,-14.614568352300216,19.971874999999997,-161.11871816805763,-0.6486395682791782,-0.030778517974341987,5622.774683241548
-10.327929362189264,-6.228031719040571,-4.099897643148698,-14.68506937650418,19.978125,-161.18378167263774,-0.6526305233232613,-0.03990955044083106,5659.467328799096
-13.55404766206214,-8.21767953055897,-5.336368131503169,-14.776507585872306,19.984375,-161.24930443442028,-0.657824712327881,-0.05194189004619677,5715.10673284413
-17.583777538152475,-10.647446933928059,-6.936330604224414,-14.895526242777104,19.990625,-161.3154244497431,-0.6645755941281979,-0.06750881800316964,5797.745795664575
-23.474178406588223,-14.380217731115462,-9.09396067547277,-15.050222696957622,19.996875000000003,-161.3823244965719,-0.6734253424479565,-0.08849748319758559,5920.3018279522785
-26.85619039612806,-15.448084676428898,-11.408105719699172,-15.252987542502394,20.003124999999976,-161.4502220327139,-0.6845253803922111,-0.1110003794425458,6108.680950222426
-39.22414722426811,-24.1987253476216,-15.025421876646503,-15.50739126322962,20.009374999999977,-161.51940541338976,-0.6991422331249166,-0.14616852732705465,6388.642797514587
-47.32599227719818,-28.111817999284295,-19.214174277913887,-15.842273605863438,20.01562499999998,-161.59025400080225,-0.7178295151248771,-0.18687281999960495,6785.9451752768655
-58.731923742319964,-34.423803446566176,-24.308120295753792,-16.27025385109078,20.02187499999998,-161.66321869997097,-0.7414644682493159,-0.23634953124438798,7401.125620878407
-40.71661568287624,-14.305621614927597,-26.410994067948618,-16.81113205351074,20.02812499999998,-161.73864873146817,-0.7671361616949769,-0.2567169344566102,8109.040425220349
-20.29012452097115,5.35400159585162,-25.64412611682278,-17.398735603837416,20.034374999999983,-161.81660826449277,-0.7920544987968561,-0.24918337101879176,8905.348177857812
-40.91825226814601,-13.35646891817066,-27.561783349975354,-17.969500028537833,20.040624999999984,-161.8971523820465,-0.8188278522779716,-0.2677335348111558,10020.315585587041
-55.77135530804477,-24.71626269149499,-31.05509261654974,-18.582288141499802,20.046874999999986,-161.98054306760247,-0.8489858588412946,-0.3015800656332302,11347.407679204585
-81.54217221748749,-44.320098387050706,-37.22207383043679,-19.271580334282316,20.053124999999987,-162.06724853670048,-0.8851235231190929,-0.3613766427779828,12889.713576409195
-52.61011785204352,-13.528250106937127,-39.08186774510642,-20.09610720754266,20.05937499999999,-162.15765765452616,-0.9230588333948999,-0.3793531027580701,14581.280905123696
53.74931087701369,81.80045835853484,-28.051147481521184,-20.96081925529483,20.06562499999999,-162.25132472599014,-0.9502825958845457,-0.27223762489645786,15407.90340464891
4.521969454997396,28.747548550146117,-24.225579095148717,-21.581430339313382,20.07187499999999,-162.3475284056658,-0.973790997628485,-0.23508401743939314,16608.72610605719
26.4578304199352,44.79038147681737,-18.332551056882195,-22.116686439960755,20.078124999999993,-162.4457969420113,-0.9915797292814785,-0.17788731652993509,17076.297402284355
18.68137526563031,32.75176596238583,-14.070390696755517,-22.52132294903192,20.084374999999994,-162.54563754638266,-1.0052323581460336,-0.13652628864554991,17345.74546452775
11.199745423475996,22.38640915132087,-11.186663727844886,-22.831438735797796,20.090624999999996,-162.64670350760548,-1.0160868663100397,-0.1085450816400602,17461.11122134677
4.860815531039385,14.23147035260902,-9.370654821569648,-23.07752715034217,20.096874999999997,-162.74876682403504,-1.0251794622811607,-0.09092595971121063,17561.004345898553
4.0673889977876305,11.929127093366025,-7.861738095578398,-23.28319539736646,20.10312499999999,-162.85166620678748,-1.032808192767768,-0.0762873048660713,17900.1931490569
-6.733382848481334,1.0022459926684792,-7.73562884114982,-23.455255940957652,20.109374999999993,-162.95532236317993,-1.0403149350813934,-0.07506742313625575,18933.638140993688
3.1959541796883597,9.721026882711783,-6.525072703023425,-23.62420981755072,20.115624999999994,-163.05967047737556,-1.046647348831138,-0.06332413749744692,19348.96359386191
7.062128323978009,12.091947110807444,-5.029818786829433,-23.766172885376214,20.121874999999996,-163.16457929656377,-1.0515290349328106,-0.048816861016725936,19713.228933886847
8.271755005340147,11.846021619320092,-3.5742666139799493,-23.87488234254881,20.128124999999997,-163.26990566565752,-1.0549983469422495,-0.03469312009438934,20104.214502468927
-1.85145091210931,1.534979023020863,-3.3864299351301703,-23.951224538985137,20.134375,-163.37556986656196,-1.0582856711466568,-0.032873242044074436,20870.638636727905
32.70641198730644,32.1818833902548,0.524528597051645,-24.023150100118478,20.140625,-163.48137297191064,-1.057776435827132,0.005092353195249498,21156.989626065264
18.26080188800516,15.822249667321174,2.4385522206839862,-24.00863678750387,20.146875,-163.58703222826938,-1.0554086913473673,0.02367744479764799,21445.564111556614
13.862424528797614,10.196540040186486,3.665884488611128,-23.951727198068614,20.153125000000003,-163.69239510191497,-1.0518487815643605,0.03559909783006708,21722.15133158469
24.171338517924998,18.313075162182265,5.8582633557427295,-23.867597070621088,20.159375000000004,-163.7972954947308,-1.0461590747525733,0.05689706811787138,21910.17108938615
-0.6614999043903461,-5.824696781113805,5.163196876723463,-23.735034681458302,20.165625000000006,-163.90166063373525,-1.041143705336072,0.050153694165012815,22631.437483628433
26.181163103381447,18.788183969761505,7.392979133619951,-23.617731593228168,20.171875000000007,-164.00541588528313,-1.0339613256216456,0.0718237971442631,22715.492114635268
46.00388295034927,34.525672959950384,11.47820999039888,-23.4513055708532,20.17812500000001,-164.10825437282907,-1.022808425297257,0.11152900324388752,22469.721610311288
46.727564193018594,31.52780584221341,15.199758350805183,-23.194955425786603,20.18437500000001,-164.20979665868248,-1.0080372917711566,0.1477113352610021,21972.65612467538
35.74631339336546,18.38092609883742,17.365387294528038,-22.856787784532685,20.19062500000001,-164.3097564853725,-0.9911592420293802,0.16878049741776455,21474.230535843275
33.12551306384316,14.100191891603703,19.02532117223947,-22.47117783200965,20.196875000000013,-164.4079477199491,-0.9726654495029371,0.1849379252644307,20951.517116346593
37.86153056270577,16.85096009316917,21.010570469536617,-22.049347974052218,20.203124999999986,-164.50419296809588,-0.9522395134325714,0.20425936070365688,20325.229606202323
43.48638599614669,20.103368897858196,23.38301709828851,-21.58419529077624,20.209374999999987,-164.59828018956316,-0.9295049159132008,0.22734597519370583,19697.036719018048
44.45206736506494,18.84013538065961,25.61193198440533,-21.067234381560397,20.21562499999999,-164.68998549898208,-0.9046012724652847,0.2490364344791619,19112.903363667527
55.024740208401845,26.29063005266561,28.734110155736214,-20.501648572657743,20.22187499999999,-164.7790485742905,-0.8766602337028443,0.2794103876244037,18605.894644825035
40.92166456760273,10.889028254946137,30.032636312656585,-19.86773738298815,20.22812499999999,-164.86525436269542,-0.8474555343957432,0.2920469930710114,18174.348743375787
57.14010815989176,24.20364392757763,32.93646423231416,-19.205642701137766,20.234374999999993,-164.94839847329968,-0.8154266776891265,0.3202885670661667,17848.486675971224
60.2582733665262,24.376523774883758,35.88174959164246,-18.479918949211438,20.240624999999994,-165.02819650496687,-0.7805339556550192,0.3489272203410731,17567.256037011262
52.563394961875076,14.869877394998078,37.69351756687703,-17.689572114729554,20.246874999999996,-165.10441721677427,-0.7438802804928835,0.3665367516213565,17510.71987481187
45.00074863780878,6.506324800572987,38.49442383723583,-16.859497798057614,20.253124999999997,-165.1769336896862,-0.7064491777456471,0.37431102747236356,17497.094954886383
49.50806596554096,9.796066234590702,39.71199973095022,-16.01189017237704,20.259375,-165.24564794448327,-0.6678359181956997,0.3861325954994743,17765.215724001988
51.46128087367393,10.437643101542745,41.02363777213121,-15.137487661905558,20.265625,-165.3104372085635,-0.6279493634090002,0.3988655478669941,18163.09890448798
48.13931987408731,6.31216962634628,41.827150247741066,-14.234145781282084,20.271875,-165.37119886165996,-0.5872836985201124,0.4066566488888782,18693.273601727287
43.310637219471005,1.3126707042573076,41.99796651521372,-13.31300150202441,20.278125000000003,-165.4278857445136,-0.5464539585521786,0.40829739967933826,19407.015823955568
49.664384870548574,6.781061504573392,42.88332336597519,-12.387949150819352,20.284375000000004,-165.48044670234174,-0.5047651980107835,0.4168876054139519,20264.155887016525
45.70010526123177,2.486866337345987,43.21323892388584,-11.443204358094116,20.290625000000006,-165.52882280787702,-0.4627569126947102,0.42008285316073246,21325.715520330945
43.856534500589824,0.5667576104474409,43.289776890142335,-10.490985342208822,20.296875000000007,-165.572994389475,-0.42067471926537486,0.4208219342933532,21377.350038181394
61.29453451439678,15.846371823844036,45.44816269055277,-9.536868296797726,20.30312499999998,-165.61285282257245,-0.3764939426835821,0.44180776581792736,20952.914388543613
53.933248153395695,7.4582403686327,46.47500778476303,-8.53498238038014,20.30937499999998,-165.64824319085884,-0.3313134230439113,0.45180519639670813,21371.29022986692
57.984355972532086,10.106449863574912,47.87790610895718,-7.510292632602868,20.315624999999983,-165.67904717238406,-0.2847662074603734,0.4654721558353788,22322.941180431528
15.810543422443885,-28.11755570513091,43.92809912757473,-6.454558565698427,20.321874999999984,-165.70538823839715,-0.24205511280118658,0.4271109465918682,23132.336754501037
12.86288002142435,-27.215115597807767,40.07799561923213,-5.485794975544769,20.328124999999986,-165.72764513005347,-0.2030827203255858,0.3897239247560078,23824.54280838852
0.025181641199921057,-35.05962783529764,35.08480947649756,-4.6018593350135095,20.334374999999987,-165.7462472994831,-0.16896066826676684,0.3412205205881896,24776.145430432425
-37.00632757504992,-63.05404467485868,26.047717099808754,-3.8279936985704097,20.34062499999999,-165.76187650095048,-0.14362336108116175,0.2533730718560509,25605.83013616927
-90.5265209987599,-101.88046232321393,11.353941324454011,-3.2533460568168366,20.34687499999999,-165.77568652075865,-0.13257703508229363,0.11046325998868128,26313.18934392528
-147.09085003310577,-138.3692895706216,-8.721560462484172,-3.002573735477311,20.35312499999999,-165.78936856547372,-0.14106385921908904,-0.084868241367954,25624.34104733669
-115.45867905854463,-93.15210326524374,-22.306575793300905,-3.194265820022338,20.359374999999993,-165.8045604368428,-0.16277356816247845,-0.21709708943389425,23608.2141937342
-236.60532456993147,-186.9244192858385,-49.68090528409295,-3.6854430482691196,20.365624999999994,-165.82325564764696,-0.21113064792092318,-0.4835707975844472,20857.26319720896
-110.00475625356144,-52.5969969385239,-57.40775931503747,-4.779948325656142,20.371874999999996,-165.8471628325125,-0.2670130493900375,-0.5588240146911431,18047.98394435183
-52.67677548603117,4.1203849683971,-56.79716045442827,-6.044786491068579,20.378124999999997,-165.87662868799964,-0.3223040603528842,-0.5529101096284673,15703.780252211913
-0.9432153409218693,48.65833488697274,-49.6015502278946,-7.296234149876668,20.384375,-165.91127349087571,-0.37059199716864344,-0.48287936815759197,13923.118723051013
25.279277273129978,65.21497612386017,-39.935698850730176,-8.389168490498411,20.390625,-165.95027663928715,-0.40947097105990904,-0.38878973891265606,12583.697443753654
37.733190827403575,67.62468271036786,-29.891491882964313,-9.269151936118815,20.396875,-165.9926787836514,-0.43857191622494435,-0.29100945165035286,11579.756437615455
2.7165022130227006,28.383426423754415,-25.666924210731732,-9.927836742874833,20.403124999999974,-166.03778538939483,-0.46356019864345716,-0.249882824185128,10803.672887140212
30.22475072306919,48.63821042767613,-18.41345970460696,-10.493468339476047,20.409374999999976,-166.0850377411939,-0.4814868373378676,-0.17926638694410457,10205.989752258998
-0.1513155424061673,15.888382129490465,-16.039697671896626,-10.899285526172164,20.415624999999977,-166.1339672054266,-0.4971024473157439,-0.15615609977876274,9721.246278791627
1.4708327221256174,15.231133198805738,-13.760300476680111,-11.252819691396988,20.42187499999998,-166.18434727129653,-0.510498870083134,-0.13396422767390143,9321.994628754603
6.346479990330734,17.485828437204677,-11.13934844687393,-11.5561431006858,20.42812499999998,-166.23593939393754,-0.5213435827368752,-0.10844712653741184,8993.45966092321
1.3808546375032495,10.886104812677312,-9.505250175174064,-11.801722128160518,20.43437499999998,-166.28853644058765,-0.5305973502650129,-0.0925376752813769,8696.923659214921
3.302642481080044,11.134229195269736,-7.8315867141896955,-12.011299971060524,20.440624999999983,-166.34197739169736,-0.5382216719293657,-0.07624321664352793,8468.961855674153
2.578158736484892,9.0479240005285,-6.469765264043611,-12.184000157266404,20.446874999999984,-166.39611448320954,-0.5445201583146155,-0.06298486385249909,8275.088007889974
1.6683319359668074,7.072326612379501,-5.403994676412698,-12.326691341265118,20.453124999999986,-166.45082954324903,-0.5497810424751545,-0.05260884160538947,8104.7025528540225
-1.458167502248265,3.428577193809007,-4.886744696057276,-12.445894800519806,20.459374999999987,-166.5060455120209,-0.554538332962582,-0.04757290487427557,7944.830297229815
-0.5291692054737669,3.785799612978243,-4.314968818452012,-12.553696396079987,20.46562499999999,-166.56170937660883,-0.5587389587959966,-0.04200625833414488,7818.464670904894
1.3802600674322023,4.947248612083487,-3.5669885446512852,-12.648892328602434,20.47187499999999,-166.61775689441194,-0.5622113972662101,-0.03472438470213467,7705.497680232929
5.455384528631868,7.836399282508387,-2.381014753876518,-12.72759755455568,20.47812499999999,-166.67409392833477,-0.5645292811905387,-0.02317883924328629,7607.642432679684
-1.9836841780216035,0.3450737314369847,-2.3287579094585884,-12.780157925296667,20.484374999999993,-166.73066020631322,-0.5667962783786502,-0.02266997188111536,7512.37966793793
1.7082960489260304,3.5055724242390243,-1.7972763753129957,-12.831557448544848,20.490624999999994,-166.787427314171,-0.5685458787771273,-0.01749600398477061,7425.731920124717
-2.6786641051229867,-0.7652595947388932,-1.9134045103840942,-12.871233954661474,20.496874999999996,-166.84437503395986,-0.570408517000029,-0.018626382229017895,7341.0077037541305
-3.4220870737704243,-1.3097797205311745,-2.112307353239251,-12.913458982983085,20.50312499999999,-166.90151869839556,-0.5724647717141608,-0.02056254714131738,7259.966191195491
-1.9108348446123335,0.17490161724049288,-2.0857364618528265,-12.960056297524627,20.50937499999999,-166.95886669465364,-0.5744951534471464,-0.02030381732985677,7184.791463789557
-1.1507132086658785,0.811612382045344,-1.9623255907112216,-13.0060565514121,20.515624999999993,-167.0164117220533,-0.576405394546217,-0.019102410990706156,7114.244130237554
-1.3120574691365858,0.5643945373684034,-1.8764520065049866,-13.04932539645173,20.521874999999994,-167.07414359368863,-0.5782320381604512,-0.0182664361423423,7046.87931724307
-1.4727719805576196,0.3503433871597264,-1.8231153677173457,-13.090690056148883,20.528124999999996,-167.13205553356698,-0.5800067594067714,-0.017747212463201247,6982.826466530577
-1.443827925558599,0.32914914679172375,-1.7729770723503242,-13.130867676836004,20.534374999999997,-167.19014250520445,-0.5817326733425771,-0.017259139358056542,6922.344287648392
-1.4036098812103368,0.3205181455201892,-1.724128026730527,-13.16992894266724,20.540625,-167.2483996906937,-0.5834110364427034,-0.016783631001263146,6865.657955600629
-1.3774950373528434,0.3007714091526714,-1.6782664465055162,-13.207902562437168,20.546875,-167.30682248042376,-0.5850447581587157,-0.016337217160122878,6812.379307470007
-1.3728673582024047,0.26497729344951,-1.637844651651914,-13.244854758365085,20.553125,-167.3654066750831,-0.5866391350280811,-0.01594376869365314,6762.264763212619
-1.30924865723704,0.2850893434633446,-1.5943380007003838,-13.280905875695698,20.559375000000003,-167.42414819008675,-0.5881911650447484,-0.015520300166673528,6714.902938980203
-1.3062664666543928,0.2499180852747881,-1.5561845519291804,-13.31598846181627,20.565625000000004,-167.48304305134826,-0.5897060601853668,-0.015148951406182833,6670.245353190616
-1.3508819408288621,0.17810223732710334,-1.5289841781559654,-13.35022108489121,20.571875000000006,-167.54208807854044,-0.591194483658366,-0.014884234729993217,6628.091127018237
-1.2087232658448892,0.27782340923366194,-1.48654667507855,-13.38384577639552,20.578125000000007,-167.60127988287957,-0.5926416031239414,-0.014471194655754544,6588.078349917352
-1.1210262694302298,0.31707707695258297,-1.4381033463828126,-13.416527429809324,20.58437500000001,-167.66061404165427,-0.5940415723700511,-0.013999692461096714,6550.5266759263495
-1.2602437498742347,0.15427949446262776,-1.4145232443368623,-13.448134419433606,20.59062500000001,-167.7200870500536,-0.5954185956166586,-0.013770232466074655,6515.095361002355
-1.3277676984612437,0.07524781467652188,-1.4030155131377648,-13.479215446090455,20.59687500000001,-167.77969720111378,-0.5967844255867883,-0.013658299701297918,6481.675320643285
-1.1981702287978282,0.17768202539558609,-1.3758522541934135,-13.510037344919086,20.603124999999984,-167.83944261349086,-0.5981238219547144,-0.013393963679260103,6450.191751509392
-1.1691184332620037,0.17931826979447127,-1.348436703056475,-13.54025589733342,20.609374999999986,-167.89932063154677,-0.5994365391636644,-0.013127172089500308,6420.567915136162
-1.1127553494011564,0.20442707064775467,-1.3171824200489115,-13.569866355601286,20.615624999999987,-167.95932840050907,-0.6007188400823491,-0.012823009186847837,6392.620794066366
-1.4785586972368232,-0.1399911837123616,-1.338567513524462,-13.598784938799582,20.62187499999999,-168.01946544102793,-0.6020219702947522,-0.013031302124031134,6366.259928662356
-2.2632188792357804,-0.8020700920654189,-1.4611487871703623,-13.628172532017958,20.62812499999999,-168.07973876195533,-0.6034444482529755,-0.01422477958223225,6341.774765025438
-2.470636399286301,-0.8756523979752585,-1.5949840013110426,-13.660260099890062,20.63437499999999,-168.14016084598012,-0.6049972322428833,-0.015527839899077205,6319.617651008458
2.2755240089149957,3.3572981834416087,-1.0817741745266125,-13.695296426248259,20.640624999999993,-168.200713227276,-0.6060503936747279,-0.010531614318446094,6297.4179027407645
0.11692370039047636,1.039750951973461,-0.922827251582985,-13.719022663486925,20.646874999999994,-168.26136318794858,-0.6069488197769052,-0.008984261021772483,6275.577844371783
-1.957806419452623,-0.897756442332623,-1.0600499771200005,-13.739246914088476,20.653124999999996,-168.32210967137254,-0.6079808487023021,-0.01032028925396849,6253.193655917454
-1.4344155749442304,-0.32472955881391774,-1.1096860161303128,-13.762496927083255,20.659374999999997,-168.38296177432576,-0.6090612103623002,-0.010803616599981181,6232.307457823001
-0.7119645577902305,0.3449627881328849,-1.0569273459231152,-13.786843131994782,20.665625,-168.44391934562887,-0.6100902157000588,-0.010290053377586804,6212.996929219397
-0.754613683129756,0.26220256438731265,-1.0168162475170692,-13.810029598093212,20.671875,-168.50497786527487,-0.6110801772199881,-0.009899615199292914,6194.559432500171
-1.4806088881516144,-0.4022637497903396,-1.0783451383612745,-13.832335678302297,20.678125,-168.56613837665654,-0.6121300504132072,-0.010498731932191653,6176.872388507109
-1.3714058071665118,-0.2541786736164358,-1.1172271335500759,-13.85600189928373,20.684375000000003,-168.62740576851343,-0.6132177867246427,-0.010877363114354293,6160.156548592985
-0.8641593566188667,0.21947518396065116,-1.0836345405795171,-13.880529684800706,20.690625000000004,-168.68878029906494,-0.6142728243055592,-0.010550375809165279,6144.455503619158
-0.6774165563489276,0.352294403127557,-1.029710959476485,-13.904322306782275,20.696875000000006,-168.75025770866722,-0.6152753677398336,-0.010025434342744215,6129.3436188747855
-0.7670357785363926,0.2278014195107998,-0.9948371980471932,-13.926932138311242,20.70312499999998,-168.81183367521885,-0.6162439632930113,-0.009685955531777028,6114.539478866479
-0.8319324473690497,0.14127369217450678,-0.9732061395435566,-13.948779376259182,20.70937499999998,-168.8735054485641,-0.6171915036119697,-0.009475403189584241,6100.073057962933
-0.7999049203931737,0.15028901815347046,-0.9501939385466442,-13.970156179187505,20.71562499999998,-168.9352708559104,-0.6181166433144197,-0.009251397024500325,6085.995018064812
-0.7424212731976798,0.18018315300851276,-0.9226044262061932,-13.991032362425932,20.721874999999983,-168.9971274343314,-0.6190149251052385,-0.008982817908188,6072.205450406439
-0.7555472570656385,0.14487324107490437,-0.9004204981405427,-14.011307242218493,20.728124999999984,-169.05907276115724,-0.6198916114118581,-0.008766863066196392,6058.526670221677
-0.7383073589364945,0.14058582881440998,-0.878893187750905,-14.031100076429656,20.734374999999986,-169.12110470877514,-0.6207473409463491,-0.008557295344909956,6044.954478274155
-0.6853114752027254,0.16787672526341205,-0.8531882004661373,-14.050425400191758,20.740624999999987,-169.1832209781003,-0.6215780455570775,-0.008307046107284197,6031.474435147882
-0.657059133266134,0.17008683320423412,-0.8271459664703678,-14.06919114510659,20.74687499999999,-169.24541905019456,-0.6223833963280699,-0.008053507709924558,6018.1442515761355
-0.647622401216542,0.15568736985871198,-0.8033097710752541,-14.087389814068962,20.75312499999999,-169.30769649704388,-0.6231655406584883,-0.00782144330418379,6004.897642812552
-0.6895612203479573,0.09864625440358996,-0.7882074747515472,-14.105069894559247,20.75937499999999,-169.3700514231708,-0.6239329818796742,-0.007674412211858892,5991.6924043836025
-0.670444613262857,0.10212908497483918,-0.7725736982376962,-14.122423672076005,20.765624999999993,-169.43248233237054,-0.6246852021151302,-0.007522202354560514,5978.497543233513
-0.5939983848384957,0.15487112490701585,-0.7488695097455117,-14.139439176909088,20.771874999999994,-169.4949873096362,-0.6254143431978512,-0.007291410827209701,5965.231643531624
-0.5804497428245766,0.1460662470555613,-0.7265159898801381,-14.155938233557444,20.778124999999996,-169.5575641127902,-0.6261217198823976,-0.007073766845464455,5951.178237146653
-0.3930723656617286,0.2891931874418199,-0.6822655531035484,-14.171950230978613,20.784374999999997,-169.62020949937533,-0.6267860118203445,-0.006642919379469756,5937.237185273566
-0.5221690582204211,0.13885369939491812,-0.6610227576153397,-14.18699216621032,20.790625,-169.68292028098188,-0.6274296203101999,-0.006436084898553016,5922.4377456553875
-0.39070605289522725,0.2344546907057167,-0.625160743600944,-14.201570599568218,20.796875,-169.74569367755203,-0.6280383110929174,-0.006086907827175227,5907.893390906784
-0.4461869001727897,0.15523438275054788,-0.601421282923337,-14.21536281395055,20.803124999999973,-169.80852678746797,-0.6286238872257038,-0.00585576132786427,5893.376035937364
-1.048620167943184,-0.3878907354375285,-0.6607294325056554,-14.228635390456141,20.809374999999974,-169.8714213422361,-0.6292672081366368,-0.006433209109329722,5879.065044284898
-0.6021331661570155,0.05082770595394132,-0.6529608721109565,-14.24321793847436,20.815624999999976,-169.93437985085393,-0.6299029642201787,-0.006357560835418741,5865.017835818881
0.031451333127699585,0.5936857721352633,-0.5622344390075638,-14.257631566332918,20.821874999999977,-169.9973975182403,-0.6304503835069505,-0.005474192867718069,5851.093893066886
-0.20327285058893935,0.3113891591220595,-0.5146620097109987,-14.270047369037885,20.82812499999998,-170.06046761156753,-0.630951483037676,-0.005010995307255647,5836.719849304807
-0.4070006288156754,0.09339751123415348,-0.5003981400498291,-14.281415718118252,20.83437499999998,-170.123587120404,-0.6314386936921516,-0.004872106544755655,5821.996188611336
-0.3665699113788077,0.11610226642880904,-0.4826721778076171,-14.292470020488558,20.84062499999998,-170.18675448732188,-0.6319086446653838,-0.004699509732322528,5807.196511174737
-1.2419265808669893,-0.6587131705801573,-0.5832134102868323,-14.303133352275962,20.846874999999983,-170.24997374385472,-0.6324764859917423,-0.005678413263585692,5793.627242218493
-0.6619270495830625,-0.06829274844479499,-0.5936343011382673,-14.316011542077831,20.853124999999984,-170.3132502917804,-0.6330544725219287,-0.005779865301863483,5779.696827340325
0.6315065642561876,1.0630129404042306,-0.4315063761480434,-14.329118005733829,20.859374999999986,-170.37657674560668,-0.633474604003472,-0.004201314815433061,5765.950074405472
0.1202945154492672,0.47880446692108714,-0.3585099514718198,-14.338649692108321,20.865624999999987,-170.43994165894557,-0.6338236627745335,-0.0034905877106149396,5751.436550674237
-0.361082091877711,-0.0022315650845006166,-0.3588505267932103,-14.346570680195525,20.87187499999999,-170.50334149471698,-0.634173052653778,-0.0034938987924447687,5736.370334807196
-0.3349790461534471,0.020716322900259005,-0.3556953690537061,-14.35449718319481,20.87812499999999,-170.5667761158557,-0.6345193701209272,-0.0034631746714919743,5721.296206084918
-0.2091690308354504,0.1271653385320314,-0.3363343693674819,-14.362352440296865,20.88437499999999,-170.63024442619513,-0.6348468366676281,-0.003274665467009159,5706.345007180618
-0.2540118471942332,0.07144970562395503,-0.3254615528181882,-14.369779949757906,20.890624999999993,-170.6937449538652,-0.6351637167340412,-0.003168800664130495,5691.485283929103
-1.375586659938322,-0.9114862595625193,-0.4641004003758032,-14.376967896492165,20.896874999999994,-170.75728391868478,-0.6356155796571599,-0.004518629231187404,5677.678992511021
-0.7130605896805052,-0.21610701554527725,-0.4969535741352277,-14.387212982593358,20.90312499999999,-170.82086966911262,-0.6360994288995299,-0.004838492423699458,5664.357213803653
0.1654887155490528,0.575069816222327,-0.4095811006732743,-14.398186387056397,20.90937499999999,-170.88449955100901,-0.6364982090281528,-0.003987801286229668,5651.838983213242
-0.4568699788282123,-0.04105414680933658,-0.41581583201887595,-14.407242039680222,20.91562499999999,-170.94816961439304,-0.6369030586524002,-0.004048496242473323,5639.455722178142
-1.0642199364291802,-0.5629707134848642,-0.5012492229443156,-14.416447614452375,20.921874999999993,-171.01188432168271,-0.6373910871410676,-0.004880284886674331,5627.644701072063
-1.2883560907087022,-0.683455632904922,-0.6049004578037803,-14.427554828370242,20.928124999999994,-171.07565287756634,-0.6379800305313411,-0.005889433902734574,5617.118848950446
-1.5605768587150863,-0.8299000795732037,-0.7306767791418822,-14.440973482022548,20.934374999999996,-171.13948645049214,-0.6386914279848112,-0.007113974534700728,5608.349817722394
-2.064276363740015,-1.1581930006296979,-0.906083363110317,-14.457201990925995,20.940624999999997,-171.20339970169883,-0.6395735961489093,-0.008821681640981367,5601.831405674097
-2.7268639729233732,-1.581451403140501,-1.145412569782873,-14.477348082187904,20.946875,-171.2674128196549,-0.6406887629725008,-0.011151668235914212,5598.302389804439
-3.5663735360991415,-2.1029611239145543,-1.463412412184587,-14.502838409769844,20.953125,-171.33155293321488,-0.6421135082269882,-0.014247452544874487,5598.760943195402
-4.651691129370663,-2.76979657659672,-1.8818945527739441,-14.535429562918877,20.959375,-171.39585589039424,-0.6439456353603207,-0.018321271333324927,5604.566919521549
-6.075792807236413,-3.6438549992685307,-2.431937807967882,-14.577364960212698,20.965625000000003,-171.46036883139425,-0.6463131846399974,-0.02367549279676697,5617.588928948309
-7.9294875455269676,-4.777141408069842,-3.152346137457127,-14.631580486822779,20.971875000000004,-171.52515358755247,-0.6493819385242029,-0.030687538842054964,5640.4476878649375
-10.315520684851428,-6.225370170476387,-4.090150514375043,-14.701876489551672,20.978125000000006,-171.5902908547507,-0.6533634054405009,-0.0398146691629792,5677.048044079437
-13.541588839151323,-8.215323034552677,-5.3262658045986475,-14.793101106674511,20.984375000000007,-171.65588641308665,-0.6585477612788105,-0.05184355838309673,5732.582714395571
-17.570077821473078,-10.644320200441369,-6.925757621031703,-14.911898681242164,20.99062500000001,-171.72207821878928,-0.6652883527737942,-0.06740591494983585,5815.101696077322
-23.461504250029474,-14.378391715902522,-9.083112534126963,-15.066364090713538,20.99687500000001,-171.78904901364157,-0.6741275442719352,-0.08839191498141065,5937.516873385838
-26.843579679087515,-15.44655307031475,-11.397026608772757,-15.26889231322952,21.003124999999983,-171.8570162309696,-0.6852168022887686,-0.11089258016833373,6125.743900739546
-39.209426005667574,-24.19555848306407,-15.013867522603523,-15.523054889714357,21.009374999999984,-171.92626819182664,-0.6998224148517901,-0.14605612563021556,6405.50971021001
-47.3077249694898,-28.105977321558427,-19.201747647931366,-15.857686242245988,21.015624999999986,-171.9971841931185,-0.7184976109855856,-0.18675196133795563,6802.594767081007
-58.709012621477264,-34.41467221513339,-24.294340406343863,-16.285396846776493,21.021874999999987,-172.0702150319592,-0.7421191658284501,-0.23621554842864484,7417.51107629501
-40.69158935593825,-14.29581572096463,-26.395773634973626,-16.825975930633977,21.02812499999999,-172.1457097934953,-0.7677760648938451,-0.2565689906539502,8125.040661460602
-20.32205317305329,5.312812184200651,-25.63486535725394,-17.413248681339486,21.03437499999999,-172.2237328669069,-0.7926854033374072,-0.24909338443562168,8920.86026947086
-40.99030117908731,-13.427610064841613,-27.5626911142457,-17.98381348698875,21.04062499999999,-172.30434011900454,-0.8194596386153711,-0.2677423527796382,10035.38721326403
-55.821459428793204,-24.75937881737471,-31.062080611418452,-18.59662575316363,21.046874999999993,-172.3877943225009,-0.8496244313118966,-0.3016479269652549,11362.175240874207
-81.5478820167557,-44.31897458903702,-37.22890742771867,-19.286075629508154,21.053124999999994,-172.4745639805715,-0.8857687301003218,-0.3614429878842515,12904.24017725593
-52.60011023383022,-13.513435529134513,-39.08667470469572,-20.110756178366707,21.059374999999996,-172.56503785239215,-0.9237087063123806,-0.3793997621205885,14595.437213457546
53.76887881308002,81.82193610888453,-28.053057295804496,-20.975576568988682,21.065624999999997,-172.65877000382204,-0.9509343222852209,-0.27225615972840367,15421.401931037315
4.542420614641098,28.76728161425507,-24.22486099961399,-21.596231397416798,21.071875,-172.75503882129593,-0.9744420271922238,-0.23507704907002974,16621.423847313654
26.47519068382305,44.805088163974986,-18.329897480151907,-22.13147258684386,21.078125,-172.85337233185476,-0.9922281839845648,-0.1778615679234102,17088.50550018027
18.69787202271353,32.76401486640079,-14.066142843687258,-22.536051021172877,21.084375,-172.95327757560992,-1.0058766911184114,-0.13648507133846516,17357.582499146112
11.211588826777113,22.393137918001372,-11.181549091224246,-22.846073211762747,21.090625000000003,-173.05440772199134,-1.0167262365101104,-0.10849545391699081,17472.50229434292
4.823519888530726,14.193859003195014,-9.370339114664278,-23.092048628417285,21.096875000000004,-173.15653496012396,-1.025818526142412,-0.09092289632301469,17572.054167154583
4.051219486010359,11.914492589473635,-7.863273103463283,-23.29770939155052,21.103124999999977,-173.2594983237382,-1.0334487461420638,-0.07630219999651901,17910.95359767842
-6.742143876724545,0.9958252250023154,-7.737969101726853,-23.469803020892833,21.10937499999998,-173.36321864901888,-1.040957759471202,-0.07509013329138264,18944.21007510319
3.1979622270818093,9.724893704296253,-6.526931477214437,-23.638807529982515,21.11562499999998,-173.46763113584808,-1.0472919771130689,-0.06334217641866714,19359.480538243537
7.087896954009915,12.116534940040944,-5.02863798603103,-23.78081042992495,21.12187499999998,-173.57260436056322,-1.0521725171895882,-0.04880540076519229,19723.665548053348
8.306043010969214,11.875507092819896,-3.569464081850683,-23.889492555543157,21.128124999999983,-173.6779948448071,-1.055637167688236,-0.03464650498647706,20114.5496740317
-1.825582369170275,1.5537526122508625,-3.3793349814211355,-23.96572744239883,21.134374999999984,-173.78372258342034,-1.0589176045766486,-0.032804368884128264,20880.72088205901
32.72558679961813,32.1926551221931,0.5329316774250243,-24.0374950280106,21.140624999999986,-173.88958847420813,-1.0584002111789121,0.005173933977364825,21166.858026286343
18.276307043761886,15.828586215811917,2.4477208279499676,-24.022794784742867,21.146874999999987,-173.995309662983,-1.056023564318851,0.023766468600611962,21455.223452227296
13.87447997797064,10.199117741651794,3.6753622363188474,-23.9656812897824,21.15312499999999,-174.10073356373766,-1.0524544507742717,0.03569113544579209,21731.633535058456
24.178925500993934,18.311387778927642,5.867537722066289,-23.881340366153495,21.15937499999999,-174.2056940730985,-1.0467557364423303,0.05698714331941414,21919.44226858574
-0.6554652690615814,-5.827590299176929,5.172125030115346,-23.74857161502914,21.16562499999999,-174.31011844464533,-1.0417316944943458,0.05024041947984514,22640.426922457307
26.18402845857017,18.78276575570994,7.401262702860233,-23.631069780885376,21.171874999999993,-174.41393209272903,-1.0345412671798115,0.07190427314534333,22724.21730823904
45.99893674138757,34.51384440230982,11.48509233907775,-23.464459241456534,21.178124999999994,-174.51682824006616,-1.0233816795628157,0.11159587616995978,22478.325290130695
46.716325105549366,31.511599298128644,15.20472580742072,-23.207955521218032,21.184374999999996,-174.6184276099773,-1.0086057186596438,0.14775960903171803,21981.088260824312
35.734879420582566,18.366255533700112,17.368623886882467,-22.869676606074464,21.190624999999997,-174.7184441220681,-0.991724523156369,0.1688119550327468,21482.59950615635
33.11327096086561,14.086345837141078,19.026925123724546,-22.48399366642972,21.196875,-174.81669180680038,-0.9732291714895721,0.18495351666796972,20959.88496530703
37.85951205688634,16.847719969561403,21.011792087324935,-22.062126984810924,21.20312499999997,-174.91299336776456,-0.9528020477938212,0.20427123695750973,20333.817038453206
43.49110257575332,20.10649476769365,23.38460780805967,-21.596946128500964,21.209374999999973,-175.00713676533803,-0.9300659036756405,0.22736144118180696,19705.909357834345
44.45056943682,18.837373842097684,25.6131955947223,-21.07994917249276,21.215624999999974,-175.09889811209993,-0.9051610315620847,0.24904872113555793,19121.9539864244
55.05257584024298,26.31438035486717,28.738195485375815,-20.514334807618454,21.221874999999976,-175.18801696468935,-0.8772160202265183,0.27945011335566367,18615.059907913128
40.938104372329185,10.900065673009472,30.038038699319735,-19.880333164419618,21.228124999999977,-175.27427806907394,-0.8480060674652617,0.2920995276125663,18183.575229154347
57.149066334209486,24.206818824926643,32.942247509282815,-19.21811927483293,21.23437499999998,-175.35747695178958,-0.8159715868474681,0.32034480617793715,17857.81230780571
60.25847540743197,24.37154411210767,35.886931295324274,-18.492268161417073,21.24062499999998,-175.43732922242873,-0.7810738259357062,0.3489776091176192,17576.71124631983
52.55713568012659,14.859678362701024,37.69745731742555,-17.701807423896614,21.24687499999998,-175.51360372971092,-0.7444163197080148,0.3665750622769136,17520.327441437148
44.99238230466077,6.495365300047698,38.49701700461308,-16.87164673143324,21.253124999999983,-175.5861736804675,-0.7069826954237644,0.3743362428425045,17506.887827901053
49.49785700873779,9.784677457696562,39.71317955104127,-16.023982516364626,21.259374999999984,-175.65494122967354,-0.6683682886966487,0.38614406727115663,17775.236064499055
51.44875366313919,10.425464091004761,41.02328957213449,-15.149554625766141,21.265624999999986,-175.7197837477313,-0.6284820724586251,0.39886216238023614,18173.394251592166
48.122406410346485,6.2974705103944695,41.824935899951946,-14.246221051539665,21.271874999999987,-175.78059877937562,-0.5878185604279784,0.4066351203064665,18703.91108141298
43.29149110442418,1.2976679449371247,41.993823159487036,-13.32512616579564,21.27812499999999,-175.83733934982519,-0.5469928485630927,0.40825711864885716,19418.017804085208
49.654666459497236,6.776129327521771,42.8785371319754,-12.400165627520854,21.28437499999999,-175.88995442929982,-0.5053087409298085,0.4168410763328424,20275.607482733194
45.692924886410324,2.484751810956886,43.20817307545344,-11.45552666700987,21.29062499999999,-175.93838513535664,-0.46330538020655954,0.4200336072324892,21337.742508333693
43.83696530085986,0.5539697720212722,43.282995528838484,-10.503419439830223,21.296874999999993,-175.98261189331546,-0.4212297789700831,0.4207560123647642,21389.8700481547
61.34417863040073,15.896031938979489,45.44814669142122,-9.549451727791514,21.303124999999987,-176.02252583316104,-0.3770490179412641,0.44180761028819043,20965.538387633565
53.942579287172016,7.466454840126826,46.476124447045265,-8.547565736995018,21.30937499999999,-176.05797165469522,-0.3318674127421806,0.45181605199083485,21384.134327725907
57.998504333735106,10.117890310695634,47.88061402303944,-7.522850604782863,21.31562499999999,-176.08883090355766,-0.2853175645067409,0.4654984823543972,22336.53512113013
15.837043612048875,-28.09669090889392,43.93373452094279,-6.467055716881215,21.32187499999999,-176.115226831312,-0.24260099057974205,0.42716573926998846,23146.870828474726
12.878726155675166,-27.2061681992048,40.084894354879964,-5.49816642905467,21.328124999999993,-176.13753797532493,-0.20362188967900405,0.38979100900738,23839.60244465451
0.026575608896607254,-35.064446169037026,35.09102177793364,-4.6140769255510365,21.334374999999994,-176.15619375959835,-0.169493795789656,0.34128093889348027,24791.861807426583
-37.01124325611231,-63.06377757249876,26.05253431638644,-3.840072301354676,21.340624999999996,-176.1718760395263,-0.14415180276936773,0.2534199302028827,25622.331211533787
-90.56049656082898,-101.91436603068072,11.353869469851762,-3.265316279973012,21.346874999999997,-176.1857389069987,-0.13310554667832614,0.11046256091041587,26330.36637920274
-147.11683301735485,-138.3919179801711,-8.724915037183754,-3.0145433427034334,21.353125,-176.19947396608777,-0.14159563510316406,-0.08490088424837915,25641.954244420333
-115.47882504486299,-93.16675782150118,-22.31206722336182,-3.2063074126727655,21.359375,-176.21471928226993,-0.16331068854000733,-0.21715053436843265,23625.860469601612
-236.61955461479897,-186.93204209308155,-49.68751252171741,-3.6976042768014583,21.365625,-176.23346852667072,-0.21167419947588248,-0.4836351093587515,20875.361180217325
-110.01272714053226,-52.59818629186386,-57.414540848668395,-4.792254205312266,21.371875000000003,-176.257430396759,-0.26756320228930053,-0.5588900281341802,18065.931682449347
-52.68210353635583,4.1216513702446145,-56.80375490660042,-6.057241151322336,21.378125000000004,-176.28695158851508,-0.32286063283235966,-0.552974305430591,15721.146569832443
-0.9484408438765828,48.65952731409152,-49.607968157968095,-7.30883369059347,21.384375000000006,-176.3216523610372,-0.37115481761013774,-0.48294184777778065,13939.789208210477
25.274909583758607,65.21676161054009,-39.94185202678149,-8.401909174457256,21.390625000000007,-176.36071209101073,-0.4100397818603535,-0.38884964250215787,12599.757710124448
37.72887323525642,67.626280852358,-29.89740761710156,-9.282028047259343,21.39687500000001,-176.403171404419,-0.43914648630483266,-0.29106704444479137,11595.230430624953
2.7130264184247186,28.385550231340932,-25.6725238129162,-9.940843134163078,21.40312499999998,-176.44833573974776,-0.464140220270234,-0.2499373396540132,10818.745954199683
30.221785713359566,48.640503102295014,-18.41871738893543,-10.506598109017489,21.409374999999983,-176.4956463496435,-0.48207197764461224,-0.1793175737437822,10220.5769199621
-0.15335920302458456,15.891178388663548,-16.044537591688123,-10.91253118686642,21.415624999999984,-176.5446345635045,-0.49769229957537764,-0.15620321930765413,9735.567859323848
1.4676048754570972,15.232535436081823,-13.764930560624713,-11.266172072094593,21.421874999999986,-176.59507383998272,-0.5110932299886636,-0.13400930413285947,9336.035908262193
6.343658231412506,17.487401062196906,-11.143742830784397,-11.569597602789683,21.428124999999987,-176.6467256125219,-0.5219422207948503,-0.10848990806186766,9007.303788414873
1.3788343675697718,10.888169079367502,-9.50933471179774,-11.815273575324268,21.43437499999999,-176.69938272180133,-0.5311999647940622,-0.09257743999211919,8710.616710608161
3.301187772751735,11.136515387676331,-7.835327614924597,-12.024941546676668,21.44062499999999,-176.7528841164588,-0.5388279283552052,-0.07627963561143043,8482.503474939702
2.576629995510897,9.049846777311265,-6.47321678180037,-12.19772429505757,21.44687499999999,-176.80708200162076,-0.5451297748836307,-0.06301846528425481,8288.501401578544
1.6671935374385067,7.074336816390377,-5.407143278951867,-12.340491666501915,21.453124999999993,-176.86185817657815,-0.5503937242642926,-0.0526394938066187,8118.002699987171
-1.4602830496392063,3.4294748411866918,-4.889757890825902,-12.459764636881413,21.459374999999994,-176.91713556019758,-0.5551539481242822,-0.04760223859989661,7958.049399586396
-0.5302350617307342,3.787491439093486,-4.31772650082422,-12.567632756070767,21.465624999999996,-176.97286112053197,-0.5593572585638434,-0.0420331043956121,7831.604145094939
1.379602967580346,4.9490733237090945,-3.569470356128747,-12.662889575558552,21.471874999999997,-177.0289705891132,-0.5628321130602209,-0.03474854496377363,7718.5717951938595
5.450295671836083,7.834134951154161,-2.383839279318079,-12.741649601277475,21.478125,-177.0853698320972,-0.5651527466198065,-0.02320633559585699,7620.649932090489
-1.9868593344697618,0.34476924449612195,-2.331628578965882,-12.794272315661232,21.484375,-177.14199859634542,-0.5674225383447287,-0.022697917249221856,7525.340704643613
1.7069028282380898,3.5068553763191117,-1.799952548081021,-12.845735189364655,21.490625,-177.19882846045894,-0.569174743925695,-0.017522055809663175,7438.677946390029
-2.6859758817189623,-0.7692844608468279,-1.916691420872133,-12.885470748481143,21.496875000000003,-177.25583922674778,-0.5710405818510523,-0.018658379253573026,7353.9609686973245
-3.426797091427407,-1.3110152013309464,-2.115781890096462,-12.927768277611653,21.503124999999976,-177.3130462667854,-0.5731002189009891,-0.020596370499367217,7272.901900183533
-1.913286207986149,0.17578982879907856,-2.0890760367852277,-12.974442215614888,21.509374999999977,-177.37045797030933,-0.5751338515777362,-0.020336326767471134,7197.6619439005635
-1.153025710474024,0.8125038973199021,-1.9655296077939275,-13.020516105954618,21.51562499999998,-177.42806702347082,-0.5770472116521402,-0.019133600744040188,7127.031443026922
-1.3139820020691575,0.565505053470984,-1.8794870555401422,-13.063855587077047,21.52187499999998,-177.48586322454108,-0.5788768097533104,-0.01829598101170069,7059.589074017169
-1.4747379040958875,0.3512712519381539,-1.8260091560340395,-13.10528714610941,21.52812499999998,-177.5438397824274,-0.5806543479730919,-0.01777538219781567,6995.489802442922
-1.4466636648652287,0.32919952215791554,-1.7758631870231438,-13.145528540068069,21.534374999999983,-177.60199165339668,-0.5823830714125352,-0.017287234394432673,6934.979831914297
-1.406527504304758,0.32049080170955146,-1.7270183060143112,-13.184653397315104,21.540624999999984,-177.66031401937096,-0.5840642480729213,-0.01681176660386196,6878.260138327841
-1.3794041160938455,0.30162279411898,-1.6810269102128244,-13.222690687833659,21.546874999999986,-177.7188022646238,-0.5857006569841131,-0.016364089111917352,6824.9499306068365
-1.3744284686223205,0.2660179120700977,-1.6404463806924192,-13.259703681558552,21.553124999999987,-177.77745217579968,-0.5872975665336068,-0.01596909549493634,6774.803961781167
-1.310751063217374,0.28604312262108317,-1.5967941858384573,-13.295812086905215,21.55937499999999,-177.83625965350421,-0.5888519875571115,-0.015544210235047375,6727.393444326275
-1.3073867959509409,0.2510770318475681,-1.5584638277985086,-13.33094874254298,21.56562499999999,-177.895220707957,-0.5903691014987932,-0.015171139416816031,6682.6911160801865
-1.350628130965395,0.18029978578825942,-1.530927916753655,-13.365231526058988,21.57187499999999,-177.9543321338893,-0.5918594171471305,-0.014903156483373654,6640.497024163499
-1.2096084327173997,0.27874172490432486,-1.4883501576217244,-13.398898973797047,21.578124999999993,-178.01359051935975,-0.5933082922620494,-0.014488751149188633,6600.443073242056
-1.1211451176313425,0.3185384683569491,-1.439683585988292,-13.431620283671508,21.584374999999994,-178.07299142396508,-0.5947097998446456,-0.014015075825962082,6562.855073328523
-1.2605480515034928,0.15538632093497345,-1.415934372438467,-13.463262001944797,21.590624999999996,-178.1325313237978,-0.5960881968093645,-0.013783969647189425,6527.38547032223
-1.327652060725927,0.07657220176643169,-1.4042242624923595,-13.494374023276015,21.596874999999997,-178.19220849381287,-0.597455203492139,-0.01367006682774405,6493.928724509083
-1.1978792484599674,0.17898294232268008,-1.3768621907826473,-13.525222450566766,21.60312499999997,-178.2520210331393,-0.5987955830364164,-0.013403795442774931,6462.405969671516
-1.168753672946535,0.18051071787769035,-1.3492643908242257,-13.555463144753146,21.60937499999997,-178.31196626759152,-0.60010910600805,-0.013135229716335182,6432.742720152116
-1.112636288723177,0.20524829975081196,-1.3178845884739896,-13.585091724088592,21.615624999999973,-178.37204132741695,-0.6013920905004014,-0.01282984492351456,6404.759822688779
-1.4778182658437056,-0.13873984019172883,-1.3390784256519768,-13.614025658807291,21.621874999999974,-178.4322457178469,-0.6026957180990197,-0.013036275986182434,6378.366077853849
-2.262298380115339,-0.800828461802397,-1.4614699183129418,-13.643424386223714,21.628124999999976,-178.49258642918633,-0.6041185086893144,-0.01422790590294672,6353.848876857578
-2.469633204171643,-0.8745036635472874,-1.595129540624356,-13.675518904424841,21.634374999999977,-178.5530759263392,-0.6056714343678631,-0.015529256785487432,6331.656127975404
2.2766669923283573,3.358415857347832,-1.0817488650194755,-13.710558310866446,21.64062499999998,-178.6136957266156,-0.6067245711596327,-0.010531367917696247,6309.41635489516
0.11828677700813749,1.0409113405231483,-0.9226245635150112,-13.734283863365919,21.64687499999998,-178.67441309517022,-0.6076227999331653,-0.008982287735325273,6287.53974182473
-1.9564245580113864,-0.8967336157415225,-1.0596909422698646,-13.754503521367926,21.65312499999998,-178.7352269591326,-0.6086544793143344,-0.010316793811691575,6265.125184581955
-1.4326214317524133,-0.32348475334289833,-1.109136678409515,-13.777745498231221,21.659374999999983,-178.796146398406,-0.609734306153308,-0.010798268389736956,6244.21295170921
-0.7103343208525102,0.34590032808518123,-1.0562346489376915,-13.802079475937784,21.665624999999984,-178.85717124556834,-0.6107626370938168,-0.010283309405087667,6224.8742503429885
-0.7531968088456255,0.2628306790829639,-1.0160274879285889,-13.825250559044967,21.671874999999986,-178.91829696895732,-0.611751830685772,-0.009891935919551065,6206.411176244443
-1.4791308094283826,-0.4016658835950935,-1.0774649258332891,-13.847539143485147,21.678124999999987,-178.97952460283696,-0.6128008469070397,-0.010490162212677899,6188.6971321741785
-1.3699048966759184,-0.25364033577956635,-1.1162645608963526,-13.8711858581277,21.68437499999999,-179.04085902748503,-0.6138876460543155,-0.010867991472756843,6171.952887271042
-0.8624686785231762,0.22010666411128083,-1.0825753426344573,-13.895692327684854,21.69062499999999,-179.1023004924072,-0.6149416523893684,-0.010540063350528713,6156.2194528416485
-0.6755833279569414,0.3529657018627323,-1.0285490298196738,-13.919461510206444,21.69687499999999,-179.16384472825416,-0.615943064549922,-0.010014121605535746,6141.070139388823
-0.7649869177032158,0.2285706223342525,-0.9935575400374687,-13.942045644637993,21.703124999999986,-179.22548740219165,-0.6169104141996893,-0.009673496497673397,6126.229059793639
-0.8296466932000655,0.14214623102270724,-0.9717929242227727,-13.963864597723449,21.709374999999987,-179.2872257518303,-0.6178565785732633,-0.009461643735739926,6111.727361376702
-0.7974074335720338,0.15122934519804,-0.9486367787700735,-13.985210179486897,21.71562499999999,-179.3490575908677,-0.6187802021743429,-0.009236236010796437,6097.618062628806
-0.7393608340153139,0.18148685008266843,-0.9208476840979828,-14.006051976578009,21.72187499999999,-179.4109804396532,-0.6196767735360741,-0.008965713617311582,6083.8001384158515
-0.752499095254179,0.14599320174308522,-0.8984922969972643,-14.026288079248573,21.72812499999999,-179.47299185745337,-0.6205515824670207,-0.008748089309465967,6070.094328926305
-0.7351001002060177,0.14169506629929224,-0.8767951665053102,-14.046038365240184,21.734374999999993,-179.53508970004046,-0.6214052692746265,-0.008536868076057913,6056.493833776468
-0.6815935212503833,0.16928157882109454,-0.850875100071478,-14.065317405820071,21.740624999999994,-179.59727164959122,-0.6222337217407965,-0.00828452466170078,6042.981600025634
-0.6530388261484761,0.17156737734685723,-0.8246062034953341,-14.084032135106161,21.746874999999996,-179.65953516566182,-0.623036599671259,-0.008028779304624924,6029.618942457182
-0.6439599589196934,0.1566610000361089,-0.8006209589558023,-14.102174800586383,21.753124999999997,-179.72187780194707,-0.6238161260338267,-0.007795263625677255,6016.338951248055
-0.6865139880608055,0.09895709495721185,-0.7854710830180169,-14.11979559999829,21.759375,-179.7842976533966,-0.6245809029567398,-0.0076477692291304755,6003.101561050802
-0.6673184020867374,0.10246715893176862,-0.7697855610185063,-14.137089054772831,21.765625,-179.84679321896988,-0.6253304085084831,-0.007495055517433,5989.870321109062
-0.590157096791157,0.15578448468904335,-0.7459415814802004,-14.154043103053832,21.771875,-179.90936257433515,-0.6260566987970968,-0.007262902886136946,5976.564736000917
-0.5760986554114877,0.14730052001148453,-0.7233991754229723,-14.170477628577386,21.778125000000003,-179.97200346131382,-0.6267610407764093,-0.007043419793124704,5962.479487778487
-0.38920418850718563,0.2898448384914884,-0.6790490269986735,-14.186420937877601,21.784375000000004,-180.03471262339886,-0.627422200924469,-0.00661160148059677,5948.510045277835
-0.517757556833113,0.13989011339697474,-0.6576476702300882,-14.201391992731974,21.790625000000006,-180.09748685960716,-0.6280625232416923,-0.006403223172233844,5933.675631032481
-0.3859074528284979,0.23568934624719243,-0.6215967990756895,-14.215896055959467,21.796875000000007,-180.16032337296787,-0.6286677439725794,-0.006052207308870983,5919.090566301875
-0.4411335039920239,0.15652626254821636,-0.5976597665402404,-14.229609742192704,21.80312499999998,-180.22321924305103,-0.6292496576905502,-0.005819137179707732,5904.521401486964
-1.043745963098357,-0.3869256158261604,-0.6568203472721964,-14.242799439839835,21.80937499999998,-180.2861761845611,-0.629889172510594,-0.006395148200437444,5890.152225127923
-0.5969042725869331,0.05197251276785201,-0.6488767853547844,-14.257295859608197,21.815624999999983,-180.34919669079255,-0.6305209521184971,-0.0063177960790321,5876.052671515818
0.03679107035530216,0.594774964638279,-0.5579838942829766,-14.271619504582604,21.821874999999984,-180.4122759500417,-0.6310642328644751,-0.005432807459779758,5862.077110231183
-0.19769713740510084,0.3125386960985645,-0.5102358335036653,-14.283941657372873,21.828124999999986,-180.47540721282786,-0.6315610228584978,-0.0049678999402273044,5847.650209393827
-0.4007578621518397,0.09497340397200343,-0.4957312661238431,-14.295212486668493,21.834374999999987,-180.53858744845226,-0.6320436896297774,-0.004826667712796604,5832.880622557606
-0.3605660642776282,0.11726213787560807,-0.4778282021532359,-14.306163964789699,21.84062499999999,-180.60181507914845,-0.6325089242941405,-0.004652346643630965,5818.035377277019
-1.2356729280166534,-0.6574901705075527,-0.5781827575091009,-14.316720568800351,21.84687499999999,-180.66509411874134,-0.6330718675634665,-0.005629432693259825,5804.419909276321
-0.6555236021007342,-0.06710169004032089,-0.5884219120604139,-14.32948791573213,21.85312499999999,-180.72842995107447,-0.6336447790993822,-0.005729115359157773,5790.442273136667
0.6380407227132082,1.0641597861666938,-0.42611906345348577,-14.342479529860126,21.859374999999993,-180.79181517329357,-0.6340596652826194,-0.004148861832371591,5776.647619630657
0.12710819413451024,0.4800421336750605,-0.3529339395405504,-14.351892509858349,21.865624999999994,-180.85523832130963,-0.6344032950387702,-0.0034362975615085532,5762.0866806286795
-0.3540567215378037,-0.0009738767576775447,-0.35308284478012586,-14.359690630957575,21.871874999999996,-180.91869583952626,-0.63474706929376,-0.0034377425498977494,5746.9733217182475
-0.3278283623567628,0.021916500595657598,-0.3497448629524202,-14.367490040912728,21.878124999999997,-180.98218757264794,-0.6350875931397926,-0.0034052384603252433,5731.85082600019
-0.20195162146422002,0.1282648328428212,-0.3302164543070412,-14.37521417414746,21.884375,-181.04571240745878,-0.6354091030769397,-0.003215099371471001,5716.848531767808
-0.24635239516386676,0.07278763132411668,-0.3191400264879836,-14.382506869241995,21.890625,-181.1092688540275,-0.635719828297516,-0.0031072522057641492,5701.9369474247205
-1.367967054373356,-0.9103595598809697,-0.4576074944923863,-14.389555514273715,21.896875,-181.17286311391842,-0.6361653695207835,-0.00445541223267501,5688.081175783466
-0.7051739639900131,-0.21489721719971863,-0.4902767467902944,-14.399657523156478,21.903124999999974,-181.23650351829443,-0.6366427179992583,-0.0047734847847484396,5674.709005062644
0.17355472614550402,0.5762757639117236,-0.40272103776622004,-14.410483800580959,21.909374999999976,-181.3001873951429,-0.6370348189701663,-0.003921009709080739,5662.139147982845
-0.44870088513691786,-0.03991769534556089,-0.4087831897913569,-14.419388294305593,21.915624999999977,-181.36391077716252,-0.6374328214223148,-0.0039800245214844255,5649.702202998269
-1.0558347028696433,-0.5617963543874274,-0.49403834848221595,-14.428438916922744,21.92187499999998,-181.427678109695,-0.6379138292274488,-0.004810078051339224,5637.834602320778
-1.2816567062817055,-0.6838997941582443,-0.5977569121234613,-14.439387265730167,21.92812499999998,-181.49149859203217,-0.6384958175163378,-0.005819882888889821,5627.253008632899
-1.5531947015162952,-0.8296929085431908,-0.7235017929731047,-14.452648559323348,21.93437499999998,-181.55538339437297,-0.6392002292997622,-0.007044117834243487,5618.430491952664
-2.0557644686945316,-1.1570319822511903,-0.898732486443341,-14.468719044484443,21.940624999999983,-181.61934716786828,-0.6400752406065138,-0.008750113067516429,5611.858093331375
-2.7181463511351374,-1.5802643784450354,-1.1378819726901026,-14.488703274881766,21.946874999999984,-181.6834100836829,-0.6411830756858401,-0.011078350793263178,5608.272864893343
-3.5574144733186466,-2.1017203927103276,-1.455694080608319,-14.514027832496978,21.953124999999986,-181.74759925279454,-0.6426003065471229,-0.014172308612827159,5608.6755174581585
-4.641703611850238,-2.7678253716858654,-1.8738782401643712,-14.546449145287257,21.959374999999987,-181.81195049959,-0.6444246293622912,-0.018243228151683003,5614.424154369501
-6.065061372738184,-3.6414961614752,-2.4235652112629853,-14.588208220881093,21.96562499999999,-181.87651093244412,-0.6467840277200023,-0.023593983577111916,5627.38146153878
-7.917878888518935,-4.774329662228295,-3.14354922629064,-14.642239682063426,21.97187499999999,-181.94134234472835,-0.6498442179648948,-0.03060190244892439,5650.16954489059
-10.303820718176857,-6.222847549890025,-4.08097316828683,-14.712342403118898,21.97812499999999,-182.0065253931964,-0.6538167513958109,-0.039725334309160934,5686.690788012506
-13.529658513087856,-8.212930614847348,-5.316727898240509,-14.803365520777582,21.984374999999993,-182.0721658219387,-0.6589918234502601,-0.05175072054449231,5742.1375468461265
-17.55706291757292,-10.641298089255008,-6.915764828317912,-14.921953851873981,21.990624999999994,-182.13840154757716,-0.6657226893184944,-0.06730865868234344,5824.554835341244
-23.449812684213548,-14.37691555776588,-9.072897126447675,-15.07620023543636,21.996874999999996,-182.20541527902995,-0.6745519397370365,-0.08829250418542083,5946.854151148647
-26.83183195411483,-15.445221654468698,-11.386610299646135,-15.2785048097221,22.00312499999997,-182.2734244291533,-0.6856310627297576,-0.1107912299272108,6134.957756770726
-39.195431634792506,-24.192447228847925,-15.002984405944597,-15.532439638515882,22.00937499999997,-182.3427172866952,-0.7002260881082873,-0.1459502537852974,6414.565962705377
-47.29060404333222,-28.10055007833775,-19.190053964994473,-15.866833311145228,22.01562499999997,-182.41367308666182,-0.7188899112240443,-0.18663823115757008,6811.473085568257
-58.68718413738364,-34.40584546073507,-24.281338676648577,-16.29428868575926,22.021874999999973,-182.48674252344279,-0.7424988243953955,-0.2360891317135118,7426.163630762023
-40.66789656910723,-14.286494043131587,-26.381402525975627,-16.83458388229923,22.028124999999974,-182.56227455239406,-0.7681417546300936,-0.25642930234698114,8133.372820103285
-20.355002260774835,5.271473541743736,-25.626475802518577,-17.42154256624772,22.034374999999976,-182.64033378717372,-0.793042940963029,-0.249011863329354,8928.798718000162
-41.06397404264846,-13.499409559613314,-27.564564483035117,-17.991925015152134,22.040624999999977,-182.7209768840229,-0.8198189960203647,-0.2677605505733575,10043.00067828953
-55.87264148205106,-24.80259314414662,-31.070048337904456,-18.604780926228162,22.04687499999998,-182.80446741013793,-0.8499915262802787,-0.30172530259914065,11369.590027532533
-81.5549844784857,-44.318213120657056,-37.23677135782866,-19.29440851291236,22.05312499999998,-182.89127415944668,-0.88614345989495,-0.3615193361467124,12911.463840026014
-52.59256407054072,-13.499879557550559,-39.09268451299017,-20.119264154858026,22.05937499999998,-182.9817857959216,-0.9240892696036023,-0.3794580970865229,14602.383757365636
53.78627318805572,81.84255872387412,-28.056285535818397,-20.98421839990324,22.065624999999983,-183.07555616033167,-0.9513180185976304,-0.27228748994028185,15427.872018968788
4.560883988542495,28.78642411877634,-24.225540130233867,-21.604945347639163,22.071874999999984,-183.17186338038806,-0.9748263825301777,-0.23508363932547252,16627.351440655708
26.49134914456364,44.81996762329567,-18.328618478732036,-22.14020204369,22.078124999999986,-183.27023526442764,-0.9926112982615791,-0.17784915731401393,17094.084728699112
18.712720922978036,32.7760219940943,-14.063301071116262,-22.54475253059684,22.084374999999987,-183.37017868174058,-1.0062570479974924,-0.13645749735913168,17362.88981976505
11.222305456837118,22.4001141199419,-11.177808663104782,-22.854712104762957,22.09062499999999,-183.47134668234156,-1.0171029640222464,-0.10845916024754046,17477.48590290323
4.78556154935511,14.156878632518803,-9.371317083163701,-23.10060492382627,22.09687499999999,-183.57351164067285,-1.0261962026034324,-0.09093238581185832,17576.779380649372
4.034150895533852,11.900208341449177,-7.8660574459153265,-23.30628692861825,22.103124999999984,-183.67651290702415,-1.0338291244226936,-0.07632921819261147,17915.541541790953
-6.752038106306129,0.9895075910976179,-7.741545697403742,-23.47844147863277,22.109374999999986,-183.78027144367132,-1.0413416085210037,-0.07512484098310034,18948.72436007561
3.199342719230974,9.729301843607884,-6.529959124376914,-23.64752424660819,22.115624999999987,-183.88472246231817,-1.047678764415882,-0.06337155894878443,19363.98971377922
7.112703069744238,12.14130634482274,-5.028603275078508,-23.789593191299947,22.12187499999999,-183.98973436407914,-1.0525592708037175,-0.048805063878354586,19728.146095581465
8.338515269979471,11.90439607649158,-3.5658808065121006,-23.89827376531111,22.12812499999999,-184.09516334978164,-1.0560204432461628,-0.03461172442445457,20118.97092365437
-1.8005878350254838,1.5728337620332884,-3.3734215970587726,-23.974428801007498,22.13437499999999,-184.20092912893438,-1.0592951398086523,-0.03274696562489429,20884.955012131515
32.743629356323694,32.20347070615493,0.5401586501687609,-24.046065101095625,22.140624999999993,-184.30683242243228,-1.0587707301494669,0.005244096591854114,21170.955242060914
18.290995485818737,15.835243243733899,2.455752242084836,-24.03120455365566,22.146874999999994,-184.41259027319384,-1.0563862850817967,0.02384445067670323,21459.20013153268
13.886096494362162,10.202318533507041,3.683777960855123,-23.97391297181624,22.153124999999996,-184.51805003740282,-1.052808999097469,0.03577285984327643,21735.463926955934
24.185800249647272,18.31001264556664,5.875787604080628,-23.889385454638045,22.159374999999997,-184.62304560097033,-1.0471022722527668,0.05706726844702132,21923.09968552273
-0.6499235254214544,-5.830008968409554,5.180085442988097,-23.756433745825063,22.165625,-184.7275042394733,-1.0420704978064448,0.05031774446321878,22643.85413550502
26.186483652811926,18.777845821016854,7.408637831795076,-23.63875533442347,22.171875,-184.8313514096363,-1.0348729054539068,0.07197592352537978,22727.43500555329
45.993662385122455,34.502534603746795,11.49112778137566,-23.471981138371113,22.178125,-184.9342804275814,-1.023707453448089,0.11165452005817711,22481.500694967242
46.70459255305088,31.49570875408086,15.208883798970039,-23.21534332773311,22.184375000000003,-185.03591217284412,-1.0089274518064426,0.14780001641646398,21984.10786939431
35.723282118545065,18.35216284015437,17.37111927839069,-22.876971759061,22.190625000000004,-185.13596073698153,-0.992043830941655,0.1688362086478761,21485.54964577146
33.100942708097875,14.073085671211423,19.027857036886463,-22.4912328886675,22.196875000000006,-185.2342403071985,-0.9735475733974478,0.1849625754420722,20962.825318830048
37.856898943589364,16.84454903847167,21.012349905117674,-22.069344835991053,22.20312499999998,-185.33057368123863,-0.9531199074055899,0.20427665991857863,20336.89097783206
43.49539593128964,20.109835741377598,23.385560189912052,-21.604150979632198,22.20937499999998,-185.42474881847468,-0.9303828373154526,0.22737070090137407,19709.24019318903
44.449154245684205,18.835256986223566,25.61389725946065,-21.087132475301544,22.21562499999998,-185.51654182448752,-0.905477282941438,0.24905554374014574,19125.501687591917
55.08002418385119,26.338286738858294,28.741737444992893,-20.521502246839873,22.221874999999983,-185.60569213000488,-0.8775288274055667,0.2794845553587129,18618.729100171382
40.95441327229829,10.911471564946854,30.042941707351414,-19.88742230870371,22.228124999999984,-185.69198427671526,-0.8483141068019611,0.29214720603605693,18187.334539294214
57.15799953169578,24.21041729391949,32.947582237776274,-19.225100282329358,22.234374999999986,-185.7752137039784,-0.8162744384611232,0.3203966834083778,17861.67110826194
60.25864494741557,24.366935653333066,35.891709294082524,-18.49913165193925,22.240624999999987,-185.85509602746393,-0.7813720312490984,0.3490240721202485,17580.68451524042
52.550965815167466,14.849918926125333,37.701046889042104,-17.70856577740319,22.24687499999999,-185.9314001807501,-0.7447110344744774,0.36660996774620963,17524.438159415717
44.984547605864954,6.485191123342287,38.499356482522685,-16.87832622420448,22.25312499999999,-186.00399948924058,-0.7072751353350848,0.3743589913939262,17511.15790421833
49.487651564206345,9.773517495910951,39.714134068295394,-16.030610757842783,22.25937499999999,-186.07279623603233,-0.6686598005000239,0.3861533483506086,17779.704870896814
51.43648412511376,10.413714223521522,41.02276990159219,-15.156162171432122,22.265624999999993,-186.13766793053375,-0.6287740895284437,0.3988571097158025,18178.10776730284
48.10608359358011,6.283447664881986,41.82263592869812,-14.252840396640892,22.271874999999994,-186.19851227569026,-0.5881128136018521,0.4066127592659167,18708.94828894747
43.2733539964702,1.283635116665494,41.989718879804705,-13.331796524526213,22.278124999999996,-186.2552824709629,-0.5472910918509192,0.40821721750932877,19423.285915733126
49.64537113278086,6.7715368864136805,42.87383424636719,-12.406926714390705,22.284374999999997,-186.3079276033604,-0.5056115560991166,0.416795357518026,20281.268313209363
45.686153230449094,2.4829246689650093,43.203228561484146,-11.462391593274198,22.290625,-186.35638883126623,-0.4636130020175069,0.41998554081609696,21343.93911882266
43.81722866549079,0.5409273180368166,43.276301347454,-10.510393416492922,22.296875,-186.4006466767784,-0.4215439082258853,0.4206909379162162,21396.493195712468
61.39558971765695,15.9471704423726,45.44841927528431,-9.556573166764549,22.303124999999973,-186.44059201630043,-0.37736288221458847,0.44181026011296803,20972.284655415304
53.9529526444035,7.475331636521255,46.47762100788224,-8.554680927278168,22.309374999999974,-186.47606915151812,-0.332179822139013,0.4518306007557549,21391.044614562878
58.01381478817802,10.130017458600232,47.88379732957781,-7.529932376387054,22.315624999999976,-186.50695948657867,-0.28562687907199563,0.46552943067017366,22344.085526784016
15.864555846762842,-28.075355458259608,43.93991130502256,-6.4740666926373045,22.321874999999977,-186.53338604550655,-0.242904299485413,0.4272257958658262,23155.081509738076
12.895568617098576,-27.19682212105984,40.092390738158414,-5.5050404440321925,22.32812499999998,-186.55572715593075,-0.20391790899878764,0.38986390486625366,23848.23470003276
0.028815135551711786,-35.06904738661537,35.097862522167134,-4.6207847304686345,22.33437499999998,-186.57441220948476,-0.1697831620811247,0.3413474691766295,24801.08455478856
-37.015518707254806,-63.07350006511144,26.05798135785663,-3.8466282196739527,22.34062499999998,-186.59012316111776,-0.14443587057872964,0.25347291502395075,25632.24489441102
-90.59174005418443,-101.94643229688604,11.354692242701626,-3.271750963582326,22.346874999999983,-186.604014395347,-0.1333888140064401,0.11047056572289547,26340.813529513747
-147.14434985178946,-138.41666705524432,-8.727682796545126,-3.020958715011218,22.353124999999984,-186.61777791583222,-0.141881595697816,-0.08492781691375907,25652.70774701555
-115.50151917054262,-93.18414821096029,-22.317370959582327,-3.212782736390875,22.359374999999986,-186.63305208616492,-0.1636018109564793,-0.21720215258663308,23636.715075408232
-236.63419676841647,-186.94018805981986,-49.69400870859661,-3.7041957344815466,22.365624999999987,-186.65183075896167,-0.21197164497816084,-0.48369834021681557,20886.567968055642
-110.0200564023985,-52.59891305404602,-57.421143348352444,-4.798988301686211,22.37187499999999,-186.67582269495352,-0.2678670748589725,-0.5589542988081162,18076.96234150865
-52.68793365308816,4.1223241967980835,-56.81025784988627,-6.064120383660868,22.37812499999999,-186.70537459049146,-0.3231708358999932,-0.5530376104102069,15731.629790974028
-0.9538514465153736,48.6604787619595,-49.61433020847487,-7.315855985667932,22.38437499999999,-186.74010669299847,-0.3714712142400984,-0.48300378340105177,13949.675558284764
25.27031816129566,65.21830357521543,-39.94798541391977,-8.40907151109381,22.390624999999993,-186.77919836118966,-0.41036214958397954,-0.3889093534388115,12609.111428224915
37.724225518881134,67.6275743303482,-29.903348811467104,-9.28932545201042,22.396874999999994,-186.82169020057358,-0.439474638094778,-0.29112488510798473,11604.087880128935
2.7094969281601213,28.38764946124799,-25.67815253308788,-9.948271419643515,22.403124999999967,-186.8668876250761,-0.46447385195516616,-0.24999213860388175,10827.295267662694
30.218361794187892,48.642421762164,-18.424059967976103,-10.514150425918496,22.40937499999997,-186.91423185820685,-0.4824108106597505,-0.17936958704584335,10228.765778870964
-0.15542567137093805,15.89402866462052,-16.049454335991456,-10.920201256931225,22.41562499999997,-186.96325419470668,-0.4980359193366862,-0.15625108676935662,9743.558037993938
1.464051110874596,15.233721006304867,-13.769669895430278,-11.273950531519425,22.42187499999997,-187.0137280638614,-0.5114414637576966,-0.1340554442101044,9343.813110861858
6.340563784328023,17.488831555387453,-11.148267771059423,-11.577480557098255,22.428124999999973,-187.06541488004027,-0.5222948598194773,-0.10853396061780654,9014.941104856165
1.3765766202536127,10.890140381498687,-9.513563761245079,-11.823256310545235,22.434374999999974,-187.1181074590802,-0.5315567209791774,-0.09261861159700094,8718.137520035214
3.2995739202923584,11.138788861827145,-7.839214941534786,-12.033017549230722,22.440624999999976,-187.17164471857853,-0.5391884689877858,-0.07631748008608473,8489.917368942668
2.574636257397064,9.051492661809863,-6.476856404412794,-12.205886038356203,22.446874999999977,-187.22587883496715,-0.5454938587844036,-0.06305389796617805,8295.827076873193
1.6654032075669771,7.075943941220679,-5.410540733653709,-12.348733693539058,22.45312499999998,-187.28069158368874,-0.5507611156471592,-0.05267256862755681,8125.256624888838
-1.4625976110174759,3.4304157949358887,-4.893013405953365,-12.46808161063728,22.45937499999998,-187.33600586491013,-0.5555245087807883,-0.0476339313362906,7965.2600950637325
-0.5317112221700534,3.7890373264255564,-4.320748548595605,-12.576021546712573,22.46562499999998,-187.3917686284085,-0.5597307611864384,-0.042062524056500704,7838.755424312736
1.3784530419497893,4.950699582750612,-3.572246540800822,-12.671345034737358,22.471874999999983,-187.4479155823818,-0.5632083182792315,-0.03477557092793068,7725.6644431302875
5.44500422073886,7.831950336208235,-2.386946115469376,-12.750166306290566,22.478124999999984,-187.50435259711074,-0.5655319762995261,-0.02323658020294677,7627.686800686075
-1.9901585413584277,0.3446021995225103,-2.3347607408809377,-12.802857548275878,22.484374999999986,-187.56101943678163,-0.5678048171186565,-0.022728408191304256,7532.3374007493785
1.705258097699799,3.508146998091998,-1.8028889003921995,-12.854389501744865,22.490624999999987,-187.61788767169557,-0.5695598811599265,-0.017550640412700675,7445.670730550476
-2.6936269525569694,-0.7733780173644398,-1.9202489351925307,-12.894189818711807,22.49687499999999,-187.67493712486416,-0.5714291822119336,-0.018693010520070767,7360.972581039212
-3.431711799058932,-1.3121934569167977,-2.1195183421421335,-12.9365657879423,22.50312499999998,-187.7321832068029,-0.5734924565626265,-0.0206327435069282,7279.904865079972
-1.9160314882243785,0.17665026100759157,-2.0926817492319687,-12.983322102077656,22.50937499999998,-187.78963430959388,-0.5755295992574513,-0.020371426948247572,7204.606029573816
-1.155488908370053,0.8134956172784874,-1.9689845256485403,-13.029475479539576,22.515624999999982,-187.84728310568417,-0.5774463225484953,-0.01916723291044023,7133.8987014065315
-1.3161253286364603,0.5666434369153334,-1.882768765551793,-13.072891116593295,22.521874999999984,-187.9051193775741,-0.5792791152502285,-0.01832792701733151,7066.38783086384
-1.4769490859257866,0.35220033424557073,-1.8291494201713587,-13.11439500631171,22.528124999999985,-187.96313631885545,-0.5810597103766558,-0.017805951264273204,7002.247265303389
-1.4496350932214972,0.329346039318654,-1.7789811325401503,-13.154705605672941,22.534374999999986,-188.02132887782412,-0.5827914689967018,-0.017317586200458892,6941.711626698879
-1.4097396285424233,0.32040907536620733,-1.7301487039086318,-13.193899168457616,22.540624999999988,-188.07969223592207,-0.5844756929622956,-0.016842239655938594,6884.965343839262
-1.3816313405615983,0.3024064744621656,-1.6840378150237638,-13.232005431075054,22.54687499999999,-188.1382217722133,-0.5861150328625354,-0.01639339900239823,6831.630104023069
-1.3762176010213119,0.26707798219901285,-1.6432955832203253,-13.26908475582433,22.55312499999999,-188.19691325965633,-0.5877147159977913,-0.015996831352559,6781.4598008174125
-1.312465401840332,0.2870277367548312,-1.5994931385951616,-13.305255921179388,22.559374999999992,-188.25576258367389,-0.5892717643535745,-0.01557048355783167,6734.031536631599
-1.3084116870451707,0.252529396496648,-1.5609410835418185,-13.340452018536173,22.565624999999994,-188.31476573638272,-0.5907912898232995,-0.015195254697249673,6689.311951094428
-1.35129264945322,0.18187240101925314,-1.533165050472473,-13.374789351308054,22.571874999999995,-188.37391949003683,-0.5922837832589463,-0.014924934356466872,6647.079568018864
-1.2104421106054652,0.27995923064024053,-1.4904013412457062,-13.408506050233482,22.578124999999996,-188.4332204119575,-0.5937346551545916,-0.014508718956452858,6606.985569020217
-1.1212788449601079,0.3202018288212557,-1.4414806737813637,-13.44127250756648,22.584374999999998,-188.49266404032383,-0.5951379121717115,-0.014032570171199453,6569.370964754544
-1.2610752349139889,0.1564879122521127,-1.4175631471661017,-13.472953768293776,22.590625,-188.55224683066896,-0.5965178947312041,-0.01379982559492603,6533.873253659217
-1.3279719082800931,0.07770762305942713,-1.4056795313395187,-13.504101618127553,22.596875,-188.61196704131115,-0.5978863181123596,-0.01368423381155449,6500.389796045918
-1.1980271724534386,0.18011697551980826,-1.3781441479732457,-13.53498204610819,22.603124999999974,-188.67182275449906,-0.5992279456458741,-0.013416275335144804,6468.839346848744
-1.1687107517656166,0.18165995002909158,-1.350370701794708,-13.565250918049575,22.609374999999975,-188.7318112790625,-0.600542545622788,-0.013145999769138642,6439.147411573993
-1.112520824844264,0.20630809216104895,-1.3188289170053127,-13.594903801365994,22.615624999999977,-188.79192972881543,-0.6018264494360511,-0.012839038132631488,6411.137418341324
-1.4771170004761298,-0.1373124160446536,-1.3398045844314763,-13.62385846803191,22.621874999999978,-188.8521775904857,-0.6031307839690861,-0.013043345330350755,6384.718577759808
-2.2617777064838833,-0.7997469403410876,-1.4620307661427967,-13.653273117719692,22.62812499999998,-188.91256183571235,-0.604554120563787,-0.014233365947008468,6360.173334810882
-2.469054669390936,-0.8735153532217951,-1.5955393161691411,-13.685379914042311,22.63437499999998,-188.97309491399935,-0.6061074451760585,-0.01553324612271523,6337.950565443605
2.277547486539715,3.359535044729057,-1.081987558189342,-13.720428268851396,22.640624999999982,-189.03375832697554,-0.6071608143476044,-0.01053369171545804,6315.675003102141
0.11929484977206127,1.041992792122896,-0.9226979423508342,-13.744158999567448,22.646874999999984,-189.0945193234209,-0.6080591145597093,-0.008983002121049603,6293.764175317529
-1.9552688936236327,-0.8956675335858266,-1.0596013600378071,-13.764380193322786,22.653124999999985,-189.15537681448524,-0.609090706726637,-0.010315921669276768,6271.323928867113
-1.4311370710362632,-0.3222749316036218,-1.1088621394326412,-13.787620115884367,22.659374999999986,-189.21633986313566,-0.6101702662815497,-0.010795595549127228,6250.3923261917
-0.7089123942121078,0.34689553602410605,-1.0558079302362133,-13.811947965011793,22.665624999999988,-189.27740828553857,-0.6111981817764526,-0.010279154949029406,6231.032461609198
-0.7521538565835942,0.263365167762886,-1.0155190243464798,-13.83510956809593,22.67187499999999,-189.33857753864407,-0.6121868803336541,-0.009886985572014796,6212.549920301837
-1.477867526530221,-0.40101120950811414,-1.0768563170221068,-13.857386873767519,22.67812499999999,-189.39984864786152,-0.613235304015434,-0.010484236817799414,6194.816528342577
-1.3687280640236916,-0.25314751051407025,-1.1155805535096217,-13.881020105792798,22.684374999999992,-189.46122648492283,-0.6143214372106849,-0.010861331952508126,6178.054058736807
-0.8612650630730632,0.22055731610028675,-1.0818223791733497,-13.905511434620974,22.690624999999994,-189.522711292306,-0.6153747104528741,-0.010532732421892023,6162.299486417855
-0.6740225439374883,0.35366630403027594,-1.0276888479677644,-13.92926396060688,22.696874999999995,-189.58429879208498,-0.6163752851263057,-0.010005746734315972,6147.122399651833
-0.7631906444681156,0.22938245810286356,-0.9925731025709799,-13.95182907974964,22.703124999999968,-189.6459846401566,-0.6173416763059291,-0.009663911796233863,6132.25274654642
-0.8276195304297218,0.14305053492717065,-0.9706700653568919,-13.973626283568064,22.70937499999997,-189.70776606134356,-0.6182867474331654,-0.009450711272362496,6117.723899399452
-0.7953295349995069,0.15205759631641103,-0.9473871313159169,-13.994947070097163,22.71562499999997,-189.76964085643206,-0.6192091543368667,-0.00922406903701344,6103.591148176816
-0.7366696335119451,0.18273701490483224,-0.9194066484167779,-14.01576128250385,22.721874999999972,-189.83160653028156,-0.6201043226529637,-0.008951683160968895,6089.7515333677175
-0.7497384466717784,0.14713761119466984,-0.8968760578664488,-14.035965587487532,22.728124999999974,-189.89366062431156,-0.6209775579472404,-0.008732352942767044,6076.024837421964
-0.7321904907473471,0.14281671517869057,-0.8750072059260366,-14.055680219530636,22.734374999999975,-189.95580097740478,-0.6218295039168291,-0.008519459695887069,6062.402288678959
-0.6782557388940899,0.1706256295125015,-0.8488813684065906,-14.074919826642866,22.740624999999977,-190.01802525336018,-0.6226560151910258,-0.008265112741966441,6048.862593999911
-0.649471739055786,0.17293184106069312,-0.8224035801164792,-14.093590592508317,22.746874999999978,-190.08033089154657,-0.6234567485369672,-0.008007333459414142,6035.470949185458
-0.6404737547550208,0.15777416877708225,-0.7982479235321027,-14.111684695750826,22.75312499999998,-190.14271542719283,-0.6242339643883605,-0.007772158513933821,6022.161598964242
-0.6837021346271924,0.09933765936440729,-0.7830397939916002,-14.129253181990366,22.75937499999998,-190.20517694411612,-0.6249963740774179,-0.0076240968905741426,6008.895381732151
-0.6645355427954086,0.1027720609525251,-0.7673076037479336,-14.146493044239797,22.765624999999982,-190.26771393616767,-0.6257434669537029,-0.007470928762849334,5995.629094941849
-0.5866796855622207,0.15665127500025383,-0.7433309605624744,-14.16339247573444,22.771874999999984,-190.33032447028518,-0.6264672153963237,-0.007237484426208352,5982.284809103896
-0.5721387949721084,0.14847068414083958,-0.720609479112948,-14.17976946475884,22.778124999999985,-190.39300627311354,-0.6271688411709632,-0.0070162577463953124,5968.173137105376
-0.3854705172367695,0.29066354072633754,-0.6761340579631072,-14.195651294711375,22.784374999999986,-190.45575607332918,-0.6278271631419804,-0.006583219710171921,5954.181195770056
-0.5136978336409701,0.14088297017602774,-0.6545808038169979,-14.210558112745964,22.790624999999988,-190.51857065645567,-0.6284644993876382,-0.006373362456578043,5939.317205625252
-0.381531440871077,0.23682480774065784,-0.6183562486117352,-14.224994594554284,22.79687499999999,-190.5814472096721,-0.6290665649408873,-0.006020655532491433,5924.697945810881
-0.4364351120418856,0.15779072540622535,-0.5942258374481107,-14.238636874235752,22.803124999999962,-190.64438279467916,-0.6296451352006615,-0.00578570259774118,5910.091286104769
-1.0389739580509232,-0.3857649992252817,-0.6532089588256415,-14.251750905749606,22.809374999999964,-190.70737910812835,-0.6302811337830581,-0.0063599858239656816,5895.687752084414
-0.5919870989207308,0.05310515620783181,-0.645092255128563,-14.266167750205643,22.815624999999965,-190.77043862624646,-0.6309092285788731,-0.006280947958150217,5881.552833873625
0.04169096297304767,0.5957424664238334,-0.5540515034507856,-14.280408005402862,22.821874999999967,-190.83355652170312,-0.6314486805544391,-0.005394519755660113,5867.532400510998
-0.19248454767666606,0.31364922382863897,-0.5061337715053051,-14.292643510667288,22.828124999999968,-190.89672602956009,-0.6319414765848438,-0.0049279603040466744,5853.0621741919695
-0.3948697726444648,0.09652278374027325,-0.49139255638473783,-14.303823953593358,22.83437499999997,-190.95994409933877,-0.63241991898868,-0.004784424038362554,5838.256264740216
-0.35496177071492246,0.11836007666532543,-0.4733218473802477,-14.314679830045721,22.84062499999997,-191.02320913359154,-0.6328807660667917,-0.004608470781116693,5823.373720299448
-1.2297869574806897,-0.656293250598466,-0.573493706882224,-14.325137137405934,22.846874999999972,-191.08652512908876,-0.6334391438774358,-0.005583778106441894,5809.719753475697
-0.6494436674375917,-0.06589493642236399,-0.5835487310152274,-14.337801160676886,22.853124999999974,-191.1498974518169,-0.6340073106858353,-0.005681668083994025,5795.702132560862
0.644244360045954,1.0653141697465514,-0.4210698097005976,-14.350685392244191,22.859374999999975,-191.2133186813871,-0.6344172807181714,-0.004099700323361537,5781.8665679008145
0.13351966079964395,0.48122413452661855,-0.34770447372697444,-14.359987108161793,22.865624999999977,-191.2767773363665,-0.6347558188697442,-0.003385381515727938,5767.264619791803
-0.34741051252698923,0.0002555098175072185,-0.3476660223444964,-14.367669992339149,22.871874999999978,-191.3402698432655,-0.6350943191100806,-0.0033850024033641683,5752.1097615334875
-0.32097437316760546,0.023163683624923385,-0.34413805679252885,-14.375350035104395,22.87812499999998,-191.40379602841966,-0.6354293839732952,-0.003350648632145652,5736.943158072061
-0.19484495686409303,0.12956650098332256,-0.3244114578474157,-14.382950613163977,22.88437499999998,-191.46735475971678,-0.6357452419690489,-0.0031585799575371562,5721.894917746307
-0.23915377793322945,0.07399717782975976,-0.3131509557629889,-14.390115384608585,22.890624999999982,-191.5309445286169,-0.6360501360334945,-0.003048940644455109,5706.937380646217
-1.3608267033146428,-0.9093602782574681,-0.45146642505717494,-14.39703204920643,22.896874999999984,-191.5945715203244,-0.6364896981160764,-0.0043956208258194365,5693.037665827116
-0.6977378235259998,-0.21377304961254168,-0.48396477391345855,-14.406998728636824,22.90312499999998,-191.6582440502834,-0.636960901064157,-0.004712029480807223,5679.621850705222
0.18122874249537316,0.577458151907144,-0.3962294094117712,-14.417685912177951,22.909374999999983,-191.72195942941642,-0.6373466815959973,-0.0038578053184019218,5667.005435540985
-0.4408755154829783,-0.038759790261953114,-0.40211572522102523,-14.426447356326154,22.915624999999984,-191.78571367311736,-0.6377381924229643,-0.003915108269669868,5654.520227423821
-1.0478140227396506,-0.5606214523913344,-0.48719257034831615,-14.435351059946804,22.921874999999986,-191.84951120948907,-0.6382125350112688,-0.004743425883046255,5642.60472564574
-1.2753663872281704,-0.6843821331045202,-0.5909842541236505,-14.446148568422624,22.928124999999987,-191.91336123270474,-0.6387879293025635,-0.005753942912946444,5631.975553583472
-1.5462026528910364,-0.8295024268570743,-0.7167002260339622,-14.459260644900866,22.93437499999999,-191.97727491511898,-0.6394857189822913,-0.006977896797278389,5623.105592236483
-2.047697846144899,-1.155933363851681,-0.891764482293218,-14.475181291863816,22.94062499999999,-192.04126689837804,-0.6403539461986615,-0.008682272163701047,5616.486079519899
-2.709876075295538,-1.5791333488495982,-1.130742726445939,-14.495012037304512,22.94687499999999,-192.1053573372155,-0.641454830550567,-0.011008843519054998,5612.8528299945365
-3.5488339211186037,-2.1004685019511404,-1.4483654191674629,-14.520179363658439,22.953124999999993,-192.16957332506266,-0.642864926392683,-0.014100958421160938,5613.206344447808
-4.632182110777672,-2.76592048493174,-1.8662616258459328,-14.552439306024834,22.959374999999994,-192.2339506630832,-0.6446818340178044,-0.018169076251214642,5618.904215990937
-6.054779792149825,-3.6391808908471925,-2.415598901302631,-14.594030709499709,22.965624999999996,-192.29853642863324,-0.6470334769833561,-0.02351642965551684,5631.805567389941
-7.906802115182501,-4.7716270419632165,-3.1351750732192833,-14.647886846721244,22.971874999999997,-192.36339237823924,-0.6500855151365542,-0.03052038153198146,5654.530868809376
-10.292526559135624,-6.2203101770445475,-4.072216382091077,-14.717805322557606,22.978125,-192.4285991302194,-0.6540495244668513,-0.0396400933029703,5690.981212317729
-13.518243205313578,-8.210620275499734,-5.307622929813843,-14.80863584284663,22.984375,-192.49426239314977,-0.659215734140422,-0.051662096735707506,5746.347997630599
-17.544600525294037,-10.638379899585512,-6.906220625708517,-14.92702399821967,22.990625,-192.56052004540572,-0.6659373109785668,-0.0672157683814473,5828.67429823709
-23.438792189030593,-14.375632816356607,-9.06315937267398,-15.081060636282096,22.996875000000003,-192.62755476521187,-0.6747570851443326,-0.08819774165765881,5950.866885924357
-26.82069983822201,-15.444010165805388,-11.376689672416628,-15.283151323811552,23.003124999999976,-192.69558394723956,-0.6858265554093017,-0.11069470264969089,6138.853855650639
-39.182025620994644,-24.18941652116205,-14.992609099832581,-15.536868373458026,23.009374999999977,-192.76489584939029,-0.7004114876055738,-0.14584932196272096,6418.318028994725
-47.2742247302824,-28.095326235844073,-19.1788984944383,-15.871034387011166,23.01562499999998,-192.8358696468284,-0.7190644611567796,-0.18652973551205787,6815.063339902832
-58.66605623302121,-34.397160032555796,-24.26889620046542,-16.298245017528053,23.02187499999998,-192.90895593370738,-0.742661276422667,-0.23596815265887428,7429.545427357787
-40.645262140697,-14.277607554450299,-26.367654586246676,-16.8382671369928,23.02812499999998,-192.9845035397061,-0.768290843552087,-0.2562956712942,8136.46998882477
-20.388223760556972,5.2304414627646,-25.618665223321567,-17.42492391999503,23.034374999999983,-193.0625773039019,-0.7931844403635664,-0.24893596811479418,8931.553345727938
-41.138008550058466,-13.57101875049767,-27.56698979956079,-17.995135240566917,23.040624999999984,-193.14323466848802,-0.8199628513590439,-0.267784109954775,10045.485499975182
-55.924370543588275,-24.84580300193182,-31.078567541656444,-18.60804554570405,23.046874999999986,-193.22673999379242,-0.8501436547291317,-0.3018080337008779,11371.921957904613
-81.56325680210364,-44.31799446325323,-37.24526233885038,-19.29786175726574,23.053124999999987,-193.31356236812653,-0.8863038319527687,-0.361601772236371,12913.629543547146
-52.58643089773578,-13.487014772452662,-39.099416125283106,-20.122905289663418,23.05937499999999,-193.40409036851347,-0.9242561757862139,-0.37952343833445096,14604.324580865685
53.80205351942388,81.86239527784188,-28.060341758417998,-20.988008505365414,23.06562499999999,-193.49787762037087,-0.951488861362185,-0.27232685575971144,15429.443172114763
4.5781823451616495,28.805269282221552,-24.227086937059887,-21.608825278975683,23.07187499999999,-193.59420199975446,-0.9749987263096777,-0.2350986494749267,16628.51370191996
26.506940613393862,44.83511284550881,-18.32817223211496,-22.144116305929465,23.078124999999993,-193.69259109652154,-0.992783209031985,-0.1778448272230742,17094.989483201873
18.726269347460775,32.78761528488662,-14.061345937425829,-22.548657065818894,23.084374999999994,-193.79255161005733,-1.0064270616837852,-0.13643852651800223,17363.58677701329
11.23225887795325,22.407199667424752,-11.174940789471487,-22.858573557322963,23.090624999999996,-193.89373647289094,-1.0172701949881033,-0.10843133304318099,17477.958777441792
4.747481695426324,14.120564304378329,-9.373082608951997,-23.104403100225234,23.096874999999997,-193.99591823997565,-1.0263651467059882,-0.09094951717884957,17577.057380034024
4.016824574445881,11.886394414031743,-7.869569839585866,-23.310123874924574,23.10312499999997,-194.09893657115185,-1.034001476817964,-0.07636330111975742,17915.728035720953
-6.762273806623356,0.9835334211796257,-7.745807227802997,-23.48235563188146,23.10937499999997,-194.20271254981046,-1.0415180963539,-0.07516619535935863,18948.862053869936
3.200400607745747,9.734032165098922,-6.5336315573531705,-23.651532057564445,23.115624999999973,-194.30718139544064,-1.0478588162496918,-0.06340719895791838,19364.14548526363
7.13670781458775,12.165938346964499,-5.029230532376745,-23.793681619953126,23.121874999999974,-194.4122113328242,-1.0527399314215342,-0.04881115171842333,19728.306211933814
8.369609835961429,11.93264758064813,-3.563037744686702,-23.90237565013913,23.128124999999976,-194.51765824660956,-1.0561983442856941,-0.03458412864159942,20119.108775260574
-1.7764961742116796,1.5917698892599084,-3.3682660634715873,-23.978467620362675,23.134374999999977,-194.62344156563356,-1.0594680361941164,-0.032696919084223605,20884.98338072754
32.76073837226023,32.21412955984671,0.5466088124135163,-24.049989859724644,23.14062499999998,-194.72936183566503,-1.0589373644351139,0.005306717590025775,21170.900091800122
18.304617595262037,15.841641909240886,2.462975686021155,-24.034986696937995,23.14687499999998,-194.83513599917023,-1.056545905669168,0.023914587659458475,21459.11125890661
13.897108967137612,10.205701242423181,3.6914077247144284,-23.977535444129817,23.15312499999998,-194.94061135497793,-1.0529612104849353,0.03584695184232647,21735.2592760454
24.191732803814485,18.3084978876885,5.883234916125979,-23.892839297176458,23.159374999999983,-195.04562177803246,-1.0472472506055435,0.05713959879391878,21922.756607871244
-0.645279035901268,-5.832512343087199,5.1872333071859265,-23.759722983871473,23.165624999999984,-195.15009456721,-1.0422085329454827,0.05038717660060764,22643.310877560743
26.18850329482231,18.773262767046415,7.415240527775908,-23.641886580232608,23.171874999999986,-195.25395522015648,-1.0350045259840548,0.07204006961427918,22726.74362187771
45.98820551696878,34.49175219151762,11.496453325451157,-23.474966427274282,23.178124999999987,-195.3568971414241,-1.0238338993680585,0.11170626615996299,22480.7757567529
46.69238962792032,31.480032344042073,15.212357283878259,-23.218210831954515,23.18437499999999,-195.4585413625021,-1.0090505221918675,0.14783377176190982,21983.328498597617
35.71142562824698,18.33845051117496,17.372975117072023,-22.87976232415731,23.19062499999999,-195.5586021434902,-0.9921650975701556,0.16885424621711964,21484.74842132044
33.08833074314771,14.060143747636884,19.02818699551084,-22.49398219862575,23.19687499999999,-195.656893824333,-0.9736685192856948,0.18496578284460863,20962.044874460407
37.85390346795062,16.841574470512494,21.012328997438125,-22.07208655769723,23.203124999999964,-195.75323929397828,-0.9532408736197449,0.20427645665949923,20336.201044924586
43.49943247875968,20.113464575140124,23.385967903619555,-21.606892893145343,23.209374999999966,-195.84742650801536,-0.9305034071219492,0.22737466497795636,19708.792008505043
44.447903885788264,18.833774478350215,25.614129407438035,-21.089865190674338,23.215624999999967,-195.93923155972246,-0.905597627019924,0.24905780102025232,19125.283972148256
55.10707734115212,26.36225953644659,28.74481780470553,-20.524229693815617,23.22187499999997,-196.02839374988062,-0.877646176143335,0.27951450876589,18618.641330675153
40.97031697852973,10.922927835522724,30.047389143007045,-19.890081781341582,23.22812499999997,-196.1146974152233,-0.8484271307105782,0.29219045432756763,18187.3663171024
57.1667618853252,24.21426998230957,32.95249190301568,-19.22766171088532,23.23437499999997,-196.19793790615867,-0.8163826879967745,0.3204444271380365,17861.82886886772
60.258680081317834,24.362586524080484,35.89609355723732,-18.501584898441696,23.240624999999973,-196.2778308414269,-0.7814760173673485,0.34906670629425973,17580.998330045484
52.544732263418474,14.840453715783505,37.704278547635,-17.710922458908758,23.246874999999974,-196.3541452361995,-0.7448118780851576,0.3666413928219098,17524.9227317934
44.976902720383116,6.475504744479313,38.501397975903835,-16.880611770248482,23.253124999999976,-196.42675452979597,-0.7073739938440052,0.37437884241152325,17511.817823781974
49.47767264789149,9.762824148850612,39.714848499040876,-16.03285141667196,23.259374999999977,-196.49556112770543,-0.6687579643448633,0.38616029499141935,17780.593390571503
51.424423642788355,10.40236343838474,41.022060204403594,-15.158387199990225,23.26562499999998,-196.56044267309264,-0.6288729433992616,0.3988502094560172,18179.26158079293
48.090263400870064,6.270039449521465,41.82022395134865,-14.255081183064606,23.27187499999998,-196.62129702088623,-0.5882140124725573,0.40658930926704284,18710.43984159992
43.25554820196995,1.269995108657851,41.98555309331205,-13.334090578866697,23.27812499999998,-196.67807753854143,-0.5473963406314979,0.40817671841059466,19425.04443740121
49.63671817660669,6.767567177409649,42.86915099919705,-12.40931267302736,23.284374999999983,-196.73073342345648,-0.5057213576697893,0.416749829617086,20283.414704587518
45.67999700668092,2.481623766868675,43.19837323981227,-11.464880833453616,23.290624999999984,-196.7792058675162,-0.46372752352455043,0.4199383414523888,21346.579738180917
43.796661913866714,0.5270742906344713,43.269587623232226,-10.512989689868443,23.296874999999986,-196.8234754915012,-0.4216649561754663,0.4206256734908414,21399.513966303944
61.44868091377927,15.999804812307973,45.448876101471306,-9.559317373392252,23.30312499999998,-196.86343291361382,-0.37748348607722454,0.4418147009824174,20975.432298784915
53.96417293426316,7.484790825648829,46.47938210861431,-8.55741497350278,23.30937499999998,-196.89892202361537,-0.3322987139536039,0.4518477212362065,21394.479324992433
58.030195326284804,10.142851798944672,47.887343527340086,-7.5326274447334765,23.315624999999983,-196.92982407547555,-0.285742323249771,0.46556390703832856,22348.175166859983
15.892644261175331,-28.05383293569558,43.94647719687092,-6.4766833697113695,23.321874999999984,-196.95626185962183,-0.24301335967585871,0.42728963573912293,23159.758410044204
12.913556510628409,-27.186813299180127,40.100369809808534,-5.507512120163505,23.328124999999986,-196.97861348811716,-0.20401921023055436,0.38994149445304355,23853.360757189126
0.032202268732765375,-35.07306642781136,35.105268696544165,-4.623080218820936,23.334374999999987,-196.9973083116472,-0.1698772603703242,0.34141949860230153,24806.75902733834
-37.018951102140356,-63.082979628354586,26.06402852621421,-3.84876012209708,23.34062499999999,-197.01302837899703,-0.14452408662643734,0.2535317374388683,25638.517959869605
-90.62368400811818,-101.97963516595874,11.355951157840556,-3.2737492271572144,23.34687499999999,-197.02692837359072,-0.13347580524712846,0.11048281379308872,26347.598626738385
-147.1720980702938,-138.44199901648108,-8.730099053812713,-3.0229288723189867,23.35312499999999,-197.04070071076126,-0.14197093816344708,-0.0849513291631863,25659.758644025722
-115.52465816544957,-93.20223355455384,-22.32242461089573,-3.2148058171843665,23.359374999999993,-197.05598406126197,-0.16369607185065504,-0.21725133687207968,23643.79462160376
-236.64853357463457,-186.9482857989704,-49.700247775664224,-3.706329945588956,23.365624999999994,-197.07477246378897,-0.2120719786896912,-0.48375906839036154,20893.86297991176
-110.02691576528261,-52.599454286271,-57.427461479011576,-4.801259833371244,23.371874999999996,-197.0987747406647,-0.2679735588247236,-0.5590158013503244,18084.014694432903
-52.69337569081628,4.12308742069968,-56.81646311151592,-6.066531025534583,23.378124999999997,-197.12833758663476,-0.3232833605759849,-0.5530980175126127,15738.20394190435
-0.9595808872393166,48.660893105500584,-49.62047399273992,-7.318403289548522,23.384375,-197.1630812406632,-0.3715897199925896,-0.48306359416604705,13955.67665290106
25.265337800389915,65.21931671135923,-39.953978910969305,-8.411754150579709,23.390625,-197.2021850511749,-0.41048649024163086,-0.38896770249041246,12614.600885175143
37.71928965386617,67.62849512297744,-29.909205469111296,-9.292140138591526,23.396875,-197.24468960971288,-0.43960468051778867,-0.291181902761578,11609.107019552088
2.7057785504748413,28.389510689782263,-25.683732139307423,-9.951215155659408,23.403124999999974,-197.28990031006165,-0.46460932645779984,-0.2500464594001118,10832.017753982684
30.214621167825175,48.644022075917114,-18.42940090809191,-10.517217120186913,23.409374999999976,-197.33725835062938,-0.48255148489699556,-0.17942158439195696,10233.180211335817
-0.15783174895202534,15.896582049236764,-16.054413798188786,-10.923385661070629,23.415624999999977,-197.38629499596965,-0.4981814219085394,-0.15629937011543885,9747.783328727173
1.460207967073828,15.234692024827192,-13.774484057753366,-11.277244247361033,23.42187499999998,-197.4367836497244,-0.5115916531860515,-0.1341023127751206,9347.838655534084
6.337187614286304,17.49008212345654,-11.152894509170233,-11.580880389356526,23.42812499999998,-197.48848571006414,-0.5224495536087087,-0.10857900422657266,9018.83487407256
1.374181114884079,10.892080417693288,-9.517899302809207,-11.826758133864661,23.43437499999998,-197.54119396952476,-0.5317156356035266,-0.09266081994817912,8721.921719870026
3.2977255780930177,11.140951065810368,-7.843225487717352,-12.036614949824399,23.440624999999983,-197.59474731570583,-0.5393512880181337,-0.07635652414607097,8493.606143131932
2.572471757587323,9.053097224932552,-6.480625467345226,-12.2095718562912,23.446874999999984,-197.64899789746156,-0.5456603470964945,-0.06309059078360806,8299.433430930232
1.663528784645859,7.07759047533141,-5.414061690685544,-12.352502608250159,23.453124999999986,-197.70382746640004,-0.550931031673041,-0.0527068457654659,8128.7911231922435
-1.465021658225718,3.431368928586517,-4.896390586812235,-12.471928154660562,23.459374999999987,-197.75915890360986,-0.5556977125230076,-0.047666808499665196,7968.738721566405
-0.533380561775504,3.7905210853900098,-4.323901647165509,-12.57994255102413,23.46562499999999,-197.81493914095964,-0.5599070344728109,-0.04209321949803307,7842.176555984047
1.3772059995494337,4.952355319846633,-3.575149320297196,-12.675335559802065,23.47187499999999,-197.87110386355334,-0.5633874174011982,-0.03480382928387333,7729.015084278357
5.439456479026812,7.829653074892146,-2.390196595865335,-12.754220833747398,23.47812499999999,-197.9275589464093,-0.5657142397178266,-0.023268223166283634,7630.965051455152
-1.9936610312696095,0.3443833624162472,-2.3380443936858564,-12.806983738621584,23.484374999999993,-197.9842441722504,-0.5679902771043827,-0.022760373865560162,7535.560439787878
1.703298351398236,3.5092966244731887,-1.8059982730749546,-12.858588083408138,23.490624999999994,-198.04113110450746,-0.5697483680366526,-0.01758090932269974,7448.851107536397
-2.70144968360915,-0.7774703921301775,-1.9239792914789733,-12.898456947853525,23.496874999999996,-198.09819958793287,-0.571621300471447,-0.018729324347943846,7364.116955917351
-3.4367919468956716,-1.313365285882375,-2.123426661013295,-12.940915146673971,23.50312499999997,-198.1554650719279,-0.5736883794290266,-0.02067078957579633,7283.0190592307135
-1.9190690859946458,0.17740613237007744,-2.096475218364724,-12.98775760886159,23.50937499999997,-198.21293595164514,-0.5757292149156171,-0.02040835486590481,7207.687756850605
-1.1579881039644606,0.8146190656725358,-1.9726071696369984,-13.033994599540938,23.51562499999997,-198.2706048856258,-0.5776494646976099,-0.019202497819927337,7136.944747525076
-1.3186438396759963,0.5676017599048117,-1.8862455995808067,-13.077490081194652,23.521874999999973,-198.3284616409579,-0.5794856419445672,-0.018361772469572366,7069.4023863628045
-1.4790963741217267,0.35335421049419813,-1.8324505846159251,-13.119070598055961,23.528124999999974,-198.38649939558547,-0.5812694506068908,-0.017838086623236882,7005.236676900694
-1.4526859328355057,0.3295632734384091,-1.7822492062739153,-13.159453948972407,23.534374999999976,-198.44471308764335,-0.5830043905506483,-0.01734939943757475,6944.677464238618
-1.4134299425623094,0.32004267244614604,-1.7334726150084558,-13.198719529878572,23.540624999999977,-198.5030978996808,-0.5846918501980776,-0.016874596474292763,6887.907854881647
-1.3841463930572957,0.30310831738302085,-1.6872547104403164,-13.236899037006413,23.54687499999998,-198.56164920827123,-0.586334321610546,-0.01642471412468475,6834.550318454637
-1.3781099756842883,0.26822720197187944,-1.6463371776561662,-13.274049243715472,23.55312499999998,-198.62036277263263,-0.587936965617463,-0.01602644006917059,6784.3588927399105
-1.314385828206781,0.28800046765403575,-1.6023862958608168,-13.310287423688223,23.55937499999998,-198.67923446243134,-0.5894968303565459,-0.015598647390828772,6736.928565863374
-1.3094129024445993,0.25417078789070635,-1.5635836903353055,-13.34554726048613,23.565624999999983,-198.73826025036507,-0.5910189283181935,-0.015220979616476317,6692.205445675381
-1.3525675001339503,0.18305897582894728,-1.5356264759628981,-13.379942807308426,23.571874999999984,-198.79743688767513,-0.5925138178829364,-0.01494889564742929,6649.938098537304
-1.211253832032618,0.2813903588653545,-1.4926441908979728,-13.413713723877047,23.578124999999986,-198.85676092222639,-0.5939668731418387,-0.014530552589022572,6609.810147791406
-1.1216335430283018,0.32183976680929155,-1.4434733098375943,-13.446529578584107,23.584374999999987,-198.9162278693813,-0.595372069956404,-0.014051968145652554,6572.174442883664
-1.2618807882676044,0.15751765733097625,-1.419398445598581,-13.478254719456825,23.59062499999999,-198.97583416483707,-0.5967538391592877,-0.013817692028836476,6536.651199612156
-1.3285704765347277,0.07878041572191731,-1.4073508922566447,-13.509442979319102,23.59687499999999,-199.03557805127522,-0.5981238896035869,-0.013700504442991987,6503.143446223105
-1.198319423324789,0.18131325930743297,-1.3796326826322207,-13.540360202073538,23.603124999999963,-199.09545759406691,-0.5994669662301342,-0.01343076626547328,6471.57940821572
-1.1688309661972696,0.18284686363352673,-1.3516778298307963,-13.570661837589642,23.609374999999964,-199.15547008431392,-0.6007828387098384,-0.013158724797042352,6441.876647711135
-1.1124186138677112,0.20753058133873983,-1.31994919520645,-13.600343484909459,23.615624999999966,-199.21561261790612,-0.6020678331342004,-0.012849944243619892,6413.8485089782225
-1.4768476603445893,-0.1361070329638397,-1.3407406273807496,-13.629322796399594,23.621874999999967,-199.2758846635093,-0.6033730789293384,-0.01305245795138018,6387.410321760643
-2.26151040185948,-0.7987031399686418,-1.4628072618908385,-13.658758029707727,23.62812499999997,-199.33629317602922,-0.6047971714690162,-0.014240925396778053,6362.8418894387305
-2.4687562182954674,-0.8725829368210317,-1.5961732814744363,-13.690881892878405,23.63437499999997,-199.39685059026633,-0.6063511132731689,-0.01553941804152683,6340.5966117766075
2.2783200930850587,3.3607551118583294,-1.0824350187732719,-13.725944173126157,23.64062499999997,-199.45753839183348,-0.6074049180700424,-0.010538047968734948,6318.297127690859
0.12009249766670324,1.0430728045281241,-0.9229803068614213,-13.749684719103966,23.646874999999973,-199.518323812396,-0.6083034931804516,-0.008985751104092717,6296.362321355889
-1.9544018913753256,-0.894670564975739,-1.0597313263995867,-13.769912090084887,23.653124999999974,-199.57920574764893,-0.6093352118782482,-0.010317186977965815,6273.902887700377
-1.4300328470669104,-0.32120440445005316,-1.1088284426168562,-13.793154831994013,23.659374999999976,-199.64019324517417,-0.610414738626811,-0.010795267485627251,6252.954436461494
-0.7077280511801235,0.3478935686677017,-1.0556216198478263,-13.817481894634842,23.665624999999977,-199.70128610574218,-0.6114424727332912,-0.010277341064802872,6233.5775559903195
-0.7512674083829649,0.2639724285980809,-1.0152398369810467,-13.84063934919661,23.67187499999998,-199.76247977435267,-0.6124308994766332,-0.009884267433419901,6215.076987902152
-1.4768842669911104,-0.40040055097157623,-1.0764837160195353,-13.862910461053488,23.67812499999998,-199.82377526734626,-0.6134789603953326,-0.01048060918699321,6197.329558276641
-1.3677591049095053,-0.2526302858038111,-1.1151288191056954,-13.886535442379175,23.68437499999998,-199.88517744805506,-0.6145646537803608,-0.010856933850282337,6180.554469667857
-0.8602835609183977,0.22101677806497688,-1.0813003389833742,-13.911016778543265,23.690624999999983,-199.94668655168203,-0.6156174187589256,-0.01052764978564758,6164.783628611323
-0.672760306291843,0.3543082574761539,-1.0270685637679964,-13.93475776463053,23.696874999999984,-200.00829829209565,-0.6166173895135136,-0.009999707545880341,6149.587140065089
-0.761625629780135,0.23020178494898524,-0.9918274147291201,-13.957309181095898,23.70312499999998,-200.07000831430506,-0.617583054674921,-0.009656651614074347,6134.696420508835
-0.8257981445344718,0.14398343316552623,-0.9697815776999984,-13.979089921049098,23.70937499999998,-200.1318138300761,-0.6185272607460879,-0.00944206071166831,6120.146044011378
-0.7934179896502201,0.15294483414565505,-0.9463628237958754,-14.000391099259941,23.71562499999998,-200.19371262663094,-0.619448670350695,-0.009214096046070602,6105.991934466654
-0.7343552026956032,0.18385585421561498,-0.918211056911218,-14.021182712806763,23.721874999999983,-200.25570219387822,-0.6203426745946844,-0.008940042439894975,6092.131313341928
-0.7472097413629963,0.14829372812067196,-0.8955034694836689,-14.041360646882625,23.728124999999984,-200.31778005628198,-0.6212145734806471,-0.00871898885962691,6078.38355010868
-0.7295413581518563,0.1439237712555974,-0.8734651294074537,-14.061045010096722,23.734374999999986,-200.3799440358568,-0.6220650180158867,-0.008504445352394734,6064.73796325112
-0.6753404966741791,0.1718164787836184,-0.8471569754577978,-14.080250615937112,23.740624999999987,-200.44219177927454,-0.6228898503390939,-0.00824832323207295,6051.1722122852225
-0.6462522832831885,0.17422840655789526,-0.820480689841083,-14.098883365343733,23.74687499999999,-200.50452070736463,-0.6236887114626846,-0.007988611235905848,6037.75382266111
-0.6372901424569917,0.15886751310660066,-0.7961576555635917,-14.116935080282694,23.75312499999999,-200.56692833754377,-0.62446389212006,-0.007751806573754676,6024.416427486933
-0.681132661256977,0.0997532489679775,-0.7808859102249542,-14.134457492104872,23.75937499999999,-200.62941274238338,-0.6252242046719536,-0.007603125518935168,6011.121696821875
-0.6620073178542999,0.10309671076851766,-0.7651040286228175,-14.151649880430426,23.765624999999993,-200.69197241021828,-0.625969152026325,-0.007449473543713083,5997.82504871382
-0.5835076490953249,0.1574911864058516,-0.7409988355011765,-14.168500745222321,23.771874999999994,-200.7546053993087,-0.6266906297820369,-0.007214777557119577,5984.449424716596
-0.568624269883315,0.1494961522609832,-0.718120422144299,-14.18482633670147,23.778124999999996,-200.81730942240137,-0.6273898320713153,-0.0069920228927836245,5970.305945136021
-0.3817350344025676,0.2917445563733993,-0.6734795907759668,-14.200653312596694,23.784374999999997,-200.88008119248016,-0.6280455695044733,-0.0065573743315808656,5956.283941371687
-0.5097904509852348,0.1419696365447651,-0.6517600875299996,-14.215501633014991,23.790625,-200.9429174789226,-0.6286801593440069,-0.0063458983953354866,5941.38931531131
-0.3777772896587017,0.23763440364693605,-0.6154116933056378,-14.229875954943926,23.796875,-201.00581545478562,-0.6292793579167356,-0.0059919857272874195,5926.732991315072
-0.4321530501792333,0.15895081545485096,-0.5911038656340852,-14.243453346897459,23.803124999999973,-201.0687721671043,-0.6298548884567102,-0.005755305399746509,5912.097967678392
-1.0342849257632007,-0.38440576566466433,-0.6498791600985359,-14.256498581844705,23.809374999999974,-201.13178929377574,-0.630487644972014,-0.006327565153038139,5897.677531009968
-0.5874332137087754,0.054166933903129405,-0.641600147611905,-14.270842050459938,23.815624999999976,-201.19486929300803,-0.6311123396734392,-0.006246947014251094,5883.522770990157
0.046492066787092626,0.5968779339463898,-0.5503858671592967,-14.285005353435668,23.821874999999977,-201.2580073211219,-0.6316482226040214,-0.005358829305822218,5869.4698844895465
-0.18750013179693115,0.3147932195477739,-0.5022933513447054,-14.297160082588166,23.82812499999998,-201.321196596223,-0.6321372794178064,-0.004890568137849171,5854.967130384122
-0.3895824213147495,0.09777799644151423,-0.4873604177562644,-14.30825589762009,23.83437499999998,-201.38443404999117,-0.6326117959459391,-0.004745165281327181,5840.132876060637
-0.3496804618864895,0.11944377645663622,-0.4691242383431263,-14.319022920969187,23.84062499999998,-201.44771806759078,-0.6330685560462986,-0.004567601003595951,5825.221743196145
-1.224285700155821,-0.6551622380627427,-0.5691234620930786,-14.329387728281269,23.846874999999983,-201.51105262933316,-0.633622678801154,-0.005541227548553356,5811.538065804019
-0.6436762619918469,-0.06468273658709875,-0.5789935254047485,-14.341955446479675,23.853124999999984,-201.574443083797,-0.6341864104758691,-0.005637316747151817,5797.488677038787
0.650173781414507,1.0665065223544976,-0.4163327409399904,-14.354739296193346,23.859374999999986,-201.63788199273645,-0.6345917683128205,-0.004053578369513897,5783.618048841221
0.13964295012075267,0.4824269675035125,-0.34278401738276026,-14.36393662165378,23.865624999999987,-201.70135785693824,-0.6349255157230553,-0.0033374741023486807,5768.980730831137
-0.3409539739448963,0.001588454400766133,-0.3425424283456622,-14.371511073136917,23.87187499999999,-201.76486708409672,-0.6352590274465724,-0.0033351172351703856,5753.789592091498
-0.31447893968429597,0.02435417525961566,-0.33883311494391155,-14.379078205738981,23.87812499999999,-201.82840948183068,-0.6355889272326332,-0.0032989978606083764,5738.583608871675
-0.18809937725365378,0.13081677390618598,-0.31891615115983957,-14.386561876472816,23.88437499999999,-201.89198389993288,-0.6358994348114567,-0.003105075788236023,5723.493604172687
-0.23228430818877582,0.07518983687494084,-0.3074741450637167,-14.393605544891585,23.890624999999993,-201.95558881176078,-0.636198801746397,-0.0029936693494028335,5708.494449087323
-1.3539224595428996,-0.9082948973649325,-0.445627562177967,-14.400397106317467,23.896874999999994,-202.0192303857944,-0.6366326789262162,-0.0043387717981919855,5694.554305742111
-0.6906520398520135,-0.21269067805988576,-0.4779613617921275,-14.410235111497524,23.903124999999967,-202.0829169215791,-0.6370980367681186,-0.004653578419023483,5681.096705184162
0.18852908966027176,0.5785840193766666,-0.39005492971639505,-14.420789995181504,23.90937499999997,-202.14664571369983,-0.6374778056460932,-0.003797688779746889,5668.4375711589655
-0.4333819906026741,-0.03761464337140965,-0.3957673472312645,-14.42941537084698,23.91562499999997,-202.2104127607581,-0.6378631355192681,-0.0038532987317488445,5655.9096240858
-1.0401250116366538,-0.5594574742032181,-0.48066753743343504,-14.438179175745809,23.92187499999997,-202.27422247379286,-0.6383311251761242,-0.004679896568561764,5643.949684014372
-1.26944920412005,-0.6849099625856342,-0.5845392415344165,-14.448832895423823,23.928124999999973,-202.33808404227528,-0.6389002444720611,-0.005691192959368311,5633.274367817308
-1.5395995237541873,-0.8293651534595325,-0.7102343702946552,-14.461802950783078,23.934374999999974,-202.40200864144396,-0.6395917389013598,-0.006914944292987087,5624.357323907031
-2.039989957199421,-1.15485473731049,-0.8851352198889314,-14.477581122702144,23.940624999999976,-202.46601090398045,-0.6404535118283315,-0.008617729269717858,5617.689954798325
-2.701883783322351,-1.5779495436518192,-1.1239342396705332,-14.497265798695675,23.946874999999977,-202.53011096794577,-0.6415477674782557,-0.010942556499241342,5614.007726281123
-3.5405884396018577,-2.0992203512439915,-1.441368088357865,-14.522283114063452,23.95312499999998,-202.59433590886354,-0.6429510508772204,-0.014032833989646956,5614.310110713763
-4.623048709517463,-2.764064909831098,-1.8589837996863652,-14.554388893383713,23.95937499999998,-202.65872150506445,-0.6447608731410718,-0.018098222638513788,5619.9535802129285
-6.044902297243355,-3.6369223452429713,-2.4079799520003844,-14.59581996325455,23.96562499999998,-202.72331480366543,-0.6471050988783238,-0.02344225737251966,5632.796006031438
-7.8961219839239645,-4.768967233208755,-3.1271547507152073,-14.649508261146547,23.971874999999983,-202.78817752507874,-0.6501493293877024,-0.03044230509378671,5655.4561178068625
-10.281691092338745,-6.217863922375522,-4.063827169963218,-14.719250064369646,23.978124999999984,-202.85339025016933,-0.6541051724242596,-0.03955843036557143,5691.832332581114
-13.507198271462274,-8.208312346466306,-5.298885924995972,-14.809895793822609,23.984374999999986,-202.91905865268438,-0.6592628778767496,-0.05157705452490035,5747.117062942266
-17.532623149737237,-10.635563445411053,-6.8970597043261845,-14.92809150259954,23.990624999999987,-202.98532057351414,-0.6659755387186764,-0.06712660841926758,5829.349347331351
-23.428187895589332,-14.374378661331614,-9.053809234257713,-15.081926355708017,23.99687499999999,-203.05235866114197,-0.6747862138378672,-0.08810675119190733,5951.432832341643
-26.810127368211155,-15.442948254588442,-11.367179113622717,-15.283811084547489,24.00312499999996,-203.12039029335236,-0.6858464303699137,-0.11060216532046523,6139.294633394839
-39.169188790075715,-24.186524178158994,-14.98266461191672,-15.537318625266451,24.009374999999963,-203.18970369929522,-0.7004216884873773,-0.1457525811746358,6418.602975997991
-47.258455435870864,-28.090258283414677,-19.168197152456177,-15.871265534770266,24.015624999999964,-203.26067799642706,-0.7190642541494642,-0.18642565662086893,6815.1703553582765
-58.64582443029162,-34.38885954779901,-24.256964882492593,-16.298240325520375,24.021874999999966,-203.33376368256017,-0.7426494685125434,-0.23585214363079302,7429.429989873836
-40.62328024347139,-14.268844239748079,-26.35443600372328,-16.837999417709167,24.028124999999967,-203.40930946533962,-0.7682661870760421,-0.2561671856349862,8136.063386263639
-20.421799107057787,5.1895628414515755,-25.61136194850937,-17.424364708307685,24.03437499999997,-203.48738040905906,-0.7931526873125437,-0.24886500236501602,8930.795591638287
-41.21237440197947,-13.642473853691115,-27.56990054828835,-17.99441485269941,24.04062499999997,-203.56803473971428,-0.8199339257921354,-0.2678123847959172,10044.432199861467
-55.97679906016082,-24.889200309128725,-31.087598751032058,-18.60738911564098,24.04687499999997,-203.65153761097827,-0.8501234994877531,-0.30189573695617744,11370.670178650202
-81.57259232487495,-44.31825963269003,-37.25433269218492,-19.297404242750943,24.053124999999973,-203.73835841009333,-0.8862924828135211,-0.3616898332576802,12912.198068528307
-52.58100830645263,-13.474265290274232,-39.106743016178406,-20.122647615437124,24.059374999999974,-203.82888563116333,-0.9242519385864795,-0.37959455772958317,14602.649020199571
53.816840508051385,81.8818811774896,-28.065040669438208,-20.98791228703696,24.065624999999976,-203.92267268731646,-0.9514891844763439,-0.2723724588986446,15427.403478918552
4.594769099274948,28.824053694538183,-24.229284595263266,-21.60883261707264,24.071874999999977,-204.0189972056414,-0.9750011820222663,-0.23511997545922406,16626.080031527144
26.52199387357252,44.85035764595219,-18.32836377237965,-22.144172079935768,24.07812499999998,-204.11738655727265,-0.9927858506029608,-0.177846685806945,17092.308408510413
18.73907903058486,32.799119262878556,-14.060040232293685,-22.54871706268183,24.08437499999998,-204.21734727161865,-1.0064284363171214,-0.13642585714160713,17360.695244874452
11.241252543967155,22.414010302530315,-11.172757758563167,-22.85860477881785,24.09062499999998,-204.31853216600499,-1.0172694514093081,-0.10841015092186779,17474.872777776858
4.708823237315917,14.084344181862942,-9.37552094454703,-23.104386211945087,24.096874999999983,-204.4207139770309,-1.0263667691091687,-0.09097317699860513,17573.79679395891
3.9991191270460016,11.872841178225547,-7.873722051179548,-23.310160721868343,24.103124999999974,-204.5237326719048,-1.0340071283687435,-0.076403592595748,17912.34790573792
-6.7731914881322925,0.9775217579481394,-7.750713246080435,-23.482483979595166,24.109374999999975,-204.6275094537613,-1.041528508760681,-0.07521380391937404,18945.40953234748
3.200787690659983,9.738739045195729,-6.537951354535739,-23.651768509886782,24.115624999999977,-204.73197955024472,-1.047873420907551,-0.06344912146870138,19360.719712798153
7.159835401111113,12.190365791392571,-5.030530390281462,-23.794013247243004,24.121874999999978,-204.83701101117285,-1.0527557976553141,-0.04882376747763137,19724.899431548256
8.400121799250254,11.960979183568687,-3.5608573843184286,-23.902735891703653,24.12812499999998,-204.94245940576477,-1.05621209418311,-0.03456296527795733,20115.70364004173
-1.7532645476715922,1.6105301017944227,-3.363794649466016,-23.978779779032415,24.13437499999998,-205.0482438827507,-1.0594774455359117,-0.032653513528018145,20881.521211441315
32.77719792989824,32.224819250625444,0.5523786792727956,-24.05020345236454,24.140624999999982,-205.1541648136344,-1.0589411721376274,0.005362733982844344,21167.367582951978
18.31742611392019,15.847921589805292,2.4695045241149036,-24.035073121387764,24.146874999999984,-205.2599390409468,-1.0565433741101211,0.02397798027506324,21455.493087970597
13.907269108828698,10.208943093405452,3.6983260154232456,-23.977477992251746,24.153124999999985,-205.36541380768386,-1.0529519606316127,0.0359141347850853,21731.530325688833
24.196886237142333,18.306922627393334,5.889963609749003,-23.892629407907318,24.159374999999986,-205.4704229789984,-1.0472314656595463,0.057204949720663555,21918.924047027205
-0.6414432990036468,-5.8350963468707295,5.193653047867079,-23.759364858372386,24.165624999999988,-205.5748938778845,-1.042186512062363,0.05044953597183239,22639.325488226594
26.189928686996044,18.76879928294607,7.421129404049973,-23.641387049472268,24.17187499999999,-205.6787520426865,-1.0349767839775927,0.07209728084770306,22722.669186742027
45.982229900120444,34.48114411061994,11.501085789500515,-23.474337210054504,24.17812499999999,-205.7816909646948,-1.023801656188518,0.11175127789074843,22476.61447175159
46.67978321518717,31.464614848968,15.215168366219174,-23.217479630398383,24.184374999999992,-205.88333182486429,-1.0090155472009619,0.14786108987556132,21979.187580898688
35.698886113302954,18.32471965287308,17.37416646042988,-22.87896928212253,24.190624999999994,-205.98338905045782,-0.9921289646694311,0.16886582531530714,21480.644469010458
33.075151088690305,14.047288344558588,19.027862744131717,-22.49316300751757,24.196874999999995,-206.08167713377017,-0.9736327015774275,0.18496263092003606,20958.013219813616
37.85045326217585,16.838778269802436,21.011674992373408,-22.071274606256228,24.203124999999968,-206.17801905343495,-0.9532056917183758,0.20427009859051742,20332.300988536554
43.502877219094565,20.11713028181596,23.385746937278597,-21.6060954330326,24.20937499999997,-206.27220276002384,-0.9304684400594441,0.22737251658931648,19705.156983457346
44.4460825689811,18.83234353878541,25.613739030195678,-21.08907266199731,24.21562499999997,-206.36400433400377,-0.9055630395389227,0.24905400520521423,19121.885910600784
55.13394345237283,26.386621536953022,28.747321915419835,-20.523445812118734,24.221874999999972,-206.453162943664,-0.8776091536659425,0.2795388587298015,18615.408075060997
40.98592419343918,10.93463402009323,30.05129017334591,-19.889242741506195,24.228124999999974,-206.5394627170846,-0.8483863147460988,0.29222838919843686,18184.28110882512
57.17505181206345,24.218188717659597,32.95686309440383,-19.226736710341306,24.234374999999975,-206.62269891388664,-0.8163376212948261,0.3204869345127275,17858.904229825122
60.25857045819022,24.358588675761794,35.89998178242837,-18.500563557072773,24.240624999999977,-206.70258715343206,-0.7814271696134075,0.34910451681418575,17578.29111505479
52.53848057692545,14.83141453679774,37.70706604012767,-17.70981540154147,24.246874999999978,-206.77889652789958,-0.7447603197366384,0.3666684987676912,17522.444832506266
44.9692859520857,6.466238979336509,38.50304697274912,-16.87944323831375,24.25312499999998,-206.85150058548882,-0.7073208320484359,0.3743948768820251,17509.566928967248
49.46785866473576,9.75262670306717,39.71523196166856,-16.031646488053152,24.25937499999998,-206.92030184857606,-0.6687044296961999,0.38616402352235896,17778.626865795086
51.41242166917281,10.39135872592795,41.02106294324489,-15.157173758093025,24.265624999999982,-206.98517808897935,-0.6288203783699203,0.3988405132627957,18177.603747546076
48.07456708228472,6.2569963357680844,41.81757074651661,-14.253889656590784,24.271874999999984,-207.04602730924645,-0.5881640269720132,0.4065635139790715,18709.13361314918
43.23746094252585,1.256319457606206,41.98114148491963,-13.332957468845787,24.278124999999985,-207.1028030427963,-0.5473506440248795,0.4081338294713365,19424.158515963798
49.62859166540096,6.764280712328509,42.86431095307242,-12.408276744509978,24.284374999999986,-207.15545459331176,-0.5056803662844103,0.41670277740469314,20282.929638445403
45.67458904917835,2.481122276029285,43.19346677314909,-11.463951544347141,24.290624999999988,-207.2039231767157,-0.4636913017944114,0.4198906448999884,21346.512797182106
43.77628499558767,0.5134337391179675,43.26285125646972,-10.5121685208495,24.29687499999999,-207.24818950595036,-0.42163528289878344,0.4205601889562798,21399.857421703757
61.50286805390473,16.05342365220632,45.44944440169839,-9.5586446680485,24.303124999999962,-207.2881439331127,-0.3774532603481682,0.4418202255061527,20975.957150137336
53.97572221982178,7.4944411810577805,46.481281038763946,-8.556729767087347,24.309374999999964,-207.32362992823943,-0.3322666421861069,0.4518661816206127,21395.395465834186
58.04729033466207,10.156192373485961,47.891097961176136,-7.531900434167601,24.315624999999965,-207.35452859041857,-0.2857066013969762,0.46560040789130713,22349.80229275766
15.921042612120301,-28.03222121045136,43.95326382257164,-6.475873692211304,24.321874999999967,-207.38096247244928,-0.24297103921719435,0.4273556217978182,23161.92397371135
12.932340882722992,-27.17629997797026,40.108640860693285,-5.506552994132955,24.328124999999968,-207.40330946675456,-0.20396884688859956,0.3900219232859479,23856.123714965503
0.036200171105247106,-35.076806341036566,35.11300651214176,-4.621938984278966,24.33437499999997,-207.42199887767626,-0.16981937154510252,0.34149475343497043,24810.017559586013
-37.02163802053374,-63.092097152998505,26.070459132464787,-3.847448585747039,24.34062499999997,-207.43771284338249,-0.14445994257948824,0.25359428965614284,25642.276187731768
-90.65564406398705,-102.013187166656,11.357543102668965,-3.272296240814084,24.346874999999972,-207.45160634613077,-0.133410112386332,0.11049830193156245,26351.87282452317
-147.19954007539818,-138.46735434316628,-8.73218573223189,-3.021441075746113,24.353124999999974,-207.46537221554104,-0.14190727581919063,-0.0849716343285865,25664.308413267707
-115.54739190941028,-93.22025281170794,-22.327139097702332,-3.213364239934144,24.359374999999975,-207.4806494292243,-0.1636369978456101,-0.21729722026419462,23648.347611844467
-236.66260707637892,-186.956449673379,-49.70615740299993,-3.7049924195785673,24.365624999999977,-207.4994322119586,-0.2120186568407062,-0.4838165899509611,20898.53915609066
-110.03404796735613,-52.60052059561667,-57.43352737173941,-4.800052639222614,24.371874999999978,-207.52342945188533,-0.2679261416941373,-0.559074848534311,18088.40467742236
-52.698140903222246,4.124220687342854,-56.822361590565095,-6.065457570768727,24.37812499999998,-207.55298784324546,-0.32324168550833204,-0.5531554381419473,15742.19615743383
-0.9661432569289687,48.660314538957834,-49.626457795886814,-7.317459860379599,24.38437499999998,-207.58772762103374,-0.3715538702571479,-0.4831218474881589,13959.081106351805
25.259739554756315,65.21965238381222,-39.959912829055924,-8.410942612626206,24.390624999999982,-207.62682813541704,-0.4104564174088854,-0.38902547151737454,12617.50436378033
37.714235201781555,67.62926078977262,-29.915025587991067,-9.291459382993303,24.396874999999984,-207.6693299699814,-0.4395802738779865,-0.2912385646910111,11611.55043363123
2.7016525433734526,28.39098529259158,-25.689332749218135,-9.950662668994218,24.403124999999957,-207.71453850229258,-0.464590372345968,-0.250100984679815,10834.12279263782
30.21058757553134,48.64538572166473,-18.434798146133396,-10.516788061840167,24.409374999999958,-207.76189491017635,-0.48253778532927827,-0.1794741298331028,10234.96599059752
-0.16057893235621207,15.898887646521407,-16.05946657887762,-10.923075547712347,24.41562499999996,-207.81093043151915,-0.4981726415265919,-0.1563485619731363,9749.350359783137
1.456128481748908,15.235538638875674,-13.779410157126767,-11.277045487416494,24.42187499999996,-207.86141844702738,-0.5115876686375896,-0.13415027110997782,9349.189807035089
6.333585341919393,17.491233408897706,-11.157648066978329,-11.580790191287768,24.428124999999962,-207.91312034030358,-0.5224501968864396,-0.10862528248849879,9020.023537970965
1.371615915494086,10.893983176454864,-9.52236726096077,-11.826772695825914,24.434374999999964,-207.96582888157937,-0.5317206286295858,-0.09270431743146232,8722.989799757674
3.295583845301253,11.14297333277409,-7.847389487472839,-12.036727978533959,24.440624999999965,-208.01938292975296,-0.5393603348425743,-0.07639706212988498,8494.563994801087
2.570138591079388,9.054688566385067,-6.484549975305685,-12.20977665389814,24.446874999999967,-208.07363460722172,-0.545673214532495,-0.06312879689920715,8300.290106294413
1.6616015099798163,7.079326167609377,-5.41772465762956,-12.352793897579845,24.453124999999968,-208.12846564120196,-0.5509474650719876,-0.05274250539492581,8129.54889613649
-1.4676276819275316,3.4322873362870654,-4.899915018214594,-12.472300172498128,24.45937499999997,-208.18379889330495,-0.5557175769880373,-0.0477011191604971,7969.403687797185
-0.5352899292785178,3.7919242425603903,-4.327214171838905,-12.580392244847413,24.46562499999997,-208.23958127833853,-0.5599301236834417,-0.04212546695404538,7842.76482260724
1.3758519154066873,4.954056562264236,-3.578204646857547,-12.675858259955113,24.471874999999972,-208.29574845857024,-0.5634134809509261,-0.03483357267484396,7729.525031822413
5.4336475206629835,7.827261429668747,-2.393613909005766,-12.75481087225142,24.478124999999974,-208.35220631411644,-0.565743629973187,-0.023301490222607833,7631.393941787414
-1.997434754520708,0.34407386014978075,-2.341508614670492,-12.807649093134474,24.484374999999975,-208.40889464760042,-0.5680230397065203,-0.02279409733333378,7535.925470259015
1.7010752953423212,3.5103744034802817,-1.8092991081379601,-12.85932978766339,24.490624999999977,-208.4657850167814,-0.5697843439132877,-0.01761304206767347,7449.130626097101
-2.7094896455668755,-0.7815851396282005,-1.9279045059386766,-12.89927140090312,24.496874999999978,-208.52285728884803,-0.571661097419082,-0.018767535057943197,7364.2974616615975
-3.4420173302156636,-1.3144940333638682,-2.1275232968517943,-12.941816108415788,24.503124999999976,-208.58012695193415,-0.5737321643032964,-0.020710668842144682,7283.147554201139
-1.9222736757777357,0.17818051617004413,-2.100454191947777,-12.988748856644241,24.509374999999977,-208.63760240380745,-0.5757768731628785,-0.020447088595821172,7207.8212604898
-1.1607057123754017,0.8157139497688818,-1.9764196621442829,-13.035073539642193,24.51562499999998,-208.69527628917785,-0.5777008342453362,-0.019239610824577445,7137.096493673998
-1.3214167958388496,0.5685040174163566,-1.889920813255206,-13.078653043842355,24.52187499999998,-208.7531383603477,-0.5795405891513895,-0.018397549060532304,7069.569815493134
-1.4814785908805101,0.3544763671574996,-1.835954958038011,-13.120314556893419,24.52812499999998,-208.8111817802635,-0.5813278091644578,-0.017872200130683198,7005.39964442876
-1.455854585573065,0.32985461487730083,-1.785709200450364,-13.160775137880748,24.534374999999983,-208.8694014765846,-0.5830661172578998,-0.01738308093442003,6944.82095132164
-1.417473847030969,0.31953597971679587,-1.7370098267477656,-13.200116969605702,24.540624999999984,-208.9277926334588,-0.5847570202259924,-0.01690902968092577,6888.035720098039
-1.386934459995452,0.30375834621393694,-1.690692806209388,-13.23837442798284,24.546874999999986,-208.9863506263941,-0.5864028384799183,-0.016458182539258303,6834.664417800476
-1.380209932515832,0.26938823713869403,-1.649598169654526,-13.27560040022196,24.553124999999987,-209.04507120116477,-0.58800865693333,-0.016058184534118287,6784.460300639611
-1.3164992515588243,0.2889961033976721,-1.605495354956495,-13.311910441249378,24.55937499999999,-209.10395021142284,-0.5895715482282863,-0.01562891294956187,6737.027972763115
-1.3108819761389563,0.25559358738949306,-1.566475563528449,-13.347238789324301,24.56562499999999,-209.16298361190098,-0.5910964613346044,-0.015249131063180587,6692.300671922128
-1.353862569773825,0.18444425785051669,-1.5383068276243423,-13.38169805959486,24.57187499999999,-209.22216813297507,-0.5925939601469679,-0.014974988123635274,6650.014834921034
-1.212435348906947,0.28269060502879734,-1.4951259539357453,-13.415528036648105,24.578124999999993,-209.28150030254972,-0.5940494313458881,-0.01455471198920246,6609.869301026876
-1.1225625230288854,0.3231867752724691,-1.4457492983013538,-13.44839857394882,24.584374999999994,-209.34097561630685,-0.5954568437966673,-0.014074124507792872,6572.222208188601
-1.2628104364034447,0.1586855517146435,-1.421495988118089,-13.48017386123426,24.590624999999996,-209.40059049124343,-0.5968406549347554,-0.013838111380880954,6536.687336082154
-1.3293015584380918,0.07996574170115354,-1.4092673001392457,-13.51140833369388,24.596874999999997,-209.4603431525399,-0.5982125709944355,-0.013719160596801568,6503.168519023301
-1.1989531353297103,0.18242590810975617,-1.3813790434394666,-13.54236777608325,24.60312499999997,-209.52023164847506,-0.5995573477085577,-0.013447767141222651,6471.596751616547
-1.1691874115631407,0.18405250789890681,-1.3532399194620472,-13.572707882741733,24.60937499999997,-209.58025325290544,-0.6008747408988272,-0.013173931902694487,6441.890153751614
-1.1124151631062162,0.20888856200357994,-1.321303725109797,-13.602423939371176,24.615624999999973,-209.64040504264952,-0.6021610539825586,-0.012863130837314121,6413.85401725409
-1.4771064073518567,-0.13515653198939648,-1.34194987536246,-13.631433085246941,24.621874999999974,-209.70068646919924,-0.6034674770119888,-0.013064230294301524,6387.406249649488
-2.2615428976039245,-0.7976824108556617,-1.463860486748262,-13.660894950651647,24.628124999999976,-209.76110447279493,-0.604892594901828,-0.014251178898391986,6362.829455819075
-2.4686354478715056,-0.871564606592693,-1.5970708412788128,-13.69304200706219,24.634374999999977,-209.82167147306592,-0.6064474105181902,-0.015548156163621383,6340.575497563214
2.278708057694925,3.3618701795615715,-1.0831621218666467,-13.728124049736078,24.64062499999998,-209.88236893975116,-0.6075019231864041,-0.010545126682138764,6318.267820939059
0.12069071469840306,1.0442223910477153,-0.9235316763493114,-13.751880601498732,24.64687499999998,-209.94316408766483,-0.6084010350871378,-0.008991119007338072,6296.327644540047
-1.9537562453517279,-0.8936322673498691,-1.0601239780018583,-13.772120105483838,24.65312499999998,-210.00405579622205,-0.6094331360572989,-0.010321009701609917,6273.860718393599
-1.4292359469956122,-0.32017259840362683,-1.1090633485919867,-13.795371482758817,24.659374999999983,-210.06505309760013,-0.6105128915042551,-0.010797554469562777,6252.89890758385
-0.7069117979563909,0.34880530772116813,-1.055717105677559,-13.81970370469468,24.665624999999984,-210.12615577810405,-0.6115407185740114,-0.01027827069756201,6233.508912476688
-0.7505077434704466,0.2647141369225683,-1.0152218803930158,-13.84286324647167,24.671874999999986,-210.1873592704245,-0.6125291278350096,-0.009884092609982301,6214.9923545996635
-1.476341548752258,-0.3999454139395866,-1.0763961348126705,-13.865133946083647,24.678124999999987,-210.2486645819905,-0.613577103484941,-0.010479756499314123,6197.224202192681
-1.367058373124552,-0.2520984987173322,-1.114959874407219,-13.88875698147064,24.68437499999999,-210.310076568784,-0.6146626323848098,-0.010855288998688206,6180.428475067045
-0.8593386487731637,0.2216897635299992,-1.0810284123031622,-13.913234579391542,24.69062499999999,-210.3715954570339,-0.6157151326128003,-0.010525002279905188,6164.644720355298
-0.6717809832957398,0.35492176211480364,-1.026702745410544,-13.936969558583284,24.69687499999999,-210.43321695102458,-0.6167147472006514,-0.00999614587851117,6149.439247792546
-0.760484504603895,0.23087417670285407,-0.9913586813067491,-13.959512899906963,24.703124999999964,-210.49493668618425,-0.6176799559928062,-0.009652087921548362,6134.537931741105
-0.824199230542112,0.1449635798103696,-0.9691628103524814,-13.981283297674173,24.709374999999966,-210.55675186196464,-0.6186235596150303,-0.00943603622224102,6119.972686572569
-0.7917361611369682,0.15386676329659377,-0.945602924433562,-14.002570828292484,24.715624999999967,-210.61866025141325,-0.6195442293569194,-0.009206697418891147,6105.799183702585
-0.7323571679667747,0.18492960691436014,-0.9172867748811353,-14.023345685059734,24.72187499999997,-210.68065932956537,-0.6204373336857409,-0.008931043288215023,6091.917970351335
-0.7449162008302532,0.14948118974755778,-0.89439739057781,-14.043503240791283,24.72812499999997,-210.74274660403205,-0.6213081556479411,-0.008708219622000767,6078.148410143564
-0.7271865746934103,0.14500668323059324,-0.8721932579240042,-14.06316322032975,24.73437499999997,-210.80491987990607,-0.6221573618324826,-0.00849206184541536,6064.479958945064
-0.6727664190157523,0.17294578937137442,-0.8457122083871259,-14.082340789862359,24.740624999999973,-210.86717678737077,-0.6229807874617549,-0.008234256292722677,6050.891005008067
-0.6434185202996873,0.1754329871356279,-0.8188515074353147,-14.100941693771059,24.746874999999974,-210.92951472986044,-0.6237780623316976,-0.007972748699427832,6037.448702257671
-0.6343558842136195,0.15999932201882178,-0.7943552062324419,-14.118957500111772,24.753124999999976,-210.99193120737854,-0.6245514880303062,-0.007734256986086411,6024.0869096196
-0.6787316750959452,0.10027232726906975,-0.7790040023650148,-14.136440185876989,24.759374999999977,-211.05442428019282,-0.6253099682554172,-0.0075848022511097275,6010.766573117758
-0.6597955713643777,0.10338276544710773,-0.7631783368114863,-14.153591097991402,24.76562499999998,-211.1169924306381,-0.6260530406503496,-0.007430723949324368,5997.448423617681
-0.5805651423930503,0.15837303283821688,-0.738938175231267,-14.170399522547324,24.77187499999998,-211.17963370827223,-0.6267725120324,-0.007194713820503661,5984.053327065018
-0.5655047801556835,0.1504144504840034,-0.7159192306396868,-14.18667970014161,24.77812499999998,-211.24234581242976,-0.6274695711182661,-0.006970590858660814,5969.883756060144
-0.3781718725622953,0.29292578288617915,-0.6710976554484747,-14.202458165820833,24.784374999999983,-211.30512544045396,-0.6281229893658408,-0.006534182475747526,5955.828851282127
-0.5061508513260295,0.14306042175495845,-0.6492112730809874,-14.217253993383707,24.790624999999984,-211.36796934479915,-0.6287550975379891,-0.006321081721483434,5940.900543642648
-0.3742826856684754,0.23845471528098414,-0.6127374009494599,-14.231572145270286,24.796874999999986,-211.4308746842897,-0.6293516922730262,-0.005965947350371411,5926.2091727483385
-0.4282161009107088,0.16004598455063626,-0.5882620854613454,-14.245090602301218,24.80312499999996,-211.4938384916985,-0.6299244559028648,-0.005727636298385574,5911.541886530418
-1.0299968964810216,-0.38315132116253775,-0.6468455753184834,-14.258073211518449,24.80937499999996,-211.5568624274317,-0.630554258760547,-0.006298028576822696,5897.101258548159
-0.5830877476645107,0.055304865846727405,-0.6383926135112383,-14.272349827594255,24.81562499999996,-211.61994893189186,-0.631175830442807,-0.00621571682260002,5882.923902135095
0.05119160199958529,0.5981721471218016,-0.5469805451222156,-14.286442444620883,24.821874999999963,-211.68309314330315,-0.631708397783252,-0.005325673404450278,5868.830919324001
-0.18291762665369277,0.3158143850081,-0.49873201166179293,-14.298522128961004,24.828124999999964,-211.74628826254764,-0.6321939871065089,-0.004855893232567833,5854.288894545193
-0.38462444160489606,0.0989895818109571,-0.48361402341585313,-14.309539460775792,24.834374999999966,-211.80953120470159,-0.6326648559727251,-0.004708688662162876,5839.42298721367
-0.34465994878497797,0.12054912060376742,-0.4652090693887451,-14.32022392250682,24.840624999999967,-211.8728203377048,-0.6331178040914851,-0.004529481187599191,5824.480343280971
-1.2190901356486132,-0.6540513986876346,-0.5650387369609788,-14.330502448523772,24.84687499999997,-211.9361596253986,-0.6336679497846064,-0.005501456931213122,5810.766159585102
-0.6381113197699166,-0.06339847477515588,-0.5747128449947607,-14.342980148481947,24.85312499999997,-211.99955439856856,-0.6342275136145521,-0.0055956382994566635,5796.684920333388
0.6558437975629279,1.0677119944391429,-0.4118681968762147,-14.355669661193783,24.85937499999997,-212.06299720047915,-0.6346285245968204,-0.004010109822683291,5782.77994683025
0.14549356681863257,0.4836296724867474,-0.3381361056681146,-14.364768597358578,24.865624999999973,-212.12647651404026,-0.6349577466254182,-0.003292220285977491,5768.109454821332
-0.33485486880248594,0.0028477362102106796,-0.33770260501269667,-14.3722406181918,24.871874999999974,-212.1899887286776,-0.6352865461215212,-0.0032879949610307687,5752.88568688429
-0.30820749354205434,0.02559654782435121,-0.33380404136640535,-14.379701090518578,24.878124999999976,-212.25353363345496,-0.6356115494254375,-0.0032500330391628915,5737.64657459145
-0.18162527343781035,0.1320708591756899,-0.31369613261350054,-14.387073930038518,24.884374999999977,-212.3171100596571,-0.6359169746172,-0.0030542519176248064,5722.522435241734
-0.22565637379965783,0.07641179090533454,-0.3020681647049923,-14.394002558997157,24.89062499999998,-212.38071646229355,-0.6362110781119573,-0.002941034947573544,5707.48834689547
-1.3472289398706956,-0.9071773452651656,-0.4400515946055302,-14.400674982570258,24.89687499999998,-212.44435899251675,-0.636639526352253,-0.004284482402956478,5693.513135879658
-0.6837952637691174,-0.21157889032997587,-0.47221637343914147,-14.41039010357117,24.903124999999974,-212.50804593336923,-0.6370992906972842,-0.00459764345031232,5680.018697388445
0.19553411761708867,0.5796778580806272,-0.3841437404635383,-14.420818378017684,24.909374999999976,-212.57177456311754,-0.6374733042686622,-0.003740135713780351,5667.321282100058
-0.42616312050749716,-0.036479362218484614,-0.38968375828901264,-14.429313481425783,24.915624999999977,-212.63554086388066,-0.6378527109938766,-0.0037940672521443114,5654.755891416517
-1.0326852120016428,-0.5582799702387466,-0.474405241762896,-14.437943214209499,24.92187499999998,-212.6993492296067,-0.638314603526684,-0.004618925328073247,5642.754730902734
-1.2638451628835976,-0.6854815582515406,-0.5783636046320573,-14.448458922508351,24.92812499999998,-212.76320884528786,-0.6388777100969113,-0.005631065702272514,5632.03210166308
-1.5332702756935606,-0.8292317910921801,-0.7040384846013796,-14.46129287476446,24.93437499999998,-212.82713088939883,-0.6395631721225125,-0.006854620256011852,5623.065453699273
-2.0324924030538547,-1.1537243169827163,-0.8787680860711389,-14.476934494809514,24.940624999999983,-212.89112998530345,-0.6404187459700404,-0.008555738475280133,5616.349025700794
-2.6939841564659712,-1.5766185461106683,-1.1173656103553014,-14.496478840892962,24.946874999999984,-212.95522625292404,-0.6415066064417712,-0.010878604717306561,5612.617573602757
-3.532726384503947,-2.098096908771648,-1.4346294757322984,-14.52135137950612,24.953124999999986,-213.0194467497101,-0.6429033292797619,-0.013967228379907977,5612.866745687123
-4.614237951638431,-2.7622648646697847,-1.851973086968646,-14.55330862656246,24.959374999999987,-213.0838272324857,-0.6447063262318682,-0.01802996952106241,5618.451185897559
-6.0353237261861015,-3.634691431049186,-2.400632295136915,-14.594585153731451,24.96562499999999,-213.14841471873982,-0.64704339885046,-0.023370726185918463,5631.230464366575
-7.885678730303252,-4.766277508877888,-3.119401221425366,-14.648111463208297,24.97187499999999,-213.21327089275405,-0.6500800814345516,-0.03036682584091617,5653.820624763794
-10.271211063088433,-6.215494695608357,-4.055716367480079,-14.717682304636906,24.97812499999999,-213.27847629828523,-0.6540280291891044,-0.03947947754552794,5690.116499540813
-13.496275081387687,-8.205868219184417,-5.290406862203271,-14.808149158385323,24.984374999999993,-213.34413657381918,-0.6591774814900798,-0.05149452300975382,5745.30762898562
-17.521025424728997,-10.63285278322623,-6.888172641502762,-14.926157820123413,24.990624999999994,-213.41038952253732,-0.6658814928725018,-0.06704011382421932,5827.432211004248
-23.417881463480168,-14.373145349601899,-9.044736113878267,-15.079796558975767,24.996874999999996,-213.47741776410714,-0.6746833385240163,-0.08801845651514555,5949.3919066454455
